2025-12-28 00:15:06 | WARNING  | app.main             | <module>             | ✗ Failed to load main routes: No module named 'app.api.routes'
2025-12-28 00:15:06 | WARNING  | app.main             | <module>             | ✗ Failed to load optimizer routes: No module named 'app.api.optimizer_routes'
2025-12-28 00:15:06 | INFO     | app.main             | <module>             | ✔ Loaded: data routes
2025-12-28 00:15:06 | INFO     | app.main             | <module>             | ✔ Loaded: indicator routes
2025-12-28 00:15:06 | INFO     | app.main             | <module>             | ✔ Loaded: TRG preset routes
2025-12-28 00:15:06 | INFO     | app.main             | <module>             | ✔ Loaded: Dominant preset routes (/api/presets/*)
2025-12-28 00:15:06 | INFO     | app.main             | <module>             | ✔ Loaded: Signal score routes (/api/signal-score/*)
2025-12-28 00:15:06 | INFO     | app.main             | lifespan             | ============================================================
2025-12-28 00:15:06 | INFO     | app.main             | lifespan             | KOMAS TRADING SERVER v4.0 - STARTING
2025-12-28 00:15:06 | INFO     | app.main             | lifespan             | Log file: C:\Users\Administrator\Desktop\komass\backend\logs\komas_2025-12-28.log
2025-12-28 00:15:06 | INFO     | app.main             | lifespan             | Error log: C:\Users\Administrator\Desktop\komass\backend\logs\errors_2025-12-28.log
2025-12-28 00:15:06 | INFO     | app.main             | lifespan             | ============================================================
2025-12-28 00:15:11 | DEBUG    | app.main             | log_requests         | [0015111345] GET /api/indicator/cache-stats
2025-12-28 00:15:11 | INFO     | app.main             | log_requests         | [0015111345] ✔ GET /api/indicator/cache-stats - 200 (0ms)
2025-12-28 00:15:11 | DEBUG    | app.main             | log_requests         | [0015111424] GET /api/indicator/cache-stats
2025-12-28 00:15:11 | INFO     | app.main             | log_requests         | [0015111424] ✔ GET /api/indicator/cache-stats - 200 (2ms)
2025-12-28 00:15:17 | DEBUG    | app.main             | log_requests         | [0015177879] GET /api/signals/sse/stream
2025-12-28 00:15:17 | INFO     | app.main             | log_requests         | [0015177879] ✗ GET /api/signals/sse/stream - 404 (1ms)
2025-12-28 00:15:22 | DEBUG    | app.main             | log_requests         | [0015227986] GET /api/signals/sse/stream
2025-12-28 00:15:22 | INFO     | app.main             | log_requests         | [0015227986] ✗ GET /api/signals/sse/stream - 404 (3ms)
2025-12-28 00:15:22 | DEBUG    | app.main             | log_requests         | [0015228319] GET /api/bots/
2025-12-28 00:15:22 | DEBUG    | app.main             | log_requests         | [0015228324] GET /api/settings/presets
2025-12-28 00:15:22 | INFO     | app.main             | log_requests         | [0015228319] ✗ GET /api/bots/ - 404 (1ms)
2025-12-28 00:15:22 | INFO     | app.main             | log_requests         | [0015228324] ✗ GET /api/settings/presets - 404 (0ms)
2025-12-28 00:15:22 | DEBUG    | app.main             | log_requests         | [0015228345] GET /api/bots/
2025-12-28 00:15:22 | DEBUG    | app.main             | log_requests         | [0015228356] GET /api/settings/presets
2025-12-28 00:15:22 | INFO     | app.main             | log_requests         | [0015228345] ✗ GET /api/bots/ - 404 (1ms)
2025-12-28 00:15:22 | INFO     | app.main             | log_requests         | [0015228356] ✗ GET /api/settings/presets - 404 (1ms)
2025-12-28 00:15:27 | DEBUG    | app.main             | log_requests         | [0015278102] GET /api/signals/sse/stream
2025-12-28 00:15:27 | INFO     | app.main             | log_requests         | [0015278102] ✗ GET /api/signals/sse/stream - 404 (1ms)
2025-12-28 00:15:33 | DEBUG    | app.main             | log_requests         | [0015331187] GET /api/signals/sse/stream
2025-12-28 00:15:33 | INFO     | app.main             | log_requests         | [0015331187] ✗ GET /api/signals/sse/stream - 404 (0ms)
2025-12-28 00:15:38 | DEBUG    | app.main             | log_requests         | [0015381294] GET /api/signals/sse/stream
2025-12-28 00:15:38 | INFO     | app.main             | log_requests         | [0015381294] ✗ GET /api/signals/sse/stream - 404 (1ms)
2025-12-28 00:15:43 | DEBUG    | app.main             | log_requests         | [0015434366] GET /api/signals/sse/stream
2025-12-28 00:15:43 | INFO     | app.main             | log_requests         | [0015434366] ✗ GET /api/signals/sse/stream - 404 (0ms)
2025-12-28 00:15:48 | DEBUG    | app.main             | log_requests         | [0015484442] GET /api/signals/sse/stream
2025-12-28 00:15:48 | INFO     | app.main             | log_requests         | [0015484442] ✗ GET /api/signals/sse/stream - 404 (1ms)
2025-12-28 00:15:53 | DEBUG    | app.main             | log_requests         | [0015537527] GET /api/signals/sse/stream
2025-12-28 00:15:53 | INFO     | app.main             | log_requests         | [0015537527] ✗ GET /api/signals/sse/stream - 404 (1ms)
2025-12-28 00:15:58 | DEBUG    | app.main             | log_requests         | [0015587610] GET /api/signals/sse/stream
2025-12-28 00:15:58 | INFO     | app.main             | log_requests         | [0015587610] ✗ GET /api/signals/sse/stream - 404 (0ms)
2025-12-28 00:16:04 | DEBUG    | app.main             | log_requests         | [0016040696] GET /api/signals/sse/stream
2025-12-28 00:16:04 | INFO     | app.main             | log_requests         | [0016040696] ✗ GET /api/signals/sse/stream - 404 (2ms)
2025-12-28 00:16:09 | DEBUG    | app.main             | log_requests         | [0016090789] GET /api/signals/sse/stream
2025-12-28 00:16:09 | INFO     | app.main             | log_requests         | [0016090789] ✗ GET /api/signals/sse/stream - 404 (0ms)
2025-12-28 00:16:14 | DEBUG    | app.main             | log_requests         | [0016143882] GET /api/signals/sse/stream
2025-12-28 00:16:14 | INFO     | app.main             | log_requests         | [0016143882] ✗ GET /api/signals/sse/stream - 404 (1ms)
2025-12-28 00:16:19 | DEBUG    | app.main             | log_requests         | [0016193960] GET /api/signals/sse/stream
2025-12-28 00:16:19 | INFO     | app.main             | log_requests         | [0016193960] ✗ GET /api/signals/sse/stream - 404 (1ms)
2025-12-28 00:16:24 | DEBUG    | app.main             | log_requests         | [0016247045] GET /api/signals/sse/stream
2025-12-28 00:16:24 | INFO     | app.main             | log_requests         | [0016247045] ✗ GET /api/signals/sse/stream - 404 (1ms)
2025-12-28 00:16:29 | DEBUG    | app.main             | log_requests         | [0016297132] GET /api/signals/sse/stream
2025-12-28 00:16:29 | INFO     | app.main             | log_requests         | [0016297132] ✗ GET /api/signals/sse/stream - 404 (1ms)
2025-12-28 00:16:35 | DEBUG    | app.main             | log_requests         | [0016350209] GET /api/signals/sse/stream
2025-12-28 00:16:35 | INFO     | app.main             | log_requests         | [0016350209] ✗ GET /api/signals/sse/stream - 404 (1ms)
2025-12-28 00:16:40 | DEBUG    | app.main             | log_requests         | [0016400297] GET /api/signals/sse/stream
2025-12-28 00:16:40 | INFO     | app.main             | log_requests         | [0016400297] ✗ GET /api/signals/sse/stream - 404 (0ms)
2025-12-28 00:16:45 | DEBUG    | app.main             | log_requests         | [0016453383] GET /api/signals/sse/stream
2025-12-28 00:16:45 | INFO     | app.main             | log_requests         | [0016453383] ✗ GET /api/signals/sse/stream - 404 (1ms)
2025-12-28 00:16:50 | DEBUG    | app.main             | log_requests         | [0016503447] GET /api/signals/sse/stream
2025-12-28 00:16:50 | INFO     | app.main             | log_requests         | [0016503447] ✗ GET /api/signals/sse/stream - 404 (1ms)
2025-12-28 00:16:55 | DEBUG    | app.main             | log_requests         | [0016556523] GET /api/signals/sse/stream
2025-12-28 00:16:55 | INFO     | app.main             | log_requests         | [0016556523] ✗ GET /api/signals/sse/stream - 404 (0ms)
2025-12-28 00:17:00 | DEBUG    | app.main             | log_requests         | [0017006596] GET /api/signals/sse/stream
2025-12-28 00:17:00 | INFO     | app.main             | log_requests         | [0017006596] ✗ GET /api/signals/sse/stream - 404 (0ms)
2025-12-28 00:17:05 | DEBUG    | app.main             | log_requests         | [0017059682] GET /api/signals/sse/stream
2025-12-28 00:17:05 | INFO     | app.main             | log_requests         | [0017059682] ✗ GET /api/signals/sse/stream - 404 (0ms)
2025-12-28 00:17:10 | DEBUG    | app.main             | log_requests         | [0017109758] GET /api/signals/sse/stream
2025-12-28 00:17:10 | INFO     | app.main             | log_requests         | [0017109758] ✗ GET /api/signals/sse/stream - 404 (1ms)
2025-12-28 00:17:16 | DEBUG    | app.main             | log_requests         | [0017167043] GET /api/signals/sse/stream
2025-12-28 00:17:16 | INFO     | app.main             | log_requests         | [0017167043] ✗ GET /api/signals/sse/stream - 404 (1ms)
2025-12-28 00:17:22 | DEBUG    | app.main             | log_requests         | [0017224029] GET /api/signals/sse/stream
2025-12-28 00:17:22 | INFO     | app.main             | log_requests         | [0017224029] ✗ GET /api/signals/sse/stream - 404 (1ms)
2025-12-28 00:17:28 | DEBUG    | app.main             | log_requests         | [0017287038] GET /api/signals/sse/stream
2025-12-28 00:17:28 | INFO     | app.main             | log_requests         | [0017287038] ✗ GET /api/signals/sse/stream - 404 (1ms)
2025-12-28 00:17:34 | DEBUG    | app.main             | log_requests         | [0017344025] GET /api/signals/sse/stream
2025-12-28 00:17:34 | INFO     | app.main             | log_requests         | [0017344025] ✗ GET /api/signals/sse/stream - 404 (1ms)
2025-12-28 00:17:40 | DEBUG    | app.main             | log_requests         | [0017407044] GET /api/signals/sse/stream
2025-12-28 00:17:40 | INFO     | app.main             | log_requests         | [0017407044] ✗ GET /api/signals/sse/stream - 404 (0ms)
2025-12-28 00:17:46 | DEBUG    | app.main             | log_requests         | [0017464032] GET /api/signals/sse/stream
2025-12-28 00:17:46 | INFO     | app.main             | log_requests         | [0017464032] ✗ GET /api/signals/sse/stream - 404 (0ms)
2025-12-28 00:17:52 | DEBUG    | app.main             | log_requests         | [0017527048] GET /api/signals/sse/stream
2025-12-28 00:17:52 | INFO     | app.main             | log_requests         | [0017527048] ✗ GET /api/signals/sse/stream - 404 (0ms)
2025-12-28 00:17:58 | DEBUG    | app.main             | log_requests         | [0017584016] GET /api/signals/sse/stream
2025-12-28 00:17:58 | INFO     | app.main             | log_requests         | [0017584016] ✗ GET /api/signals/sse/stream - 404 (0ms)
2025-12-28 00:18:04 | DEBUG    | app.main             | log_requests         | [0018047056] GET /api/signals/sse/stream
2025-12-28 00:18:04 | INFO     | app.main             | log_requests         | [0018047056] ✗ GET /api/signals/sse/stream - 404 (1ms)
2025-12-28 00:18:10 | DEBUG    | app.main             | log_requests         | [0018104019] GET /api/signals/sse/stream
2025-12-28 00:18:10 | INFO     | app.main             | log_requests         | [0018104019] ✗ GET /api/signals/sse/stream - 404 (1ms)
2025-12-28 00:18:16 | DEBUG    | app.main             | log_requests         | [0018167018] GET /api/signals/sse/stream
2025-12-28 00:18:16 | INFO     | app.main             | log_requests         | [0018167018] ✗ GET /api/signals/sse/stream - 404 (1ms)
2025-12-28 00:18:22 | DEBUG    | app.main             | log_requests         | [0018224029] GET /api/signals/sse/stream
2025-12-28 00:18:22 | INFO     | app.main             | log_requests         | [0018224029] ✗ GET /api/signals/sse/stream - 404 (0ms)
2025-12-28 00:18:28 | DEBUG    | app.main             | log_requests         | [0018287038] GET /api/signals/sse/stream
2025-12-28 00:18:28 | INFO     | app.main             | log_requests         | [0018287038] ✗ GET /api/signals/sse/stream - 404 (1ms)
2025-12-28 00:18:34 | DEBUG    | app.main             | log_requests         | [0018344044] GET /api/signals/sse/stream
2025-12-28 00:18:34 | INFO     | app.main             | log_requests         | [0018344044] ✗ GET /api/signals/sse/stream - 404 (0ms)
2025-12-28 00:18:40 | DEBUG    | app.main             | log_requests         | [0018407056] GET /api/signals/sse/stream
2025-12-28 00:18:40 | INFO     | app.main             | log_requests         | [0018407056] ✗ GET /api/signals/sse/stream - 404 (1ms)
2025-12-28 00:18:46 | DEBUG    | app.main             | log_requests         | [0018464025] GET /api/signals/sse/stream
2025-12-28 00:18:46 | INFO     | app.main             | log_requests         | [0018464025] ✗ GET /api/signals/sse/stream - 404 (1ms)
2025-12-28 00:18:52 | DEBUG    | app.main             | log_requests         | [0018527029] GET /api/signals/sse/stream
2025-12-28 00:18:52 | INFO     | app.main             | log_requests         | [0018527029] ✗ GET /api/signals/sse/stream - 404 (1ms)
2025-12-28 00:18:58 | DEBUG    | app.main             | log_requests         | [0018584027] GET /api/signals/sse/stream
2025-12-28 00:18:58 | INFO     | app.main             | log_requests         | [0018584027] ✗ GET /api/signals/sse/stream - 404 (1ms)
2025-12-28 00:19:04 | DEBUG    | app.main             | log_requests         | [0019047053] GET /api/signals/sse/stream
2025-12-28 00:19:04 | INFO     | app.main             | log_requests         | [0019047053] ✗ GET /api/signals/sse/stream - 404 (2ms)
2025-12-28 00:19:10 | DEBUG    | app.main             | log_requests         | [0019104029] GET /api/signals/sse/stream
2025-12-28 00:19:10 | INFO     | app.main             | log_requests         | [0019104029] ✗ GET /api/signals/sse/stream - 404 (1ms)
2025-12-28 00:19:16 | DEBUG    | app.main             | log_requests         | [0019167049] GET /api/signals/sse/stream
2025-12-28 00:19:16 | INFO     | app.main             | log_requests         | [0019167049] ✗ GET /api/signals/sse/stream - 404 (1ms)
2025-12-28 00:19:22 | DEBUG    | app.main             | log_requests         | [0019224029] GET /api/signals/sse/stream
2025-12-28 00:19:22 | INFO     | app.main             | log_requests         | [0019224029] ✗ GET /api/signals/sse/stream - 404 (0ms)
2025-12-28 00:19:28 | DEBUG    | app.main             | log_requests         | [0019287045] GET /api/signals/sse/stream
2025-12-28 00:19:28 | INFO     | app.main             | log_requests         | [0019287045] ✗ GET /api/signals/sse/stream - 404 (1ms)
2025-12-28 00:19:34 | DEBUG    | app.main             | log_requests         | [0019344039] GET /api/signals/sse/stream
2025-12-28 00:19:34 | INFO     | app.main             | log_requests         | [0019344039] ✗ GET /api/signals/sse/stream - 404 (0ms)
2025-12-28 00:19:40 | DEBUG    | app.main             | log_requests         | [0019407044] GET /api/signals/sse/stream
2025-12-28 00:19:40 | INFO     | app.main             | log_requests         | [0019407044] ✗ GET /api/signals/sse/stream - 404 (1ms)
2025-12-28 00:19:46 | DEBUG    | app.main             | log_requests         | [0019464033] GET /api/signals/sse/stream
2025-12-28 00:19:46 | INFO     | app.main             | log_requests         | [0019464033] ✗ GET /api/signals/sse/stream - 404 (0ms)
2025-12-28 00:19:52 | DEBUG    | app.main             | log_requests         | [0019527047] GET /api/signals/sse/stream
2025-12-28 00:19:52 | INFO     | app.main             | log_requests         | [0019527047] ✗ GET /api/signals/sse/stream - 404 (1ms)
2025-12-28 00:19:58 | DEBUG    | app.main             | log_requests         | [0019584036] GET /api/signals/sse/stream
2025-12-28 00:19:58 | INFO     | app.main             | log_requests         | [0019584036] ✗ GET /api/signals/sse/stream - 404 (0ms)
2025-12-28 00:20:04 | DEBUG    | app.main             | log_requests         | [0020047041] GET /api/signals/sse/stream
2025-12-28 00:20:04 | INFO     | app.main             | log_requests         | [0020047041] ✗ GET /api/signals/sse/stream - 404 (0ms)
2025-12-28 00:20:10 | DEBUG    | app.main             | log_requests         | [0020104030] GET /api/signals/sse/stream
2025-12-28 00:20:10 | INFO     | app.main             | log_requests         | [0020104030] ✗ GET /api/signals/sse/stream - 404 (1ms)
2025-12-28 00:20:16 | DEBUG    | app.main             | log_requests         | [0020167041] GET /api/signals/sse/stream
2025-12-28 00:20:16 | INFO     | app.main             | log_requests         | [0020167041] ✗ GET /api/signals/sse/stream - 404 (0ms)
2025-12-28 00:20:22 | DEBUG    | app.main             | log_requests         | [0020224025] GET /api/signals/sse/stream
2025-12-28 00:20:22 | INFO     | app.main             | log_requests         | [0020224025] ✗ GET /api/signals/sse/stream - 404 (1ms)
2025-12-28 00:20:28 | DEBUG    | app.main             | log_requests         | [0020287047] GET /api/signals/sse/stream
2025-12-28 00:20:28 | INFO     | app.main             | log_requests         | [0020287047] ✗ GET /api/signals/sse/stream - 404 (0ms)
2025-12-28 00:20:34 | DEBUG    | app.main             | log_requests         | [0020344051] GET /api/signals/sse/stream
2025-12-28 00:20:34 | INFO     | app.main             | log_requests         | [0020344051] ✗ GET /api/signals/sse/stream - 404 (1ms)
2025-12-28 00:20:40 | DEBUG    | app.main             | log_requests         | [0020407042] GET /api/signals/sse/stream
2025-12-28 00:20:40 | INFO     | app.main             | log_requests         | [0020407042] ✗ GET /api/signals/sse/stream - 404 (1ms)
2025-12-28 00:20:46 | DEBUG    | app.main             | log_requests         | [0020464036] GET /api/signals/sse/stream
2025-12-28 00:20:46 | INFO     | app.main             | log_requests         | [0020464036] ✗ GET /api/signals/sse/stream - 404 (0ms)
2025-12-28 00:20:52 | DEBUG    | app.main             | log_requests         | [0020527034] GET /api/signals/sse/stream
2025-12-28 00:20:52 | INFO     | app.main             | log_requests         | [0020527034] ✗ GET /api/signals/sse/stream - 404 (1ms)
2025-12-28 00:20:58 | DEBUG    | app.main             | log_requests         | [0020584026] GET /api/signals/sse/stream
2025-12-28 00:20:58 | INFO     | app.main             | log_requests         | [0020584026] ✗ GET /api/signals/sse/stream - 404 (1ms)
2025-12-28 00:21:04 | DEBUG    | app.main             | log_requests         | [0021047033] GET /api/signals/sse/stream
2025-12-28 00:21:04 | INFO     | app.main             | log_requests         | [0021047033] ✗ GET /api/signals/sse/stream - 404 (0ms)
2025-12-28 00:21:10 | DEBUG    | app.main             | log_requests         | [0021104033] GET /api/signals/sse/stream
2025-12-28 00:21:10 | INFO     | app.main             | log_requests         | [0021104033] ✗ GET /api/signals/sse/stream - 404 (0ms)
2025-12-28 00:21:16 | DEBUG    | app.main             | log_requests         | [0021167047] GET /api/signals/sse/stream
2025-12-28 00:21:16 | INFO     | app.main             | log_requests         | [0021167047] ✗ GET /api/signals/sse/stream - 404 (0ms)
2025-12-28 00:21:22 | DEBUG    | app.main             | log_requests         | [0021224037] GET /api/signals/sse/stream
2025-12-28 00:21:22 | INFO     | app.main             | log_requests         | [0021224037] ✗ GET /api/signals/sse/stream - 404 (0ms)
2025-12-28 00:21:28 | DEBUG    | app.main             | log_requests         | [0021287054] GET /api/signals/sse/stream
2025-12-28 00:21:28 | INFO     | app.main             | log_requests         | [0021287054] ✗ GET /api/signals/sse/stream - 404 (1ms)
2025-12-28 00:21:34 | DEBUG    | app.main             | log_requests         | [0021344027] GET /api/signals/sse/stream
2025-12-28 00:21:34 | INFO     | app.main             | log_requests         | [0021344027] ✗ GET /api/signals/sse/stream - 404 (1ms)
2025-12-28 00:21:40 | DEBUG    | app.main             | log_requests         | [0021407038] GET /api/signals/sse/stream
2025-12-28 00:21:40 | INFO     | app.main             | log_requests         | [0021407038] ✗ GET /api/signals/sse/stream - 404 (1ms)
2025-12-28 00:21:46 | DEBUG    | app.main             | log_requests         | [0021464032] GET /api/signals/sse/stream
2025-12-28 00:21:46 | INFO     | app.main             | log_requests         | [0021464032] ✗ GET /api/signals/sse/stream - 404 (0ms)
2025-12-28 00:21:52 | DEBUG    | app.main             | log_requests         | [0021527037] GET /api/signals/sse/stream
2025-12-28 00:21:52 | INFO     | app.main             | log_requests         | [0021527037] ✗ GET /api/signals/sse/stream - 404 (1ms)
2025-12-28 00:21:58 | DEBUG    | app.main             | log_requests         | [0021584020] GET /api/signals/sse/stream
2025-12-28 00:21:58 | INFO     | app.main             | log_requests         | [0021584020] ✗ GET /api/signals/sse/stream - 404 (0ms)
2025-12-28 00:22:04 | DEBUG    | app.main             | log_requests         | [0022047025] GET /api/signals/sse/stream
2025-12-28 00:22:04 | INFO     | app.main             | log_requests         | [0022047025] ✗ GET /api/signals/sse/stream - 404 (1ms)
2025-12-28 00:22:10 | DEBUG    | app.main             | log_requests         | [0022104027] GET /api/signals/sse/stream
2025-12-28 00:22:10 | INFO     | app.main             | log_requests         | [0022104027] ✗ GET /api/signals/sse/stream - 404 (1ms)
2025-12-28 00:22:16 | DEBUG    | app.main             | log_requests         | [0022167036] GET /api/signals/sse/stream
2025-12-28 00:22:16 | INFO     | app.main             | log_requests         | [0022167036] ✗ GET /api/signals/sse/stream - 404 (1ms)
2025-12-28 00:22:22 | DEBUG    | app.main             | log_requests         | [0022224027] GET /api/signals/sse/stream
2025-12-28 00:22:22 | INFO     | app.main             | log_requests         | [0022224027] ✗ GET /api/signals/sse/stream - 404 (0ms)
2025-12-28 00:22:28 | DEBUG    | app.main             | log_requests         | [0022287021] GET /api/signals/sse/stream
2025-12-28 00:22:28 | INFO     | app.main             | log_requests         | [0022287021] ✗ GET /api/signals/sse/stream - 404 (0ms)
2025-12-28 00:22:34 | DEBUG    | app.main             | log_requests         | [0022344015] GET /api/signals/sse/stream
2025-12-28 00:22:34 | INFO     | app.main             | log_requests         | [0022344015] ✗ GET /api/signals/sse/stream - 404 (0ms)
2025-12-28 00:22:40 | DEBUG    | app.main             | log_requests         | [0022407045] GET /api/signals/sse/stream
2025-12-28 00:22:40 | INFO     | app.main             | log_requests         | [0022407045] ✗ GET /api/signals/sse/stream - 404 (0ms)
2025-12-28 00:22:46 | DEBUG    | app.main             | log_requests         | [0022464030] GET /api/signals/sse/stream
2025-12-28 00:22:46 | INFO     | app.main             | log_requests         | [0022464030] ✗ GET /api/signals/sse/stream - 404 (1ms)
2025-12-28 00:22:52 | DEBUG    | app.main             | log_requests         | [0022527034] GET /api/signals/sse/stream
2025-12-28 00:22:52 | INFO     | app.main             | log_requests         | [0022527034] ✗ GET /api/signals/sse/stream - 404 (1ms)
2025-12-28 00:22:58 | DEBUG    | app.main             | log_requests         | [0022584046] GET /api/signals/sse/stream
2025-12-28 00:22:58 | INFO     | app.main             | log_requests         | [0022584046] ✗ GET /api/signals/sse/stream - 404 (1ms)
2025-12-28 00:23:04 | DEBUG    | app.main             | log_requests         | [0023047032] GET /api/signals/sse/stream
2025-12-28 00:23:04 | INFO     | app.main             | log_requests         | [0023047032] ✗ GET /api/signals/sse/stream - 404 (0ms)
2025-12-28 00:23:10 | DEBUG    | app.main             | log_requests         | [0023104026] GET /api/signals/sse/stream
2025-12-28 00:23:10 | INFO     | app.main             | log_requests         | [0023104026] ✗ GET /api/signals/sse/stream - 404 (0ms)
2025-12-28 00:23:16 | DEBUG    | app.main             | log_requests         | [0023167024] GET /api/signals/sse/stream
2025-12-28 00:23:16 | INFO     | app.main             | log_requests         | [0023167024] ✗ GET /api/signals/sse/stream - 404 (0ms)
2025-12-28 00:23:22 | DEBUG    | app.main             | log_requests         | [0023224019] GET /api/signals/sse/stream
2025-12-28 00:23:22 | INFO     | app.main             | log_requests         | [0023224019] ✗ GET /api/signals/sse/stream - 404 (0ms)
2025-12-28 00:23:28 | DEBUG    | app.main             | log_requests         | [0023287040] GET /api/signals/sse/stream
2025-12-28 00:23:28 | INFO     | app.main             | log_requests         | [0023287040] ✗ GET /api/signals/sse/stream - 404 (1ms)
2025-12-28 00:23:34 | DEBUG    | app.main             | log_requests         | [0023344033] GET /api/signals/sse/stream
2025-12-28 00:23:34 | INFO     | app.main             | log_requests         | [0023344033] ✗ GET /api/signals/sse/stream - 404 (1ms)
2025-12-28 00:23:40 | DEBUG    | app.main             | log_requests         | [0023407036] GET /api/signals/sse/stream
2025-12-28 00:23:40 | INFO     | app.main             | log_requests         | [0023407036] ✗ GET /api/signals/sse/stream - 404 (0ms)
2025-12-28 00:23:46 | DEBUG    | app.main             | log_requests         | [0023464027] GET /api/signals/sse/stream
2025-12-28 00:23:46 | INFO     | app.main             | log_requests         | [0023464027] ✗ GET /api/signals/sse/stream - 404 (1ms)
2025-12-28 00:23:52 | DEBUG    | app.main             | log_requests         | [0023527032] GET /api/signals/sse/stream
2025-12-28 00:23:52 | INFO     | app.main             | log_requests         | [0023527032] ✗ GET /api/signals/sse/stream - 404 (1ms)
2025-12-28 00:23:58 | DEBUG    | app.main             | log_requests         | [0023584034] GET /api/signals/sse/stream
2025-12-28 00:23:58 | INFO     | app.main             | log_requests         | [0023584034] ✗ GET /api/signals/sse/stream - 404 (1ms)
2025-12-28 00:24:04 | DEBUG    | app.main             | log_requests         | [0024047039] GET /api/signals/sse/stream
2025-12-28 00:24:04 | INFO     | app.main             | log_requests         | [0024047039] ✗ GET /api/signals/sse/stream - 404 (0ms)
2025-12-28 00:24:10 | DEBUG    | app.main             | log_requests         | [0024104038] GET /api/signals/sse/stream
2025-12-28 00:24:10 | INFO     | app.main             | log_requests         | [0024104038] ✗ GET /api/signals/sse/stream - 404 (1ms)
2025-12-28 00:24:16 | DEBUG    | app.main             | log_requests         | [0024167041] GET /api/signals/sse/stream
2025-12-28 00:24:16 | INFO     | app.main             | log_requests         | [0024167041] ✗ GET /api/signals/sse/stream - 404 (1ms)
2025-12-28 00:24:22 | DEBUG    | app.main             | log_requests         | [0024224040] GET /api/signals/sse/stream
2025-12-28 00:24:22 | INFO     | app.main             | log_requests         | [0024224040] ✗ GET /api/signals/sse/stream - 404 (0ms)
2025-12-28 00:24:28 | DEBUG    | app.main             | log_requests         | [0024287043] GET /api/signals/sse/stream
2025-12-28 00:24:28 | INFO     | app.main             | log_requests         | [0024287043] ✗ GET /api/signals/sse/stream - 404 (1ms)
2025-12-28 00:24:34 | DEBUG    | app.main             | log_requests         | [0024344023] GET /api/signals/sse/stream
2025-12-28 00:24:34 | INFO     | app.main             | log_requests         | [0024344023] ✗ GET /api/signals/sse/stream - 404 (1ms)
2025-12-28 00:24:40 | DEBUG    | app.main             | log_requests         | [0024407049] GET /api/signals/sse/stream
2025-12-28 00:24:40 | INFO     | app.main             | log_requests         | [0024407049] ✗ GET /api/signals/sse/stream - 404 (1ms)
2025-12-28 00:24:46 | DEBUG    | app.main             | log_requests         | [0024464046] GET /api/signals/sse/stream
2025-12-28 00:24:46 | INFO     | app.main             | log_requests         | [0024464046] ✗ GET /api/signals/sse/stream - 404 (1ms)
2025-12-28 00:24:52 | DEBUG    | app.main             | log_requests         | [0024527040] GET /api/signals/sse/stream
2025-12-28 00:24:52 | INFO     | app.main             | log_requests         | [0024527040] ✗ GET /api/signals/sse/stream - 404 (0ms)
2025-12-28 00:24:58 | DEBUG    | app.main             | log_requests         | [0024584026] GET /api/signals/sse/stream
2025-12-28 00:24:58 | INFO     | app.main             | log_requests         | [0024584026] ✗ GET /api/signals/sse/stream - 404 (0ms)
2025-12-28 00:25:04 | DEBUG    | app.main             | log_requests         | [0025047045] GET /api/signals/sse/stream
2025-12-28 00:25:04 | INFO     | app.main             | log_requests         | [0025047045] ✗ GET /api/signals/sse/stream - 404 (0ms)
2025-12-28 00:25:10 | DEBUG    | app.main             | log_requests         | [0025104035] GET /api/signals/sse/stream
2025-12-28 00:25:10 | INFO     | app.main             | log_requests         | [0025104035] ✗ GET /api/signals/sse/stream - 404 (1ms)
2025-12-28 00:25:16 | DEBUG    | app.main             | log_requests         | [0025167022] GET /api/signals/sse/stream
2025-12-28 00:25:16 | INFO     | app.main             | log_requests         | [0025167022] ✗ GET /api/signals/sse/stream - 404 (0ms)
2025-12-28 00:25:22 | DEBUG    | app.main             | log_requests         | [0025224032] GET /api/signals/sse/stream
2025-12-28 00:25:22 | INFO     | app.main             | log_requests         | [0025224032] ✗ GET /api/signals/sse/stream - 404 (1ms)
2025-12-28 00:25:28 | DEBUG    | app.main             | log_requests         | [0025287041] GET /api/signals/sse/stream
2025-12-28 00:25:28 | INFO     | app.main             | log_requests         | [0025287041] ✗ GET /api/signals/sse/stream - 404 (2ms)
2025-12-28 00:25:34 | DEBUG    | app.main             | log_requests         | [0025344022] GET /api/signals/sse/stream
2025-12-28 00:25:34 | INFO     | app.main             | log_requests         | [0025344022] ✗ GET /api/signals/sse/stream - 404 (2ms)
2025-12-28 00:25:40 | DEBUG    | app.main             | log_requests         | [0025407069] GET /api/signals/sse/stream
2025-12-28 00:25:40 | INFO     | app.main             | log_requests         | [0025407069] ✗ GET /api/signals/sse/stream - 404 (1ms)
2025-12-28 00:25:46 | DEBUG    | app.main             | log_requests         | [0025464029] GET /api/signals/sse/stream
2025-12-28 00:25:46 | INFO     | app.main             | log_requests         | [0025464029] ✗ GET /api/signals/sse/stream - 404 (0ms)
2025-12-28 00:25:52 | DEBUG    | app.main             | log_requests         | [0025527043] GET /api/signals/sse/stream
2025-12-28 00:25:52 | INFO     | app.main             | log_requests         | [0025527043] ✗ GET /api/signals/sse/stream - 404 (0ms)
2025-12-28 00:25:58 | DEBUG    | app.main             | log_requests         | [0025584044] GET /api/signals/sse/stream
2025-12-28 00:25:58 | INFO     | app.main             | log_requests         | [0025584044] ✗ GET /api/signals/sse/stream - 404 (1ms)
2025-12-28 00:26:04 | DEBUG    | app.main             | log_requests         | [0026047048] GET /api/signals/sse/stream
2025-12-28 00:26:04 | INFO     | app.main             | log_requests         | [0026047048] ✗ GET /api/signals/sse/stream - 404 (1ms)
2025-12-28 00:26:10 | DEBUG    | app.main             | log_requests         | [0026104022] GET /api/signals/sse/stream
2025-12-28 00:26:10 | INFO     | app.main             | log_requests         | [0026104022] ✗ GET /api/signals/sse/stream - 404 (1ms)
2025-12-28 00:26:16 | DEBUG    | app.main             | log_requests         | [0026167451] GET /api/signals/sse/stream
2025-12-28 00:26:16 | INFO     | app.main             | log_requests         | [0026167451] ✗ GET /api/signals/sse/stream - 404 (1ms)
2025-12-28 00:26:22 | DEBUG    | app.main             | log_requests         | [0026224035] GET /api/signals/sse/stream
2025-12-28 00:26:22 | INFO     | app.main             | log_requests         | [0026224035] ✗ GET /api/signals/sse/stream - 404 (1ms)
2025-12-28 00:26:28 | DEBUG    | app.main             | log_requests         | [0026287031] GET /api/signals/sse/stream
2025-12-28 00:26:28 | INFO     | app.main             | log_requests         | [0026287031] ✗ GET /api/signals/sse/stream - 404 (0ms)
2025-12-28 00:26:34 | DEBUG    | app.main             | log_requests         | [0026344027] GET /api/signals/sse/stream
2025-12-28 00:26:34 | INFO     | app.main             | log_requests         | [0026344027] ✗ GET /api/signals/sse/stream - 404 (0ms)
2025-12-28 00:26:40 | DEBUG    | app.main             | log_requests         | [0026407039] GET /api/signals/sse/stream
2025-12-28 00:26:40 | INFO     | app.main             | log_requests         | [0026407039] ✗ GET /api/signals/sse/stream - 404 (0ms)
2025-12-28 00:26:46 | DEBUG    | app.main             | log_requests         | [0026464027] GET /api/signals/sse/stream
2025-12-28 00:26:46 | INFO     | app.main             | log_requests         | [0026464027] ✗ GET /api/signals/sse/stream - 404 (0ms)
2025-12-28 00:26:52 | DEBUG    | app.main             | log_requests         | [0026527043] GET /api/signals/sse/stream
2025-12-28 00:26:52 | INFO     | app.main             | log_requests         | [0026527043] ✗ GET /api/signals/sse/stream - 404 (1ms)
2025-12-28 00:26:58 | DEBUG    | app.main             | log_requests         | [0026584028] GET /api/signals/sse/stream
2025-12-28 00:26:58 | INFO     | app.main             | log_requests         | [0026584028] ✗ GET /api/signals/sse/stream - 404 (1ms)
2025-12-28 00:27:04 | DEBUG    | app.main             | log_requests         | [0027047053] GET /api/signals/sse/stream
2025-12-28 00:27:04 | INFO     | app.main             | log_requests         | [0027047053] ✗ GET /api/signals/sse/stream - 404 (1ms)
2025-12-28 00:27:10 | DEBUG    | app.main             | log_requests         | [0027104035] GET /api/signals/sse/stream
2025-12-28 00:27:10 | INFO     | app.main             | log_requests         | [0027104035] ✗ GET /api/signals/sse/stream - 404 (1ms)
2025-12-28 00:27:16 | DEBUG    | app.main             | log_requests         | [0027167040] GET /api/signals/sse/stream
2025-12-28 00:27:16 | INFO     | app.main             | log_requests         | [0027167040] ✗ GET /api/signals/sse/stream - 404 (0ms)
2025-12-28 00:27:22 | DEBUG    | app.main             | log_requests         | [0027224031] GET /api/signals/sse/stream
2025-12-28 00:27:22 | INFO     | app.main             | log_requests         | [0027224031] ✗ GET /api/signals/sse/stream - 404 (0ms)
2025-12-28 00:27:28 | DEBUG    | app.main             | log_requests         | [0027287056] GET /api/signals/sse/stream
2025-12-28 00:27:28 | INFO     | app.main             | log_requests         | [0027287056] ✗ GET /api/signals/sse/stream - 404 (1ms)
2025-12-28 00:27:34 | DEBUG    | app.main             | log_requests         | [0027344042] GET /api/signals/sse/stream
2025-12-28 00:27:34 | INFO     | app.main             | log_requests         | [0027344042] ✗ GET /api/signals/sse/stream - 404 (1ms)
2025-12-28 00:27:40 | DEBUG    | app.main             | log_requests         | [0027407048] GET /api/signals/sse/stream
2025-12-28 00:27:40 | INFO     | app.main             | log_requests         | [0027407048] ✗ GET /api/signals/sse/stream - 404 (1ms)
2025-12-28 00:27:46 | DEBUG    | app.main             | log_requests         | [0027464025] GET /api/signals/sse/stream
2025-12-28 00:27:46 | INFO     | app.main             | log_requests         | [0027464025] ✗ GET /api/signals/sse/stream - 404 (0ms)
2025-12-28 00:27:52 | DEBUG    | app.main             | log_requests         | [0027527045] GET /api/signals/sse/stream
2025-12-28 00:27:52 | INFO     | app.main             | log_requests         | [0027527045] ✗ GET /api/signals/sse/stream - 404 (1ms)
2025-12-28 00:27:58 | DEBUG    | app.main             | log_requests         | [0027584035] GET /api/signals/sse/stream
2025-12-28 00:27:58 | INFO     | app.main             | log_requests         | [0027584035] ✗ GET /api/signals/sse/stream - 404 (0ms)
2025-12-28 00:28:04 | DEBUG    | app.main             | log_requests         | [0028047040] GET /api/signals/sse/stream
2025-12-28 00:28:04 | INFO     | app.main             | log_requests         | [0028047040] ✗ GET /api/signals/sse/stream - 404 (1ms)
2025-12-28 00:28:10 | DEBUG    | app.main             | log_requests         | [0028104029] GET /api/signals/sse/stream
2025-12-28 00:28:10 | INFO     | app.main             | log_requests         | [0028104029] ✗ GET /api/signals/sse/stream - 404 (1ms)
2025-12-28 00:28:16 | DEBUG    | app.main             | log_requests         | [0028167034] GET /api/signals/sse/stream
2025-12-28 00:28:16 | INFO     | app.main             | log_requests         | [0028167034] ✗ GET /api/signals/sse/stream - 404 (0ms)
2025-12-28 00:28:22 | DEBUG    | app.main             | log_requests         | [0028224026] GET /api/signals/sse/stream
2025-12-28 00:28:22 | INFO     | app.main             | log_requests         | [0028224026] ✗ GET /api/signals/sse/stream - 404 (1ms)
2025-12-28 00:28:28 | DEBUG    | app.main             | log_requests         | [0028287034] GET /api/signals/sse/stream
2025-12-28 00:28:28 | INFO     | app.main             | log_requests         | [0028287034] ✗ GET /api/signals/sse/stream - 404 (1ms)
2025-12-28 00:28:34 | DEBUG    | app.main             | log_requests         | [0028344033] GET /api/signals/sse/stream
2025-12-28 00:28:34 | INFO     | app.main             | log_requests         | [0028344033] ✗ GET /api/signals/sse/stream - 404 (0ms)
2025-12-28 00:28:40 | DEBUG    | app.main             | log_requests         | [0028407033] GET /api/signals/sse/stream
2025-12-28 00:28:40 | INFO     | app.main             | log_requests         | [0028407033] ✗ GET /api/signals/sse/stream - 404 (1ms)
2025-12-28 00:28:46 | DEBUG    | app.main             | log_requests         | [0028464024] GET /api/signals/sse/stream
2025-12-28 00:28:46 | INFO     | app.main             | log_requests         | [0028464024] ✗ GET /api/signals/sse/stream - 404 (1ms)
2025-12-28 00:28:52 | DEBUG    | app.main             | log_requests         | [0028527053] GET /api/signals/sse/stream
2025-12-28 00:28:52 | INFO     | app.main             | log_requests         | [0028527053] ✗ GET /api/signals/sse/stream - 404 (1ms)
2025-12-28 00:28:58 | DEBUG    | app.main             | log_requests         | [0028584022] GET /api/signals/sse/stream
2025-12-28 00:28:58 | INFO     | app.main             | log_requests         | [0028584022] ✗ GET /api/signals/sse/stream - 404 (1ms)
2025-12-28 00:29:04 | DEBUG    | app.main             | log_requests         | [0029047039] GET /api/signals/sse/stream
2025-12-28 00:29:04 | INFO     | app.main             | log_requests         | [0029047039] ✗ GET /api/signals/sse/stream - 404 (1ms)
2025-12-28 00:29:10 | DEBUG    | app.main             | log_requests         | [0029104023] GET /api/signals/sse/stream
2025-12-28 00:29:10 | INFO     | app.main             | log_requests         | [0029104023] ✗ GET /api/signals/sse/stream - 404 (0ms)
2025-12-28 00:29:16 | DEBUG    | app.main             | log_requests         | [0029167034] GET /api/signals/sse/stream
2025-12-28 00:29:16 | INFO     | app.main             | log_requests         | [0029167034] ✗ GET /api/signals/sse/stream - 404 (0ms)
2025-12-28 00:29:22 | DEBUG    | app.main             | log_requests         | [0029224041] GET /api/signals/sse/stream
2025-12-28 00:29:22 | INFO     | app.main             | log_requests         | [0029224041] ✗ GET /api/signals/sse/stream - 404 (0ms)
2025-12-28 00:29:28 | DEBUG    | app.main             | log_requests         | [0029287027] GET /api/signals/sse/stream
2025-12-28 00:29:28 | INFO     | app.main             | log_requests         | [0029287027] ✗ GET /api/signals/sse/stream - 404 (1ms)
2025-12-28 00:29:34 | DEBUG    | app.main             | log_requests         | [0029344028] GET /api/signals/sse/stream
2025-12-28 00:29:34 | INFO     | app.main             | log_requests         | [0029344028] ✗ GET /api/signals/sse/stream - 404 (1ms)
2025-12-28 00:29:40 | DEBUG    | app.main             | log_requests         | [0029407033] GET /api/signals/sse/stream
2025-12-28 00:29:40 | INFO     | app.main             | log_requests         | [0029407033] ✗ GET /api/signals/sse/stream - 404 (0ms)
2025-12-28 00:29:46 | DEBUG    | app.main             | log_requests         | [0029464022] GET /api/signals/sse/stream
2025-12-28 00:29:46 | INFO     | app.main             | log_requests         | [0029464022] ✗ GET /api/signals/sse/stream - 404 (0ms)
2025-12-28 00:29:52 | DEBUG    | app.main             | log_requests         | [0029527028] GET /api/signals/sse/stream
2025-12-28 00:29:52 | INFO     | app.main             | log_requests         | [0029527028] ✗ GET /api/signals/sse/stream - 404 (1ms)
2025-12-28 00:29:58 | DEBUG    | app.main             | log_requests         | [0029584027] GET /api/signals/sse/stream
2025-12-28 00:29:58 | INFO     | app.main             | log_requests         | [0029584027] ✗ GET /api/signals/sse/stream - 404 (1ms)
2025-12-28 00:30:04 | DEBUG    | app.main             | log_requests         | [0030047019] GET /api/signals/sse/stream
2025-12-28 00:30:04 | INFO     | app.main             | log_requests         | [0030047019] ✗ GET /api/signals/sse/stream - 404 (1ms)
2025-12-28 00:30:10 | DEBUG    | app.main             | log_requests         | [0030104033] GET /api/signals/sse/stream
2025-12-28 00:30:10 | INFO     | app.main             | log_requests         | [0030104033] ✗ GET /api/signals/sse/stream - 404 (0ms)
2025-12-28 00:30:16 | DEBUG    | app.main             | log_requests         | [0030167043] GET /api/signals/sse/stream
2025-12-28 00:30:16 | INFO     | app.main             | log_requests         | [0030167043] ✗ GET /api/signals/sse/stream - 404 (1ms)
2025-12-28 00:30:22 | DEBUG    | app.main             | log_requests         | [0030224044] GET /api/signals/sse/stream
2025-12-28 00:30:22 | INFO     | app.main             | log_requests         | [0030224044] ✗ GET /api/signals/sse/stream - 404 (1ms)
2025-12-28 00:30:28 | DEBUG    | app.main             | log_requests         | [0030287043] GET /api/signals/sse/stream
2025-12-28 00:30:28 | INFO     | app.main             | log_requests         | [0030287043] ✗ GET /api/signals/sse/stream - 404 (0ms)
2025-12-28 00:30:34 | DEBUG    | app.main             | log_requests         | [0030344029] GET /api/signals/sse/stream
2025-12-28 00:30:34 | INFO     | app.main             | log_requests         | [0030344029] ✗ GET /api/signals/sse/stream - 404 (0ms)
2025-12-28 00:30:40 | DEBUG    | app.main             | log_requests         | [0030407049] GET /api/signals/sse/stream
2025-12-28 00:30:40 | INFO     | app.main             | log_requests         | [0030407049] ✗ GET /api/signals/sse/stream - 404 (1ms)
2025-12-28 00:30:46 | DEBUG    | app.main             | log_requests         | [0030464025] GET /api/signals/sse/stream
2025-12-28 00:30:46 | INFO     | app.main             | log_requests         | [0030464025] ✗ GET /api/signals/sse/stream - 404 (1ms)
2025-12-28 00:30:52 | DEBUG    | app.main             | log_requests         | [0030527029] GET /api/signals/sse/stream
2025-12-28 00:30:52 | INFO     | app.main             | log_requests         | [0030527029] ✗ GET /api/signals/sse/stream - 404 (1ms)
2025-12-28 00:30:58 | DEBUG    | app.main             | log_requests         | [0030584037] GET /api/signals/sse/stream
2025-12-28 00:30:58 | INFO     | app.main             | log_requests         | [0030584037] ✗ GET /api/signals/sse/stream - 404 (0ms)
2025-12-28 00:31:04 | DEBUG    | app.main             | log_requests         | [0031047035] GET /api/signals/sse/stream
2025-12-28 00:31:04 | INFO     | app.main             | log_requests         | [0031047035] ✗ GET /api/signals/sse/stream - 404 (1ms)
2025-12-28 00:31:10 | DEBUG    | app.main             | log_requests         | [0031104041] GET /api/signals/sse/stream
2025-12-28 00:31:10 | INFO     | app.main             | log_requests         | [0031104041] ✗ GET /api/signals/sse/stream - 404 (0ms)
2025-12-28 00:31:16 | DEBUG    | app.main             | log_requests         | [0031167047] GET /api/signals/sse/stream
2025-12-28 00:31:16 | INFO     | app.main             | log_requests         | [0031167047] ✗ GET /api/signals/sse/stream - 404 (1ms)
2025-12-28 00:31:22 | DEBUG    | app.main             | log_requests         | [0031224023] GET /api/signals/sse/stream
2025-12-28 00:31:22 | INFO     | app.main             | log_requests         | [0031224023] ✗ GET /api/signals/sse/stream - 404 (1ms)
2025-12-28 00:31:28 | DEBUG    | app.main             | log_requests         | [0031287017] GET /api/signals/sse/stream
2025-12-28 00:31:28 | INFO     | app.main             | log_requests         | [0031287017] ✗ GET /api/signals/sse/stream - 404 (0ms)
2025-12-28 00:31:34 | DEBUG    | app.main             | log_requests         | [0031344039] GET /api/signals/sse/stream
2025-12-28 00:31:34 | INFO     | app.main             | log_requests         | [0031344039] ✗ GET /api/signals/sse/stream - 404 (0ms)
2025-12-28 00:31:40 | DEBUG    | app.main             | log_requests         | [0031407049] GET /api/signals/sse/stream
2025-12-28 00:31:40 | INFO     | app.main             | log_requests         | [0031407049] ✗ GET /api/signals/sse/stream - 404 (1ms)
2025-12-28 00:31:46 | DEBUG    | app.main             | log_requests         | [0031464019] GET /api/signals/sse/stream
2025-12-28 00:31:46 | INFO     | app.main             | log_requests         | [0031464019] ✗ GET /api/signals/sse/stream - 404 (0ms)
2025-12-28 00:31:52 | DEBUG    | app.main             | log_requests         | [0031527039] GET /api/signals/sse/stream
2025-12-28 00:31:52 | INFO     | app.main             | log_requests         | [0031527039] ✗ GET /api/signals/sse/stream - 404 (1ms)
2025-12-28 00:31:58 | DEBUG    | app.main             | log_requests         | [0031584040] GET /api/signals/sse/stream
2025-12-28 00:31:58 | INFO     | app.main             | log_requests         | [0031584040] ✗ GET /api/signals/sse/stream - 404 (1ms)
2025-12-28 00:32:04 | DEBUG    | app.main             | log_requests         | [0032047035] GET /api/signals/sse/stream
2025-12-28 00:32:04 | INFO     | app.main             | log_requests         | [0032047035] ✗ GET /api/signals/sse/stream - 404 (1ms)
2025-12-28 00:32:10 | DEBUG    | app.main             | log_requests         | [0032104026] GET /api/signals/sse/stream
2025-12-28 00:32:10 | INFO     | app.main             | log_requests         | [0032104026] ✗ GET /api/signals/sse/stream - 404 (1ms)
2025-12-28 00:32:16 | DEBUG    | app.main             | log_requests         | [0032167045] GET /api/signals/sse/stream
2025-12-28 00:32:16 | INFO     | app.main             | log_requests         | [0032167045] ✗ GET /api/signals/sse/stream - 404 (1ms)
2025-12-28 00:32:22 | DEBUG    | app.main             | log_requests         | [0032224031] GET /api/signals/sse/stream
2025-12-28 00:32:22 | INFO     | app.main             | log_requests         | [0032224031] ✗ GET /api/signals/sse/stream - 404 (0ms)
2025-12-28 00:32:28 | DEBUG    | app.main             | log_requests         | [0032287052] GET /api/signals/sse/stream
2025-12-28 00:32:28 | INFO     | app.main             | log_requests         | [0032287052] ✗ GET /api/signals/sse/stream - 404 (1ms)
2025-12-28 00:32:34 | DEBUG    | app.main             | log_requests         | [0032344025] GET /api/signals/sse/stream
2025-12-28 00:32:34 | INFO     | app.main             | log_requests         | [0032344025] ✗ GET /api/signals/sse/stream - 404 (0ms)
2025-12-28 00:32:40 | DEBUG    | app.main             | log_requests         | [0032407048] GET /api/signals/sse/stream
2025-12-28 00:32:40 | INFO     | app.main             | log_requests         | [0032407048] ✗ GET /api/signals/sse/stream - 404 (1ms)
2025-12-28 00:32:46 | DEBUG    | app.main             | log_requests         | [0032464035] GET /api/signals/sse/stream
2025-12-28 00:32:46 | INFO     | app.main             | log_requests         | [0032464035] ✗ GET /api/signals/sse/stream - 404 (0ms)
2025-12-28 00:32:52 | DEBUG    | app.main             | log_requests         | [0032527150] GET /api/signals/sse/stream
2025-12-28 00:32:52 | INFO     | app.main             | log_requests         | [0032527150] ✗ GET /api/signals/sse/stream - 404 (0ms)
2025-12-28 00:32:58 | DEBUG    | app.main             | log_requests         | [0032584025] GET /api/signals/sse/stream
2025-12-28 00:32:58 | INFO     | app.main             | log_requests         | [0032584025] ✗ GET /api/signals/sse/stream - 404 (0ms)
2025-12-28 00:33:04 | DEBUG    | app.main             | log_requests         | [0033047050] GET /api/signals/sse/stream
2025-12-28 00:33:04 | INFO     | app.main             | log_requests         | [0033047050] ✗ GET /api/signals/sse/stream - 404 (1ms)
2025-12-28 00:33:10 | DEBUG    | app.main             | log_requests         | [0033104028] GET /api/signals/sse/stream
2025-12-28 00:33:10 | INFO     | app.main             | log_requests         | [0033104028] ✗ GET /api/signals/sse/stream - 404 (1ms)
2025-12-28 00:33:16 | DEBUG    | app.main             | log_requests         | [0033167050] GET /api/signals/sse/stream
2025-12-28 00:33:16 | INFO     | app.main             | log_requests         | [0033167050] ✗ GET /api/signals/sse/stream - 404 (1ms)
2025-12-28 00:33:22 | DEBUG    | app.main             | log_requests         | [0033224019] GET /api/signals/sse/stream
2025-12-28 00:33:22 | INFO     | app.main             | log_requests         | [0033224019] ✗ GET /api/signals/sse/stream - 404 (0ms)
2025-12-28 00:33:28 | DEBUG    | app.main             | log_requests         | [0033287031] GET /api/signals/sse/stream
2025-12-28 00:33:28 | INFO     | app.main             | log_requests         | [0033287031] ✗ GET /api/signals/sse/stream - 404 (1ms)
2025-12-28 00:33:34 | DEBUG    | app.main             | log_requests         | [0033344028] GET /api/signals/sse/stream
2025-12-28 00:33:34 | INFO     | app.main             | log_requests         | [0033344028] ✗ GET /api/signals/sse/stream - 404 (0ms)
2025-12-28 00:33:40 | DEBUG    | app.main             | log_requests         | [0033407034] GET /api/signals/sse/stream
2025-12-28 00:33:40 | INFO     | app.main             | log_requests         | [0033407034] ✗ GET /api/signals/sse/stream - 404 (1ms)
2025-12-28 00:33:46 | DEBUG    | app.main             | log_requests         | [0033464027] GET /api/signals/sse/stream
2025-12-28 00:33:46 | INFO     | app.main             | log_requests         | [0033464027] ✗ GET /api/signals/sse/stream - 404 (0ms)
2025-12-28 00:33:52 | DEBUG    | app.main             | log_requests         | [0033527043] GET /api/signals/sse/stream
2025-12-28 00:33:52 | INFO     | app.main             | log_requests         | [0033527043] ✗ GET /api/signals/sse/stream - 404 (0ms)
2025-12-28 00:33:58 | DEBUG    | app.main             | log_requests         | [0033584034] GET /api/signals/sse/stream
2025-12-28 00:33:58 | INFO     | app.main             | log_requests         | [0033584034] ✗ GET /api/signals/sse/stream - 404 (1ms)
2025-12-28 00:34:04 | DEBUG    | app.main             | log_requests         | [0034047048] GET /api/signals/sse/stream
2025-12-28 00:34:04 | INFO     | app.main             | log_requests         | [0034047048] ✗ GET /api/signals/sse/stream - 404 (0ms)
2025-12-28 00:34:10 | DEBUG    | app.main             | log_requests         | [0034104032] GET /api/signals/sse/stream
2025-12-28 00:34:10 | INFO     | app.main             | log_requests         | [0034104032] ✗ GET /api/signals/sse/stream - 404 (1ms)
2025-12-28 00:34:16 | DEBUG    | app.main             | log_requests         | [0034167051] GET /api/signals/sse/stream
2025-12-28 00:34:16 | INFO     | app.main             | log_requests         | [0034167051] ✗ GET /api/signals/sse/stream - 404 (1ms)
2025-12-28 00:34:22 | DEBUG    | app.main             | log_requests         | [0034224037] GET /api/signals/sse/stream
2025-12-28 00:34:22 | INFO     | app.main             | log_requests         | [0034224037] ✗ GET /api/signals/sse/stream - 404 (0ms)
2025-12-28 00:34:28 | DEBUG    | app.main             | log_requests         | [0034287051] GET /api/signals/sse/stream
2025-12-28 00:34:28 | INFO     | app.main             | log_requests         | [0034287051] ✗ GET /api/signals/sse/stream - 404 (1ms)
2025-12-28 00:34:34 | DEBUG    | app.main             | log_requests         | [0034344035] GET /api/signals/sse/stream
2025-12-28 00:34:34 | INFO     | app.main             | log_requests         | [0034344035] ✗ GET /api/signals/sse/stream - 404 (1ms)
2025-12-28 00:34:40 | DEBUG    | app.main             | log_requests         | [0034407031] GET /api/signals/sse/stream
2025-12-28 00:34:40 | INFO     | app.main             | log_requests         | [0034407031] ✗ GET /api/signals/sse/stream - 404 (1ms)
2025-12-28 00:34:46 | DEBUG    | app.main             | log_requests         | [0034464036] GET /api/signals/sse/stream
2025-12-28 00:34:46 | INFO     | app.main             | log_requests         | [0034464036] ✗ GET /api/signals/sse/stream - 404 (0ms)
2025-12-28 00:34:52 | DEBUG    | app.main             | log_requests         | [0034527014] GET /api/signals/sse/stream
2025-12-28 00:34:52 | INFO     | app.main             | log_requests         | [0034527014] ✗ GET /api/signals/sse/stream - 404 (1ms)
2025-12-28 00:34:58 | DEBUG    | app.main             | log_requests         | [0034584038] GET /api/signals/sse/stream
2025-12-28 00:34:58 | INFO     | app.main             | log_requests         | [0034584038] ✗ GET /api/signals/sse/stream - 404 (0ms)
2025-12-28 00:35:04 | DEBUG    | app.main             | log_requests         | [0035047025] GET /api/signals/sse/stream
2025-12-28 00:35:04 | INFO     | app.main             | log_requests         | [0035047025] ✗ GET /api/signals/sse/stream - 404 (1ms)
2025-12-28 00:35:10 | DEBUG    | app.main             | log_requests         | [0035104029] GET /api/signals/sse/stream
2025-12-28 00:35:10 | INFO     | app.main             | log_requests         | [0035104029] ✗ GET /api/signals/sse/stream - 404 (1ms)
2025-12-28 00:35:16 | DEBUG    | app.main             | log_requests         | [0035167035] GET /api/signals/sse/stream
2025-12-28 00:35:16 | INFO     | app.main             | log_requests         | [0035167035] ✗ GET /api/signals/sse/stream - 404 (1ms)
2025-12-28 00:35:22 | DEBUG    | app.main             | log_requests         | [0035224028] GET /api/signals/sse/stream
2025-12-28 00:35:22 | INFO     | app.main             | log_requests         | [0035224028] ✗ GET /api/signals/sse/stream - 404 (0ms)
2025-12-28 00:35:28 | DEBUG    | app.main             | log_requests         | [0035287020] GET /api/signals/sse/stream
2025-12-28 00:35:28 | INFO     | app.main             | log_requests         | [0035287020] ✗ GET /api/signals/sse/stream - 404 (0ms)
2025-12-28 00:35:34 | DEBUG    | app.main             | log_requests         | [0035344028] GET /api/signals/sse/stream
2025-12-28 00:35:34 | INFO     | app.main             | log_requests         | [0035344028] ✗ GET /api/signals/sse/stream - 404 (0ms)
2025-12-28 00:35:40 | DEBUG    | app.main             | log_requests         | [0035407029] GET /api/signals/sse/stream
2025-12-28 00:35:40 | INFO     | app.main             | log_requests         | [0035407029] ✗ GET /api/signals/sse/stream - 404 (0ms)
2025-12-28 00:35:46 | DEBUG    | app.main             | log_requests         | [0035464022] GET /api/signals/sse/stream
2025-12-28 00:35:46 | INFO     | app.main             | log_requests         | [0035464022] ✗ GET /api/signals/sse/stream - 404 (0ms)
2025-12-28 00:35:52 | DEBUG    | app.main             | log_requests         | [0035527029] GET /api/signals/sse/stream
2025-12-28 00:35:52 | INFO     | app.main             | log_requests         | [0035527029] ✗ GET /api/signals/sse/stream - 404 (1ms)
2025-12-28 00:35:58 | DEBUG    | app.main             | log_requests         | [0035584021] GET /api/signals/sse/stream
2025-12-28 00:35:58 | INFO     | app.main             | log_requests         | [0035584021] ✗ GET /api/signals/sse/stream - 404 (1ms)
2025-12-28 00:36:04 | DEBUG    | app.main             | log_requests         | [0036047039] GET /api/signals/sse/stream
2025-12-28 00:36:04 | INFO     | app.main             | log_requests         | [0036047039] ✗ GET /api/signals/sse/stream - 404 (0ms)
2025-12-28 00:36:10 | DEBUG    | app.main             | log_requests         | [0036104022] GET /api/signals/sse/stream
2025-12-28 00:36:10 | INFO     | app.main             | log_requests         | [0036104022] ✗ GET /api/signals/sse/stream - 404 (1ms)
2025-12-28 00:36:16 | DEBUG    | app.main             | log_requests         | [0036167042] GET /api/signals/sse/stream
2025-12-28 00:36:16 | INFO     | app.main             | log_requests         | [0036167042] ✗ GET /api/signals/sse/stream - 404 (0ms)
2025-12-28 00:36:22 | DEBUG    | app.main             | log_requests         | [0036224024] GET /api/signals/sse/stream
2025-12-28 00:36:22 | INFO     | app.main             | log_requests         | [0036224024] ✗ GET /api/signals/sse/stream - 404 (0ms)
2025-12-28 00:36:28 | DEBUG    | app.main             | log_requests         | [0036287028] GET /api/signals/sse/stream
2025-12-28 00:36:28 | INFO     | app.main             | log_requests         | [0036287028] ✗ GET /api/signals/sse/stream - 404 (1ms)
2025-12-28 00:36:34 | DEBUG    | app.main             | log_requests         | [0036344030] GET /api/signals/sse/stream
2025-12-28 00:36:34 | INFO     | app.main             | log_requests         | [0036344030] ✗ GET /api/signals/sse/stream - 404 (1ms)
2025-12-28 00:36:40 | DEBUG    | app.main             | log_requests         | [0036407026] GET /api/signals/sse/stream
2025-12-28 00:36:40 | INFO     | app.main             | log_requests         | [0036407026] ✗ GET /api/signals/sse/stream - 404 (2ms)
2025-12-28 00:36:46 | DEBUG    | app.main             | log_requests         | [0036464023] GET /api/signals/sse/stream
2025-12-28 00:36:46 | INFO     | app.main             | log_requests         | [0036464023] ✗ GET /api/signals/sse/stream - 404 (0ms)
2025-12-28 00:36:52 | DEBUG    | app.main             | log_requests         | [0036527018] GET /api/signals/sse/stream
2025-12-28 00:36:52 | INFO     | app.main             | log_requests         | [0036527018] ✗ GET /api/signals/sse/stream - 404 (1ms)
2025-12-28 00:36:58 | DEBUG    | app.main             | log_requests         | [0036584023] GET /api/signals/sse/stream
2025-12-28 00:36:58 | INFO     | app.main             | log_requests         | [0036584023] ✗ GET /api/signals/sse/stream - 404 (0ms)
2025-12-28 00:37:04 | DEBUG    | app.main             | log_requests         | [0037047025] GET /api/signals/sse/stream
2025-12-28 00:37:04 | INFO     | app.main             | log_requests         | [0037047025] ✗ GET /api/signals/sse/stream - 404 (0ms)
2025-12-28 00:37:10 | DEBUG    | app.main             | log_requests         | [0037104028] GET /api/signals/sse/stream
2025-12-28 00:37:10 | INFO     | app.main             | log_requests         | [0037104028] ✗ GET /api/signals/sse/stream - 404 (1ms)
2025-12-28 00:37:16 | DEBUG    | app.main             | log_requests         | [0037167033] GET /api/signals/sse/stream
2025-12-28 00:37:16 | INFO     | app.main             | log_requests         | [0037167033] ✗ GET /api/signals/sse/stream - 404 (2ms)
2025-12-28 00:37:22 | DEBUG    | app.main             | log_requests         | [0037224026] GET /api/signals/sse/stream
2025-12-28 00:37:22 | INFO     | app.main             | log_requests         | [0037224026] ✗ GET /api/signals/sse/stream - 404 (1ms)
2025-12-28 00:37:28 | DEBUG    | app.main             | log_requests         | [0037287042] GET /api/signals/sse/stream
2025-12-28 00:37:28 | INFO     | app.main             | log_requests         | [0037287042] ✗ GET /api/signals/sse/stream - 404 (1ms)
2025-12-28 00:37:34 | DEBUG    | app.main             | log_requests         | [0037344028] GET /api/signals/sse/stream
2025-12-28 00:37:34 | INFO     | app.main             | log_requests         | [0037344028] ✗ GET /api/signals/sse/stream - 404 (1ms)
2025-12-28 00:37:40 | DEBUG    | app.main             | log_requests         | [0037407052] GET /api/signals/sse/stream
2025-12-28 00:37:40 | INFO     | app.main             | log_requests         | [0037407052] ✗ GET /api/signals/sse/stream - 404 (1ms)
2025-12-28 00:37:46 | DEBUG    | app.main             | log_requests         | [0037464029] GET /api/signals/sse/stream
2025-12-28 00:37:46 | INFO     | app.main             | log_requests         | [0037464029] ✗ GET /api/signals/sse/stream - 404 (0ms)
2025-12-28 00:37:52 | DEBUG    | app.main             | log_requests         | [0037527030] GET /api/signals/sse/stream
2025-12-28 00:37:52 | INFO     | app.main             | log_requests         | [0037527030] ✗ GET /api/signals/sse/stream - 404 (1ms)
2025-12-28 00:37:58 | DEBUG    | app.main             | log_requests         | [0037584037] GET /api/signals/sse/stream
2025-12-28 00:37:58 | INFO     | app.main             | log_requests         | [0037584037] ✗ GET /api/signals/sse/stream - 404 (1ms)
2025-12-28 00:38:04 | DEBUG    | app.main             | log_requests         | [0038047037] GET /api/signals/sse/stream
2025-12-28 00:38:04 | INFO     | app.main             | log_requests         | [0038047037] ✗ GET /api/signals/sse/stream - 404 (1ms)
2025-12-28 00:38:10 | DEBUG    | app.main             | log_requests         | [0038104020] GET /api/signals/sse/stream
2025-12-28 00:38:10 | INFO     | app.main             | log_requests         | [0038104020] ✗ GET /api/signals/sse/stream - 404 (1ms)
2025-12-28 00:38:16 | DEBUG    | app.main             | log_requests         | [0038167052] GET /api/signals/sse/stream
2025-12-28 00:38:16 | INFO     | app.main             | log_requests         | [0038167052] ✗ GET /api/signals/sse/stream - 404 (1ms)
2025-12-28 00:38:22 | DEBUG    | app.main             | log_requests         | [0038224032] GET /api/signals/sse/stream
2025-12-28 00:38:22 | INFO     | app.main             | log_requests         | [0038224032] ✗ GET /api/signals/sse/stream - 404 (0ms)
2025-12-28 00:38:28 | DEBUG    | app.main             | log_requests         | [0038287042] GET /api/signals/sse/stream
2025-12-28 00:38:28 | INFO     | app.main             | log_requests         | [0038287042] ✗ GET /api/signals/sse/stream - 404 (1ms)
2025-12-28 00:38:34 | DEBUG    | app.main             | log_requests         | [0038344033] GET /api/signals/sse/stream
2025-12-28 00:38:34 | INFO     | app.main             | log_requests         | [0038344033] ✗ GET /api/signals/sse/stream - 404 (0ms)
2025-12-28 00:38:40 | DEBUG    | app.main             | log_requests         | [0038407038] GET /api/signals/sse/stream
2025-12-28 00:38:40 | INFO     | app.main             | log_requests         | [0038407038] ✗ GET /api/signals/sse/stream - 404 (0ms)
2025-12-28 00:38:46 | DEBUG    | app.main             | log_requests         | [0038464032] GET /api/signals/sse/stream
2025-12-28 00:38:46 | INFO     | app.main             | log_requests         | [0038464032] ✗ GET /api/signals/sse/stream - 404 (0ms)
2025-12-28 00:38:52 | DEBUG    | app.main             | log_requests         | [0038527040] GET /api/signals/sse/stream
2025-12-28 00:38:52 | INFO     | app.main             | log_requests         | [0038527040] ✗ GET /api/signals/sse/stream - 404 (1ms)
2025-12-28 00:38:58 | DEBUG    | app.main             | log_requests         | [0038584023] GET /api/signals/sse/stream
2025-12-28 00:38:58 | INFO     | app.main             | log_requests         | [0038584023] ✗ GET /api/signals/sse/stream - 404 (0ms)
2025-12-28 00:39:04 | DEBUG    | app.main             | log_requests         | [0039047039] GET /api/signals/sse/stream
2025-12-28 00:39:04 | INFO     | app.main             | log_requests         | [0039047039] ✗ GET /api/signals/sse/stream - 404 (2ms)
2025-12-28 00:39:10 | DEBUG    | app.main             | log_requests         | [0039104026] GET /api/signals/sse/stream
2025-12-28 00:39:10 | INFO     | app.main             | log_requests         | [0039104026] ✗ GET /api/signals/sse/stream - 404 (1ms)
2025-12-28 00:39:16 | DEBUG    | app.main             | log_requests         | [0039167023] GET /api/signals/sse/stream
2025-12-28 00:39:16 | INFO     | app.main             | log_requests         | [0039167023] ✗ GET /api/signals/sse/stream - 404 (2ms)
2025-12-28 00:39:22 | DEBUG    | app.main             | log_requests         | [0039224024] GET /api/signals/sse/stream
2025-12-28 00:39:22 | INFO     | app.main             | log_requests         | [0039224024] ✗ GET /api/signals/sse/stream - 404 (1ms)
2025-12-28 00:39:28 | DEBUG    | app.main             | log_requests         | [0039287033] GET /api/signals/sse/stream
2025-12-28 00:39:28 | INFO     | app.main             | log_requests         | [0039287033] ✗ GET /api/signals/sse/stream - 404 (0ms)
2025-12-28 00:39:34 | DEBUG    | app.main             | log_requests         | [0039344031] GET /api/signals/sse/stream
2025-12-28 00:39:34 | INFO     | app.main             | log_requests         | [0039344031] ✗ GET /api/signals/sse/stream - 404 (0ms)
2025-12-28 00:39:40 | DEBUG    | app.main             | log_requests         | [0039407040] GET /api/signals/sse/stream
2025-12-28 00:39:40 | INFO     | app.main             | log_requests         | [0039407040] ✗ GET /api/signals/sse/stream - 404 (1ms)
2025-12-28 00:39:46 | DEBUG    | app.main             | log_requests         | [0039464029] GET /api/signals/sse/stream
2025-12-28 00:39:46 | INFO     | app.main             | log_requests         | [0039464029] ✗ GET /api/signals/sse/stream - 404 (0ms)
2025-12-28 00:39:52 | DEBUG    | app.main             | log_requests         | [0039527042] GET /api/signals/sse/stream
2025-12-28 00:39:52 | INFO     | app.main             | log_requests         | [0039527042] ✗ GET /api/signals/sse/stream - 404 (1ms)
2025-12-28 00:39:58 | DEBUG    | app.main             | log_requests         | [0039584031] GET /api/signals/sse/stream
2025-12-28 00:39:58 | INFO     | app.main             | log_requests         | [0039584031] ✗ GET /api/signals/sse/stream - 404 (0ms)
2025-12-28 00:40:04 | DEBUG    | app.main             | log_requests         | [0040047051] GET /api/signals/sse/stream
2025-12-28 00:40:04 | INFO     | app.main             | log_requests         | [0040047051] ✗ GET /api/signals/sse/stream - 404 (0ms)
2025-12-28 00:40:10 | DEBUG    | app.main             | log_requests         | [0040104036] GET /api/signals/sse/stream
2025-12-28 00:40:10 | INFO     | app.main             | log_requests         | [0040104036] ✗ GET /api/signals/sse/stream - 404 (1ms)
2025-12-28 00:40:16 | DEBUG    | app.main             | log_requests         | [0040167066] GET /api/signals/sse/stream
2025-12-28 00:40:16 | INFO     | app.main             | log_requests         | [0040167066] ✗ GET /api/signals/sse/stream - 404 (1ms)
2025-12-28 00:40:22 | DEBUG    | app.main             | log_requests         | [0040224023] GET /api/signals/sse/stream
2025-12-28 00:40:22 | INFO     | app.main             | log_requests         | [0040224023] ✗ GET /api/signals/sse/stream - 404 (1ms)
2025-12-28 00:40:28 | DEBUG    | app.main             | log_requests         | [0040287044] GET /api/signals/sse/stream
2025-12-28 00:40:28 | INFO     | app.main             | log_requests         | [0040287044] ✗ GET /api/signals/sse/stream - 404 (0ms)
2025-12-28 00:40:34 | DEBUG    | app.main             | log_requests         | [0040344028] GET /api/signals/sse/stream
2025-12-28 00:40:34 | INFO     | app.main             | log_requests         | [0040344028] ✗ GET /api/signals/sse/stream - 404 (1ms)
2025-12-28 00:40:40 | DEBUG    | app.main             | log_requests         | [0040407052] GET /api/signals/sse/stream
2025-12-28 00:40:40 | INFO     | app.main             | log_requests         | [0040407052] ✗ GET /api/signals/sse/stream - 404 (0ms)
2025-12-28 00:40:46 | DEBUG    | app.main             | log_requests         | [0040464035] GET /api/signals/sse/stream
2025-12-28 00:40:46 | INFO     | app.main             | log_requests         | [0040464035] ✗ GET /api/signals/sse/stream - 404 (0ms)
2025-12-28 00:40:52 | DEBUG    | app.main             | log_requests         | [0040527029] GET /api/signals/sse/stream
2025-12-28 00:40:52 | INFO     | app.main             | log_requests         | [0040527029] ✗ GET /api/signals/sse/stream - 404 (0ms)
2025-12-28 00:40:58 | DEBUG    | app.main             | log_requests         | [0040584034] GET /api/signals/sse/stream
2025-12-28 00:40:58 | INFO     | app.main             | log_requests         | [0040584034] ✗ GET /api/signals/sse/stream - 404 (1ms)
2025-12-28 00:41:04 | DEBUG    | app.main             | log_requests         | [0041047043] GET /api/signals/sse/stream
2025-12-28 00:41:04 | INFO     | app.main             | log_requests         | [0041047043] ✗ GET /api/signals/sse/stream - 404 (1ms)
2025-12-28 00:41:10 | DEBUG    | app.main             | log_requests         | [0041104023] GET /api/signals/sse/stream
2025-12-28 00:41:10 | INFO     | app.main             | log_requests         | [0041104023] ✗ GET /api/signals/sse/stream - 404 (1ms)
2025-12-28 00:41:16 | DEBUG    | app.main             | log_requests         | [0041167043] GET /api/signals/sse/stream
2025-12-28 00:41:16 | INFO     | app.main             | log_requests         | [0041167043] ✗ GET /api/signals/sse/stream - 404 (1ms)
2025-12-28 00:41:22 | DEBUG    | app.main             | log_requests         | [0041224030] GET /api/signals/sse/stream
2025-12-28 00:41:22 | INFO     | app.main             | log_requests         | [0041224030] ✗ GET /api/signals/sse/stream - 404 (1ms)
2025-12-28 00:41:28 | DEBUG    | app.main             | log_requests         | [0041287030] GET /api/signals/sse/stream
2025-12-28 00:41:28 | INFO     | app.main             | log_requests         | [0041287030] ✗ GET /api/signals/sse/stream - 404 (0ms)
2025-12-28 00:41:34 | DEBUG    | app.main             | log_requests         | [0041344030] GET /api/signals/sse/stream
2025-12-28 00:41:34 | INFO     | app.main             | log_requests         | [0041344030] ✗ GET /api/signals/sse/stream - 404 (1ms)
2025-12-28 00:41:40 | DEBUG    | app.main             | log_requests         | [0041407035] GET /api/signals/sse/stream
2025-12-28 00:41:40 | INFO     | app.main             | log_requests         | [0041407035] ✗ GET /api/signals/sse/stream - 404 (1ms)
2025-12-28 00:41:46 | DEBUG    | app.main             | log_requests         | [0041464039] GET /api/signals/sse/stream
2025-12-28 00:41:46 | INFO     | app.main             | log_requests         | [0041464039] ✗ GET /api/signals/sse/stream - 404 (0ms)
2025-12-28 00:41:52 | DEBUG    | app.main             | log_requests         | [0041527037] GET /api/signals/sse/stream
2025-12-28 00:41:52 | INFO     | app.main             | log_requests         | [0041527037] ✗ GET /api/signals/sse/stream - 404 (1ms)
2025-12-28 00:41:58 | DEBUG    | app.main             | log_requests         | [0041584018] GET /api/signals/sse/stream
2025-12-28 00:41:58 | INFO     | app.main             | log_requests         | [0041584018] ✗ GET /api/signals/sse/stream - 404 (0ms)
2025-12-28 00:42:04 | DEBUG    | app.main             | log_requests         | [0042047020] GET /api/signals/sse/stream
2025-12-28 00:42:04 | INFO     | app.main             | log_requests         | [0042047020] ✗ GET /api/signals/sse/stream - 404 (0ms)
2025-12-28 00:42:10 | DEBUG    | app.main             | log_requests         | [0042104024] GET /api/signals/sse/stream
2025-12-28 00:42:10 | INFO     | app.main             | log_requests         | [0042104024] ✗ GET /api/signals/sse/stream - 404 (1ms)
2025-12-28 00:42:16 | DEBUG    | app.main             | log_requests         | [0042167040] GET /api/signals/sse/stream
2025-12-28 00:42:16 | INFO     | app.main             | log_requests         | [0042167040] ✗ GET /api/signals/sse/stream - 404 (1ms)
2025-12-28 00:42:22 | DEBUG    | app.main             | log_requests         | [0042224018] GET /api/signals/sse/stream
2025-12-28 00:42:22 | INFO     | app.main             | log_requests         | [0042224018] ✗ GET /api/signals/sse/stream - 404 (1ms)
2025-12-28 00:42:28 | DEBUG    | app.main             | log_requests         | [0042287040] GET /api/signals/sse/stream
2025-12-28 00:42:28 | INFO     | app.main             | log_requests         | [0042287040] ✗ GET /api/signals/sse/stream - 404 (1ms)
2025-12-28 00:42:34 | DEBUG    | app.main             | log_requests         | [0042344017] GET /api/signals/sse/stream
2025-12-28 00:42:34 | INFO     | app.main             | log_requests         | [0042344017] ✗ GET /api/signals/sse/stream - 404 (1ms)
2025-12-28 00:42:40 | DEBUG    | app.main             | log_requests         | [0042407052] GET /api/signals/sse/stream
2025-12-28 00:42:40 | INFO     | app.main             | log_requests         | [0042407052] ✗ GET /api/signals/sse/stream - 404 (1ms)
2025-12-28 00:42:46 | DEBUG    | app.main             | log_requests         | [0042464033] GET /api/signals/sse/stream
2025-12-28 00:42:46 | INFO     | app.main             | log_requests         | [0042464033] ✗ GET /api/signals/sse/stream - 404 (0ms)
2025-12-28 00:42:52 | DEBUG    | app.main             | log_requests         | [0042527018] GET /api/signals/sse/stream
2025-12-28 00:42:52 | INFO     | app.main             | log_requests         | [0042527018] ✗ GET /api/signals/sse/stream - 404 (1ms)
2025-12-28 00:42:58 | DEBUG    | app.main             | log_requests         | [0042584018] GET /api/signals/sse/stream
2025-12-28 00:42:58 | INFO     | app.main             | log_requests         | [0042584018] ✗ GET /api/signals/sse/stream - 404 (0ms)
2025-12-28 00:43:04 | DEBUG    | app.main             | log_requests         | [0043047022] GET /api/signals/sse/stream
2025-12-28 00:43:04 | INFO     | app.main             | log_requests         | [0043047022] ✗ GET /api/signals/sse/stream - 404 (1ms)
2025-12-28 00:43:10 | DEBUG    | app.main             | log_requests         | [0043104024] GET /api/signals/sse/stream
2025-12-28 00:43:10 | INFO     | app.main             | log_requests         | [0043104024] ✗ GET /api/signals/sse/stream - 404 (1ms)
2025-12-28 00:43:16 | DEBUG    | app.main             | log_requests         | [0043167024] GET /api/signals/sse/stream
2025-12-28 00:43:16 | INFO     | app.main             | log_requests         | [0043167024] ✗ GET /api/signals/sse/stream - 404 (1ms)
2025-12-28 00:43:22 | DEBUG    | app.main             | log_requests         | [0043224039] GET /api/signals/sse/stream
2025-12-28 00:43:22 | INFO     | app.main             | log_requests         | [0043224039] ✗ GET /api/signals/sse/stream - 404 (0ms)
2025-12-28 00:43:28 | DEBUG    | app.main             | log_requests         | [0043287024] GET /api/signals/sse/stream
2025-12-28 00:43:28 | INFO     | app.main             | log_requests         | [0043287024] ✗ GET /api/signals/sse/stream - 404 (0ms)
2025-12-28 00:43:34 | DEBUG    | app.main             | log_requests         | [0043344021] GET /api/signals/sse/stream
2025-12-28 00:43:34 | INFO     | app.main             | log_requests         | [0043344021] ✗ GET /api/signals/sse/stream - 404 (1ms)
2025-12-28 00:43:40 | DEBUG    | app.main             | log_requests         | [0043407033] GET /api/signals/sse/stream
2025-12-28 00:43:40 | INFO     | app.main             | log_requests         | [0043407033] ✗ GET /api/signals/sse/stream - 404 (1ms)
2025-12-28 00:43:46 | DEBUG    | app.main             | log_requests         | [0043464024] GET /api/signals/sse/stream
2025-12-28 00:43:46 | INFO     | app.main             | log_requests         | [0043464024] ✗ GET /api/signals/sse/stream - 404 (0ms)
2025-12-28 00:43:52 | DEBUG    | app.main             | log_requests         | [0043527027] GET /api/signals/sse/stream
2025-12-28 00:43:52 | INFO     | app.main             | log_requests         | [0043527027] ✗ GET /api/signals/sse/stream - 404 (1ms)
2025-12-28 00:43:58 | DEBUG    | app.main             | log_requests         | [0043584030] GET /api/signals/sse/stream
2025-12-28 00:43:58 | INFO     | app.main             | log_requests         | [0043584030] ✗ GET /api/signals/sse/stream - 404 (1ms)
2025-12-28 00:44:04 | DEBUG    | app.main             | log_requests         | [0044047057] GET /api/signals/sse/stream
2025-12-28 00:44:04 | INFO     | app.main             | log_requests         | [0044047057] ✗ GET /api/signals/sse/stream - 404 (2ms)
2025-12-28 00:44:10 | DEBUG    | app.main             | log_requests         | [0044104025] GET /api/signals/sse/stream
2025-12-28 00:44:10 | INFO     | app.main             | log_requests         | [0044104025] ✗ GET /api/signals/sse/stream - 404 (0ms)
2025-12-28 00:44:16 | DEBUG    | app.main             | log_requests         | [0044167047] GET /api/signals/sse/stream
2025-12-28 00:44:16 | INFO     | app.main             | log_requests         | [0044167047] ✗ GET /api/signals/sse/stream - 404 (0ms)
2025-12-28 00:44:22 | DEBUG    | app.main             | log_requests         | [0044224014] GET /api/signals/sse/stream
2025-12-28 00:44:22 | INFO     | app.main             | log_requests         | [0044224014] ✗ GET /api/signals/sse/stream - 404 (1ms)
2025-12-28 00:44:28 | DEBUG    | app.main             | log_requests         | [0044287051] GET /api/signals/sse/stream
2025-12-28 00:44:28 | INFO     | app.main             | log_requests         | [0044287051] ✗ GET /api/signals/sse/stream - 404 (1ms)
2025-12-28 00:44:34 | DEBUG    | app.main             | log_requests         | [0044344024] GET /api/signals/sse/stream
2025-12-28 00:44:34 | INFO     | app.main             | log_requests         | [0044344024] ✗ GET /api/signals/sse/stream - 404 (0ms)
2025-12-28 00:44:40 | DEBUG    | app.main             | log_requests         | [0044407046] GET /api/signals/sse/stream
2025-12-28 00:44:40 | INFO     | app.main             | log_requests         | [0044407046] ✗ GET /api/signals/sse/stream - 404 (2ms)
2025-12-28 00:44:46 | DEBUG    | app.main             | log_requests         | [0044464041] GET /api/signals/sse/stream
2025-12-28 00:44:46 | INFO     | app.main             | log_requests         | [0044464041] ✗ GET /api/signals/sse/stream - 404 (1ms)
2025-12-28 00:44:52 | DEBUG    | app.main             | log_requests         | [0044527034] GET /api/signals/sse/stream
2025-12-28 00:44:52 | INFO     | app.main             | log_requests         | [0044527034] ✗ GET /api/signals/sse/stream - 404 (0ms)
2025-12-28 00:44:58 | DEBUG    | app.main             | log_requests         | [0044584021] GET /api/signals/sse/stream
2025-12-28 00:44:58 | INFO     | app.main             | log_requests         | [0044584021] ✗ GET /api/signals/sse/stream - 404 (1ms)
2025-12-28 00:45:04 | DEBUG    | app.main             | log_requests         | [0045047044] GET /api/signals/sse/stream
2025-12-28 00:45:04 | INFO     | app.main             | log_requests         | [0045047044] ✗ GET /api/signals/sse/stream - 404 (1ms)
2025-12-28 00:45:10 | DEBUG    | app.main             | log_requests         | [0045104026] GET /api/signals/sse/stream
2025-12-28 00:45:10 | INFO     | app.main             | log_requests         | [0045104026] ✗ GET /api/signals/sse/stream - 404 (0ms)
2025-12-28 00:45:16 | DEBUG    | app.main             | log_requests         | [0045167044] GET /api/signals/sse/stream
2025-12-28 00:45:16 | INFO     | app.main             | log_requests         | [0045167044] ✗ GET /api/signals/sse/stream - 404 (1ms)
2025-12-28 00:45:22 | DEBUG    | app.main             | log_requests         | [0045224030] GET /api/signals/sse/stream
2025-12-28 00:45:22 | INFO     | app.main             | log_requests         | [0045224030] ✗ GET /api/signals/sse/stream - 404 (0ms)
2025-12-28 00:45:28 | DEBUG    | app.main             | log_requests         | [0045287050] GET /api/signals/sse/stream
2025-12-28 00:45:28 | INFO     | app.main             | log_requests         | [0045287050] ✗ GET /api/signals/sse/stream - 404 (46ms)
2025-12-28 00:45:34 | DEBUG    | app.main             | log_requests         | [0045344024] GET /api/signals/sse/stream
2025-12-28 00:45:34 | INFO     | app.main             | log_requests         | [0045344024] ✗ GET /api/signals/sse/stream - 404 (1ms)
2025-12-28 00:45:40 | DEBUG    | app.main             | log_requests         | [0045407038] GET /api/signals/sse/stream
2025-12-28 00:45:40 | INFO     | app.main             | log_requests         | [0045407038] ✗ GET /api/signals/sse/stream - 404 (0ms)
2025-12-28 00:45:46 | DEBUG    | app.main             | log_requests         | [0045464014] GET /api/signals/sse/stream
2025-12-28 00:45:46 | INFO     | app.main             | log_requests         | [0045464014] ✗ GET /api/signals/sse/stream - 404 (1ms)
2025-12-28 00:45:52 | DEBUG    | app.main             | log_requests         | [0045527040] GET /api/signals/sse/stream
2025-12-28 00:45:52 | INFO     | app.main             | log_requests         | [0045527040] ✗ GET /api/signals/sse/stream - 404 (1ms)
2025-12-28 00:45:58 | DEBUG    | app.main             | log_requests         | [0045584038] GET /api/signals/sse/stream
2025-12-28 00:45:58 | INFO     | app.main             | log_requests         | [0045584038] ✗ GET /api/signals/sse/stream - 404 (0ms)
2025-12-28 00:46:04 | DEBUG    | app.main             | log_requests         | [0046047048] GET /api/signals/sse/stream
2025-12-28 00:46:04 | INFO     | app.main             | log_requests         | [0046047048] ✗ GET /api/signals/sse/stream - 404 (2ms)
2025-12-28 00:46:10 | DEBUG    | app.main             | log_requests         | [0046104025] GET /api/signals/sse/stream
2025-12-28 00:46:10 | INFO     | app.main             | log_requests         | [0046104025] ✗ GET /api/signals/sse/stream - 404 (0ms)
2025-12-28 00:46:16 | DEBUG    | app.main             | log_requests         | [0046167115] GET /api/signals/sse/stream
2025-12-28 00:46:16 | INFO     | app.main             | log_requests         | [0046167115] ✗ GET /api/signals/sse/stream - 404 (0ms)
2025-12-28 00:46:22 | DEBUG    | app.main             | log_requests         | [0046224026] GET /api/signals/sse/stream
2025-12-28 00:46:22 | INFO     | app.main             | log_requests         | [0046224026] ✗ GET /api/signals/sse/stream - 404 (1ms)
2025-12-28 00:46:23 | DEBUG    | app.main             | log_requests         | [0046238495] GET /
2025-12-28 00:46:23 | INFO     | app.main             | log_requests         | [0046238495] ✔ GET / - 200 (1ms)
2025-12-28 00:46:28 | DEBUG    | app.main             | log_requests         | [0046287055] GET /api/signals/sse/stream
2025-12-28 00:46:28 | INFO     | app.main             | log_requests         | [0046287055] ✗ GET /api/signals/sse/stream - 404 (0ms)
2025-12-28 00:46:34 | DEBUG    | app.main             | log_requests         | [0046344031] GET /api/signals/sse/stream
2025-12-28 00:46:34 | INFO     | app.main             | log_requests         | [0046344031] ✗ GET /api/signals/sse/stream - 404 (2ms)
2025-12-28 00:46:40 | DEBUG    | app.main             | log_requests         | [0046407042] GET /api/signals/sse/stream
2025-12-28 00:46:40 | INFO     | app.main             | log_requests         | [0046407042] ✗ GET /api/signals/sse/stream - 404 (1ms)
2025-12-28 00:46:46 | DEBUG    | app.main             | log_requests         | [0046464037] GET /api/signals/sse/stream
2025-12-28 00:46:46 | INFO     | app.main             | log_requests         | [0046464037] ✗ GET /api/signals/sse/stream - 404 (1ms)
2025-12-28 00:46:52 | DEBUG    | app.main             | log_requests         | [0046527038] GET /api/signals/sse/stream
2025-12-28 00:46:52 | INFO     | app.main             | log_requests         | [0046527038] ✗ GET /api/signals/sse/stream - 404 (0ms)
2025-12-28 00:46:58 | DEBUG    | app.main             | log_requests         | [0046584036] GET /api/signals/sse/stream
2025-12-28 00:46:58 | INFO     | app.main             | log_requests         | [0046584036] ✗ GET /api/signals/sse/stream - 404 (1ms)
2025-12-28 00:47:04 | DEBUG    | app.main             | log_requests         | [0047047042] GET /api/signals/sse/stream
2025-12-28 00:47:04 | INFO     | app.main             | log_requests         | [0047047042] ✗ GET /api/signals/sse/stream - 404 (0ms)
2025-12-28 00:47:10 | DEBUG    | app.main             | log_requests         | [0047104016] GET /api/signals/sse/stream
2025-12-28 00:47:10 | INFO     | app.main             | log_requests         | [0047104016] ✗ GET /api/signals/sse/stream - 404 (1ms)
2025-12-28 00:47:16 | DEBUG    | app.main             | log_requests         | [0047167047] GET /api/signals/sse/stream
2025-12-28 00:47:16 | INFO     | app.main             | log_requests         | [0047167047] ✗ GET /api/signals/sse/stream - 404 (1ms)
2025-12-28 00:47:22 | DEBUG    | app.main             | log_requests         | [0047224033] GET /api/signals/sse/stream
2025-12-28 00:47:22 | INFO     | app.main             | log_requests         | [0047224033] ✗ GET /api/signals/sse/stream - 404 (0ms)
2025-12-28 00:47:28 | DEBUG    | app.main             | log_requests         | [0047287047] GET /api/signals/sse/stream
2025-12-28 00:47:28 | INFO     | app.main             | log_requests         | [0047287047] ✗ GET /api/signals/sse/stream - 404 (1ms)
2025-12-28 00:47:34 | DEBUG    | app.main             | log_requests         | [0047344033] GET /api/signals/sse/stream
2025-12-28 00:47:34 | INFO     | app.main             | log_requests         | [0047344033] ✗ GET /api/signals/sse/stream - 404 (1ms)
2025-12-28 00:47:40 | DEBUG    | app.main             | log_requests         | [0047407062] GET /api/signals/sse/stream
2025-12-28 00:47:40 | INFO     | app.main             | log_requests         | [0047407062] ✗ GET /api/signals/sse/stream - 404 (1ms)
2025-12-28 00:47:46 | DEBUG    | app.main             | log_requests         | [0047464030] GET /api/signals/sse/stream
2025-12-28 00:47:46 | INFO     | app.main             | log_requests         | [0047464030] ✗ GET /api/signals/sse/stream - 404 (0ms)
2025-12-28 00:47:52 | DEBUG    | app.main             | log_requests         | [0047527042] GET /api/signals/sse/stream
2025-12-28 00:47:52 | INFO     | app.main             | log_requests         | [0047527042] ✗ GET /api/signals/sse/stream - 404 (0ms)
2025-12-28 00:47:58 | DEBUG    | app.main             | log_requests         | [0047584037] GET /api/signals/sse/stream
2025-12-28 00:47:58 | INFO     | app.main             | log_requests         | [0047584037] ✗ GET /api/signals/sse/stream - 404 (1ms)
2025-12-28 00:48:04 | DEBUG    | app.main             | log_requests         | [0048047036] GET /api/signals/sse/stream
2025-12-28 00:48:04 | INFO     | app.main             | log_requests         | [0048047036] ✗ GET /api/signals/sse/stream - 404 (1ms)
2025-12-28 00:48:10 | DEBUG    | app.main             | log_requests         | [0048104030] GET /api/signals/sse/stream
2025-12-28 00:48:10 | INFO     | app.main             | log_requests         | [0048104030] ✗ GET /api/signals/sse/stream - 404 (1ms)
2025-12-28 00:48:16 | DEBUG    | app.main             | log_requests         | [0048167052] GET /api/signals/sse/stream
2025-12-28 00:48:16 | INFO     | app.main             | log_requests         | [0048167052] ✗ GET /api/signals/sse/stream - 404 (1ms)
2025-12-28 00:48:22 | DEBUG    | app.main             | log_requests         | [0048224024] GET /api/signals/sse/stream
2025-12-28 00:48:22 | INFO     | app.main             | log_requests         | [0048224024] ✗ GET /api/signals/sse/stream - 404 (1ms)
2025-12-28 00:48:28 | DEBUG    | app.main             | log_requests         | [0048287031] GET /api/signals/sse/stream
2025-12-28 00:48:28 | INFO     | app.main             | log_requests         | [0048287031] ✗ GET /api/signals/sse/stream - 404 (1ms)
2025-12-28 00:48:34 | DEBUG    | app.main             | log_requests         | [0048344027] GET /api/signals/sse/stream
2025-12-28 00:48:34 | INFO     | app.main             | log_requests         | [0048344027] ✗ GET /api/signals/sse/stream - 404 (1ms)
2025-12-28 00:48:40 | DEBUG    | app.main             | log_requests         | [0048407044] GET /api/signals/sse/stream
2025-12-28 00:48:40 | INFO     | app.main             | log_requests         | [0048407044] ✗ GET /api/signals/sse/stream - 404 (1ms)
2025-12-28 00:48:46 | DEBUG    | app.main             | log_requests         | [0048464026] GET /api/signals/sse/stream
2025-12-28 00:48:46 | INFO     | app.main             | log_requests         | [0048464026] ✗ GET /api/signals/sse/stream - 404 (0ms)
2025-12-28 00:48:52 | DEBUG    | app.main             | log_requests         | [0048527037] GET /api/signals/sse/stream
2025-12-28 00:48:52 | INFO     | app.main             | log_requests         | [0048527037] ✗ GET /api/signals/sse/stream - 404 (1ms)
2025-12-28 00:48:58 | DEBUG    | app.main             | log_requests         | [0048584024] GET /api/signals/sse/stream
2025-12-28 00:48:58 | INFO     | app.main             | log_requests         | [0048584024] ✗ GET /api/signals/sse/stream - 404 (1ms)
2025-12-28 00:49:04 | DEBUG    | app.main             | log_requests         | [0049047060] GET /api/signals/sse/stream
2025-12-28 00:49:04 | INFO     | app.main             | log_requests         | [0049047060] ✗ GET /api/signals/sse/stream - 404 (1ms)
2025-12-28 00:49:10 | DEBUG    | app.main             | log_requests         | [0049104036] GET /api/signals/sse/stream
2025-12-28 00:49:10 | INFO     | app.main             | log_requests         | [0049104036] ✗ GET /api/signals/sse/stream - 404 (1ms)
2025-12-28 00:49:16 | DEBUG    | app.main             | log_requests         | [0049167040] GET /api/signals/sse/stream
2025-12-28 00:49:16 | INFO     | app.main             | log_requests         | [0049167040] ✗ GET /api/signals/sse/stream - 404 (0ms)
2025-12-28 00:49:22 | DEBUG    | app.main             | log_requests         | [0049224024] GET /api/signals/sse/stream
2025-12-28 00:49:22 | INFO     | app.main             | log_requests         | [0049224024] ✗ GET /api/signals/sse/stream - 404 (1ms)
2025-12-28 00:49:28 | DEBUG    | app.main             | log_requests         | [0049287041] GET /api/signals/sse/stream
2025-12-28 00:49:28 | INFO     | app.main             | log_requests         | [0049287041] ✗ GET /api/signals/sse/stream - 404 (0ms)
2025-12-28 00:49:34 | DEBUG    | app.main             | log_requests         | [0049344022] GET /api/signals/sse/stream
2025-12-28 00:49:34 | INFO     | app.main             | log_requests         | [0049344022] ✗ GET /api/signals/sse/stream - 404 (1ms)
2025-12-28 00:49:40 | DEBUG    | app.main             | log_requests         | [0049407045] GET /api/signals/sse/stream
2025-12-28 00:49:40 | INFO     | app.main             | log_requests         | [0049407045] ✗ GET /api/signals/sse/stream - 404 (0ms)
2025-12-28 00:49:46 | DEBUG    | app.main             | log_requests         | [0049464020] GET /api/signals/sse/stream
2025-12-28 00:49:46 | INFO     | app.main             | log_requests         | [0049464020] ✗ GET /api/signals/sse/stream - 404 (1ms)
2025-12-28 00:49:52 | DEBUG    | app.main             | log_requests         | [0049527036] GET /api/signals/sse/stream
2025-12-28 00:49:52 | INFO     | app.main             | log_requests         | [0049527036] ✗ GET /api/signals/sse/stream - 404 (1ms)
2025-12-28 00:49:58 | DEBUG    | app.main             | log_requests         | [0049584018] GET /api/signals/sse/stream
2025-12-28 00:49:58 | INFO     | app.main             | log_requests         | [0049584018] ✗ GET /api/signals/sse/stream - 404 (1ms)
2025-12-28 00:50:04 | DEBUG    | app.main             | log_requests         | [0050047048] GET /api/signals/sse/stream
2025-12-28 00:50:04 | INFO     | app.main             | log_requests         | [0050047048] ✗ GET /api/signals/sse/stream - 404 (1ms)
2025-12-28 00:50:10 | DEBUG    | app.main             | log_requests         | [0050104028] GET /api/signals/sse/stream
2025-12-28 00:50:10 | INFO     | app.main             | log_requests         | [0050104028] ✗ GET /api/signals/sse/stream - 404 (1ms)
2025-12-28 00:50:16 | DEBUG    | app.main             | log_requests         | [0050167039] GET /api/signals/sse/stream
2025-12-28 00:50:16 | INFO     | app.main             | log_requests         | [0050167039] ✗ GET /api/signals/sse/stream - 404 (0ms)
2025-12-28 00:50:22 | DEBUG    | app.main             | log_requests         | [0050224028] GET /api/signals/sse/stream
2025-12-28 00:50:22 | INFO     | app.main             | log_requests         | [0050224028] ✗ GET /api/signals/sse/stream - 404 (0ms)
2025-12-28 00:50:28 | DEBUG    | app.main             | log_requests         | [0050287043] GET /api/signals/sse/stream
2025-12-28 00:50:28 | INFO     | app.main             | log_requests         | [0050287043] ✗ GET /api/signals/sse/stream - 404 (1ms)
2025-12-28 00:50:34 | DEBUG    | app.main             | log_requests         | [0050344022] GET /api/signals/sse/stream
2025-12-28 00:50:34 | INFO     | app.main             | log_requests         | [0050344022] ✗ GET /api/signals/sse/stream - 404 (0ms)
2025-12-28 00:50:40 | DEBUG    | app.main             | log_requests         | [0050407033] GET /api/signals/sse/stream
2025-12-28 00:50:40 | INFO     | app.main             | log_requests         | [0050407033] ✗ GET /api/signals/sse/stream - 404 (1ms)
2025-12-28 00:50:46 | DEBUG    | app.main             | log_requests         | [0050464028] GET /api/signals/sse/stream
2025-12-28 00:50:46 | INFO     | app.main             | log_requests         | [0050464028] ✗ GET /api/signals/sse/stream - 404 (0ms)
2025-12-28 00:50:52 | DEBUG    | app.main             | log_requests         | [0050527023] GET /api/signals/sse/stream
2025-12-28 00:50:52 | INFO     | app.main             | log_requests         | [0050527023] ✗ GET /api/signals/sse/stream - 404 (1ms)
2025-12-28 00:50:58 | DEBUG    | app.main             | log_requests         | [0050584007] GET /api/signals/sse/stream
2025-12-28 00:50:58 | INFO     | app.main             | log_requests         | [0050584007] ✗ GET /api/signals/sse/stream - 404 (0ms)
2025-12-28 00:51:04 | DEBUG    | app.main             | log_requests         | [0051047035] GET /api/signals/sse/stream
2025-12-28 00:51:04 | INFO     | app.main             | log_requests         | [0051047035] ✗ GET /api/signals/sse/stream - 404 (0ms)
2025-12-28 00:51:10 | DEBUG    | app.main             | log_requests         | [0051104022] GET /api/signals/sse/stream
2025-12-28 00:51:10 | INFO     | app.main             | log_requests         | [0051104022] ✗ GET /api/signals/sse/stream - 404 (1ms)
2025-12-28 00:51:16 | DEBUG    | app.main             | log_requests         | [0051167046] GET /api/signals/sse/stream
2025-12-28 00:51:16 | INFO     | app.main             | log_requests         | [0051167046] ✗ GET /api/signals/sse/stream - 404 (0ms)
2025-12-28 00:51:22 | DEBUG    | app.main             | log_requests         | [0051224016] GET /api/signals/sse/stream
2025-12-28 00:51:22 | INFO     | app.main             | log_requests         | [0051224016] ✗ GET /api/signals/sse/stream - 404 (1ms)
2025-12-28 00:51:28 | DEBUG    | app.main             | log_requests         | [0051287024] GET /api/signals/sse/stream
2025-12-28 00:51:28 | INFO     | app.main             | log_requests         | [0051287024] ✗ GET /api/signals/sse/stream - 404 (1ms)
2025-12-28 00:51:34 | DEBUG    | app.main             | log_requests         | [0051344031] GET /api/signals/sse/stream
2025-12-28 00:51:34 | INFO     | app.main             | log_requests         | [0051344031] ✗ GET /api/signals/sse/stream - 404 (1ms)
2025-12-28 00:51:40 | DEBUG    | app.main             | log_requests         | [0051407053] GET /api/signals/sse/stream
2025-12-28 00:51:40 | INFO     | app.main             | log_requests         | [0051407053] ✗ GET /api/signals/sse/stream - 404 (0ms)
2025-12-28 00:51:46 | DEBUG    | app.main             | log_requests         | [0051464019] GET /api/signals/sse/stream
2025-12-28 00:51:46 | INFO     | app.main             | log_requests         | [0051464019] ✗ GET /api/signals/sse/stream - 404 (0ms)
2025-12-28 00:51:52 | DEBUG    | app.main             | log_requests         | [0051527039] GET /api/signals/sse/stream
2025-12-28 00:51:52 | INFO     | app.main             | log_requests         | [0051527039] ✗ GET /api/signals/sse/stream - 404 (1ms)
2025-12-28 00:51:58 | DEBUG    | app.main             | log_requests         | [0051584032] GET /api/signals/sse/stream
2025-12-28 00:51:58 | INFO     | app.main             | log_requests         | [0051584032] ✗ GET /api/signals/sse/stream - 404 (0ms)
2025-12-28 00:52:04 | DEBUG    | app.main             | log_requests         | [0052047044] GET /api/signals/sse/stream
2025-12-28 00:52:04 | INFO     | app.main             | log_requests         | [0052047044] ✗ GET /api/signals/sse/stream - 404 (1ms)
2025-12-28 00:52:10 | DEBUG    | app.main             | log_requests         | [0052104027] GET /api/signals/sse/stream
2025-12-28 00:52:10 | INFO     | app.main             | log_requests         | [0052104027] ✗ GET /api/signals/sse/stream - 404 (0ms)
2025-12-28 00:52:16 | DEBUG    | app.main             | log_requests         | [0052167046] GET /api/signals/sse/stream
2025-12-28 00:52:16 | INFO     | app.main             | log_requests         | [0052167046] ✗ GET /api/signals/sse/stream - 404 (2ms)
2025-12-28 00:52:22 | DEBUG    | app.main             | log_requests         | [0052224029] GET /api/signals/sse/stream
2025-12-28 00:52:22 | INFO     | app.main             | log_requests         | [0052224029] ✗ GET /api/signals/sse/stream - 404 (0ms)
2025-12-28 00:52:28 | DEBUG    | app.main             | log_requests         | [0052287040] GET /api/signals/sse/stream
2025-12-28 00:52:28 | INFO     | app.main             | log_requests         | [0052287040] ✗ GET /api/signals/sse/stream - 404 (1ms)
2025-12-28 00:52:34 | DEBUG    | app.main             | log_requests         | [0052344030] GET /api/signals/sse/stream
2025-12-28 00:52:34 | INFO     | app.main             | log_requests         | [0052344030] ✗ GET /api/signals/sse/stream - 404 (1ms)
2025-12-28 00:52:40 | DEBUG    | app.main             | log_requests         | [0052407061] GET /api/signals/sse/stream
2025-12-28 00:52:40 | INFO     | app.main             | log_requests         | [0052407061] ✗ GET /api/signals/sse/stream - 404 (1ms)
2025-12-28 00:52:46 | DEBUG    | app.main             | log_requests         | [0052464031] GET /api/signals/sse/stream
2025-12-28 00:52:46 | INFO     | app.main             | log_requests         | [0052464031] ✗ GET /api/signals/sse/stream - 404 (0ms)
2025-12-28 00:52:52 | DEBUG    | app.main             | log_requests         | [0052527023] GET /api/signals/sse/stream
2025-12-28 00:52:52 | INFO     | app.main             | log_requests         | [0052527023] ✗ GET /api/signals/sse/stream - 404 (0ms)
2025-12-28 00:52:58 | DEBUG    | app.main             | log_requests         | [0052584037] GET /api/signals/sse/stream
2025-12-28 00:52:58 | INFO     | app.main             | log_requests         | [0052584037] ✗ GET /api/signals/sse/stream - 404 (1ms)
2025-12-28 00:53:04 | DEBUG    | app.main             | log_requests         | [0053047038] GET /api/signals/sse/stream
2025-12-28 00:53:04 | INFO     | app.main             | log_requests         | [0053047038] ✗ GET /api/signals/sse/stream - 404 (0ms)
2025-12-28 00:53:10 | DEBUG    | app.main             | log_requests         | [0053104038] GET /api/signals/sse/stream
2025-12-28 00:53:10 | INFO     | app.main             | log_requests         | [0053104038] ✗ GET /api/signals/sse/stream - 404 (1ms)
2025-12-28 00:53:16 | DEBUG    | app.main             | log_requests         | [0053167039] GET /api/signals/sse/stream
2025-12-28 00:53:16 | INFO     | app.main             | log_requests         | [0053167039] ✗ GET /api/signals/sse/stream - 404 (1ms)
2025-12-28 00:53:22 | DEBUG    | app.main             | log_requests         | [0053224024] GET /api/signals/sse/stream
2025-12-28 00:53:22 | INFO     | app.main             | log_requests         | [0053224024] ✗ GET /api/signals/sse/stream - 404 (1ms)
2025-12-28 00:53:28 | DEBUG    | app.main             | log_requests         | [0053287036] GET /api/signals/sse/stream
2025-12-28 00:53:28 | INFO     | app.main             | log_requests         | [0053287036] ✗ GET /api/signals/sse/stream - 404 (0ms)
2025-12-28 00:53:34 | DEBUG    | app.main             | log_requests         | [0053344027] GET /api/signals/sse/stream
2025-12-28 00:53:34 | INFO     | app.main             | log_requests         | [0053344027] ✗ GET /api/signals/sse/stream - 404 (0ms)
2025-12-28 00:53:40 | DEBUG    | app.main             | log_requests         | [0053407045] GET /api/signals/sse/stream
2025-12-28 00:53:40 | INFO     | app.main             | log_requests         | [0053407045] ✗ GET /api/signals/sse/stream - 404 (1ms)
2025-12-28 00:53:46 | DEBUG    | app.main             | log_requests         | [0053464026] GET /api/signals/sse/stream
2025-12-28 00:53:46 | INFO     | app.main             | log_requests         | [0053464026] ✗ GET /api/signals/sse/stream - 404 (0ms)
2025-12-28 00:53:52 | DEBUG    | app.main             | log_requests         | [0053527040] GET /api/signals/sse/stream
2025-12-28 00:53:52 | INFO     | app.main             | log_requests         | [0053527040] ✗ GET /api/signals/sse/stream - 404 (1ms)
2025-12-28 00:53:58 | DEBUG    | app.main             | log_requests         | [0053584032] GET /api/signals/sse/stream
2025-12-28 00:53:58 | INFO     | app.main             | log_requests         | [0053584032] ✗ GET /api/signals/sse/stream - 404 (1ms)
2025-12-28 00:54:04 | DEBUG    | app.main             | log_requests         | [0054047045] GET /api/signals/sse/stream
2025-12-28 00:54:04 | INFO     | app.main             | log_requests         | [0054047045] ✗ GET /api/signals/sse/stream - 404 (1ms)
2025-12-28 00:54:10 | DEBUG    | app.main             | log_requests         | [0054104036] GET /api/signals/sse/stream
2025-12-28 00:54:10 | INFO     | app.main             | log_requests         | [0054104036] ✗ GET /api/signals/sse/stream - 404 (1ms)
2025-12-28 00:54:16 | DEBUG    | app.main             | log_requests         | [0054167040] GET /api/signals/sse/stream
2025-12-28 00:54:16 | INFO     | app.main             | log_requests         | [0054167040] ✗ GET /api/signals/sse/stream - 404 (1ms)
2025-12-28 00:54:22 | DEBUG    | app.main             | log_requests         | [0054224042] GET /api/signals/sse/stream
2025-12-28 00:54:22 | INFO     | app.main             | log_requests         | [0054224042] ✗ GET /api/signals/sse/stream - 404 (2ms)
2025-12-28 00:54:28 | DEBUG    | app.main             | log_requests         | [0054287040] GET /api/signals/sse/stream
2025-12-28 00:54:28 | INFO     | app.main             | log_requests         | [0054287040] ✗ GET /api/signals/sse/stream - 404 (1ms)
2025-12-28 00:54:34 | DEBUG    | app.main             | log_requests         | [0054344042] GET /api/signals/sse/stream
2025-12-28 00:54:34 | INFO     | app.main             | log_requests         | [0054344042] ✗ GET /api/signals/sse/stream - 404 (0ms)
2025-12-28 00:54:40 | DEBUG    | app.main             | log_requests         | [0054407036] GET /api/signals/sse/stream
2025-12-28 00:54:40 | INFO     | app.main             | log_requests         | [0054407036] ✗ GET /api/signals/sse/stream - 404 (1ms)
2025-12-28 00:54:46 | DEBUG    | app.main             | log_requests         | [0054464033] GET /api/signals/sse/stream
2025-12-28 00:54:46 | INFO     | app.main             | log_requests         | [0054464033] ✗ GET /api/signals/sse/stream - 404 (0ms)
2025-12-28 00:54:52 | DEBUG    | app.main             | log_requests         | [0054527050] GET /api/signals/sse/stream
2025-12-28 00:54:52 | INFO     | app.main             | log_requests         | [0054527050] ✗ GET /api/signals/sse/stream - 404 (0ms)
2025-12-28 00:54:58 | DEBUG    | app.main             | log_requests         | [0054584034] GET /api/signals/sse/stream
2025-12-28 00:54:58 | INFO     | app.main             | log_requests         | [0054584034] ✗ GET /api/signals/sse/stream - 404 (0ms)
2025-12-28 00:55:04 | DEBUG    | app.main             | log_requests         | [0055047034] GET /api/signals/sse/stream
2025-12-28 00:55:04 | INFO     | app.main             | log_requests         | [0055047034] ✗ GET /api/signals/sse/stream - 404 (0ms)
2025-12-28 00:55:10 | DEBUG    | app.main             | log_requests         | [0055104037] GET /api/signals/sse/stream
2025-12-28 00:55:10 | INFO     | app.main             | log_requests         | [0055104037] ✗ GET /api/signals/sse/stream - 404 (1ms)
2025-12-28 00:55:16 | DEBUG    | app.main             | log_requests         | [0055167037] GET /api/signals/sse/stream
2025-12-28 00:55:16 | INFO     | app.main             | log_requests         | [0055167037] ✗ GET /api/signals/sse/stream - 404 (0ms)
2025-12-28 00:55:22 | DEBUG    | app.main             | log_requests         | [0055224028] GET /api/signals/sse/stream
2025-12-28 00:55:22 | INFO     | app.main             | log_requests         | [0055224028] ✗ GET /api/signals/sse/stream - 404 (1ms)
2025-12-28 00:55:28 | DEBUG    | app.main             | log_requests         | [0055287054] GET /api/signals/sse/stream
2025-12-28 00:55:28 | INFO     | app.main             | log_requests         | [0055287054] ✗ GET /api/signals/sse/stream - 404 (1ms)
2025-12-28 00:55:34 | DEBUG    | app.main             | log_requests         | [0055344036] GET /api/signals/sse/stream
2025-12-28 00:55:34 | INFO     | app.main             | log_requests         | [0055344036] ✗ GET /api/signals/sse/stream - 404 (0ms)
2025-12-28 00:55:40 | DEBUG    | app.main             | log_requests         | [0055407045] GET /api/signals/sse/stream
2025-12-28 00:55:40 | INFO     | app.main             | log_requests         | [0055407045] ✗ GET /api/signals/sse/stream - 404 (0ms)
2025-12-28 00:55:46 | DEBUG    | app.main             | log_requests         | [0055464026] GET /api/signals/sse/stream
2025-12-28 00:55:46 | INFO     | app.main             | log_requests         | [0055464026] ✗ GET /api/signals/sse/stream - 404 (0ms)
2025-12-28 00:55:52 | DEBUG    | app.main             | log_requests         | [0055527037] GET /api/signals/sse/stream
2025-12-28 00:55:52 | INFO     | app.main             | log_requests         | [0055527037] ✗ GET /api/signals/sse/stream - 404 (1ms)
2025-12-28 00:55:58 | DEBUG    | app.main             | log_requests         | [0055584030] GET /api/signals/sse/stream
2025-12-28 00:55:58 | INFO     | app.main             | log_requests         | [0055584030] ✗ GET /api/signals/sse/stream - 404 (1ms)
2025-12-28 00:56:04 | DEBUG    | app.main             | log_requests         | [0056047018] GET /api/signals/sse/stream
2025-12-28 00:56:04 | INFO     | app.main             | log_requests         | [0056047018] ✗ GET /api/signals/sse/stream - 404 (0ms)
2025-12-28 00:56:10 | DEBUG    | app.main             | log_requests         | [0056104024] GET /api/signals/sse/stream
2025-12-28 00:56:10 | INFO     | app.main             | log_requests         | [0056104024] ✗ GET /api/signals/sse/stream - 404 (1ms)
2025-12-28 00:56:16 | DEBUG    | app.main             | log_requests         | [0056167337] GET /api/signals/sse/stream
2025-12-28 00:56:16 | INFO     | app.main             | log_requests         | [0056167337] ✗ GET /api/signals/sse/stream - 404 (0ms)
2025-12-28 00:56:22 | DEBUG    | app.main             | log_requests         | [0056224033] GET /api/signals/sse/stream
2025-12-28 00:56:22 | INFO     | app.main             | log_requests         | [0056224033] ✗ GET /api/signals/sse/stream - 404 (1ms)
2025-12-28 00:56:28 | DEBUG    | app.main             | log_requests         | [0056287021] GET /api/signals/sse/stream
2025-12-28 00:56:28 | INFO     | app.main             | log_requests         | [0056287021] ✗ GET /api/signals/sse/stream - 404 (0ms)
2025-12-28 00:56:34 | DEBUG    | app.main             | log_requests         | [0056344028] GET /api/signals/sse/stream
2025-12-28 00:56:34 | INFO     | app.main             | log_requests         | [0056344028] ✗ GET /api/signals/sse/stream - 404 (1ms)
2025-12-28 00:56:40 | DEBUG    | app.main             | log_requests         | [0056407033] GET /api/signals/sse/stream
2025-12-28 00:56:40 | INFO     | app.main             | log_requests         | [0056407033] ✗ GET /api/signals/sse/stream - 404 (1ms)
2025-12-28 00:56:46 | DEBUG    | app.main             | log_requests         | [0056464016] GET /api/signals/sse/stream
2025-12-28 00:56:46 | INFO     | app.main             | log_requests         | [0056464016] ✗ GET /api/signals/sse/stream - 404 (1ms)
2025-12-28 00:56:52 | DEBUG    | app.main             | log_requests         | [0056527036] GET /api/signals/sse/stream
2025-12-28 00:56:52 | INFO     | app.main             | log_requests         | [0056527036] ✗ GET /api/signals/sse/stream - 404 (1ms)
2025-12-28 00:56:58 | DEBUG    | app.main             | log_requests         | [0056584013] GET /api/signals/sse/stream
2025-12-28 00:56:58 | INFO     | app.main             | log_requests         | [0056584013] ✗ GET /api/signals/sse/stream - 404 (0ms)
2025-12-28 00:57:04 | DEBUG    | app.main             | log_requests         | [0057047018] GET /api/signals/sse/stream
2025-12-28 00:57:04 | INFO     | app.main             | log_requests         | [0057047018] ✗ GET /api/signals/sse/stream - 404 (0ms)
2025-12-28 00:57:10 | DEBUG    | app.main             | log_requests         | [0057104035] GET /api/signals/sse/stream
2025-12-28 00:57:10 | INFO     | app.main             | log_requests         | [0057104035] ✗ GET /api/signals/sse/stream - 404 (0ms)
2025-12-28 00:57:16 | DEBUG    | app.main             | log_requests         | [0057167043] GET /api/signals/sse/stream
2025-12-28 00:57:16 | INFO     | app.main             | log_requests         | [0057167043] ✗ GET /api/signals/sse/stream - 404 (1ms)
2025-12-28 00:57:22 | DEBUG    | app.main             | log_requests         | [0057224026] GET /api/signals/sse/stream
2025-12-28 00:57:22 | INFO     | app.main             | log_requests         | [0057224026] ✗ GET /api/signals/sse/stream - 404 (1ms)
2025-12-28 00:57:28 | DEBUG    | app.main             | log_requests         | [0057287035] GET /api/signals/sse/stream
2025-12-28 00:57:28 | INFO     | app.main             | log_requests         | [0057287035] ✗ GET /api/signals/sse/stream - 404 (1ms)
2025-12-28 00:57:34 | DEBUG    | app.main             | log_requests         | [0057344025] GET /api/signals/sse/stream
2025-12-28 00:57:34 | INFO     | app.main             | log_requests         | [0057344025] ✗ GET /api/signals/sse/stream - 404 (1ms)
2025-12-28 00:57:40 | DEBUG    | app.main             | log_requests         | [0057407022] GET /api/signals/sse/stream
2025-12-28 00:57:40 | INFO     | app.main             | log_requests         | [0057407022] ✗ GET /api/signals/sse/stream - 404 (0ms)
2025-12-28 00:57:46 | DEBUG    | app.main             | log_requests         | [0057464025] GET /api/signals/sse/stream
2025-12-28 00:57:46 | INFO     | app.main             | log_requests         | [0057464025] ✗ GET /api/signals/sse/stream - 404 (1ms)
2025-12-28 00:57:52 | DEBUG    | app.main             | log_requests         | [0057527045] GET /api/signals/sse/stream
2025-12-28 00:57:52 | INFO     | app.main             | log_requests         | [0057527045] ✗ GET /api/signals/sse/stream - 404 (1ms)
2025-12-28 00:57:58 | DEBUG    | app.main             | log_requests         | [0057584030] GET /api/signals/sse/stream
2025-12-28 00:57:58 | INFO     | app.main             | log_requests         | [0057584030] ✗ GET /api/signals/sse/stream - 404 (0ms)
2025-12-28 00:58:04 | DEBUG    | app.main             | log_requests         | [0058047029] GET /api/signals/sse/stream
2025-12-28 00:58:04 | INFO     | app.main             | log_requests         | [0058047029] ✗ GET /api/signals/sse/stream - 404 (1ms)
2025-12-28 00:58:10 | DEBUG    | app.main             | log_requests         | [0058104028] GET /api/signals/sse/stream
2025-12-28 00:58:10 | INFO     | app.main             | log_requests         | [0058104028] ✗ GET /api/signals/sse/stream - 404 (0ms)
2025-12-28 00:58:16 | DEBUG    | app.main             | log_requests         | [0058167040] GET /api/signals/sse/stream
2025-12-28 00:58:16 | INFO     | app.main             | log_requests         | [0058167040] ✗ GET /api/signals/sse/stream - 404 (1ms)
2025-12-28 00:58:22 | DEBUG    | app.main             | log_requests         | [0058224018] GET /api/signals/sse/stream
2025-12-28 00:58:22 | INFO     | app.main             | log_requests         | [0058224018] ✗ GET /api/signals/sse/stream - 404 (2ms)
2025-12-28 00:58:28 | DEBUG    | app.main             | log_requests         | [0058287037] GET /api/signals/sse/stream
2025-12-28 00:58:28 | INFO     | app.main             | log_requests         | [0058287037] ✗ GET /api/signals/sse/stream - 404 (1ms)
2025-12-28 00:58:34 | DEBUG    | app.main             | log_requests         | [0058344028] GET /api/signals/sse/stream
2025-12-28 00:58:34 | INFO     | app.main             | log_requests         | [0058344028] ✗ GET /api/signals/sse/stream - 404 (1ms)
2025-12-28 00:58:40 | DEBUG    | app.main             | log_requests         | [0058407047] GET /api/signals/sse/stream
2025-12-28 00:58:40 | INFO     | app.main             | log_requests         | [0058407047] ✗ GET /api/signals/sse/stream - 404 (1ms)
2025-12-28 00:58:46 | DEBUG    | app.main             | log_requests         | [0058464019] GET /api/signals/sse/stream
2025-12-28 00:58:46 | INFO     | app.main             | log_requests         | [0058464019] ✗ GET /api/signals/sse/stream - 404 (0ms)
2025-12-28 00:58:52 | DEBUG    | app.main             | log_requests         | [0058527038] GET /api/signals/sse/stream
2025-12-28 00:58:52 | INFO     | app.main             | log_requests         | [0058527038] ✗ GET /api/signals/sse/stream - 404 (0ms)
2025-12-28 00:58:58 | DEBUG    | app.main             | log_requests         | [0058584021] GET /api/signals/sse/stream
2025-12-28 00:58:58 | INFO     | app.main             | log_requests         | [0058584021] ✗ GET /api/signals/sse/stream - 404 (1ms)
2025-12-28 00:59:04 | DEBUG    | app.main             | log_requests         | [0059047027] GET /api/signals/sse/stream
2025-12-28 00:59:04 | INFO     | app.main             | log_requests         | [0059047027] ✗ GET /api/signals/sse/stream - 404 (0ms)
2025-12-28 00:59:10 | DEBUG    | app.main             | log_requests         | [0059104035] GET /api/signals/sse/stream
2025-12-28 00:59:10 | INFO     | app.main             | log_requests         | [0059104035] ✗ GET /api/signals/sse/stream - 404 (1ms)
2025-12-28 00:59:16 | DEBUG    | app.main             | log_requests         | [0059167042] GET /api/signals/sse/stream
2025-12-28 00:59:16 | INFO     | app.main             | log_requests         | [0059167042] ✗ GET /api/signals/sse/stream - 404 (0ms)
2025-12-28 00:59:22 | DEBUG    | app.main             | log_requests         | [0059224030] GET /api/signals/sse/stream
2025-12-28 00:59:22 | INFO     | app.main             | log_requests         | [0059224030] ✗ GET /api/signals/sse/stream - 404 (0ms)
2025-12-28 00:59:28 | DEBUG    | app.main             | log_requests         | [0059287035] GET /api/signals/sse/stream
2025-12-28 00:59:28 | INFO     | app.main             | log_requests         | [0059287035] ✗ GET /api/signals/sse/stream - 404 (0ms)
2025-12-28 00:59:34 | DEBUG    | app.main             | log_requests         | [0059344022] GET /api/signals/sse/stream
2025-12-28 00:59:34 | INFO     | app.main             | log_requests         | [0059344022] ✗ GET /api/signals/sse/stream - 404 (0ms)
2025-12-28 00:59:40 | DEBUG    | app.main             | log_requests         | [0059407041] GET /api/signals/sse/stream
2025-12-28 00:59:40 | INFO     | app.main             | log_requests         | [0059407041] ✗ GET /api/signals/sse/stream - 404 (0ms)
2025-12-28 00:59:46 | DEBUG    | app.main             | log_requests         | [0059464026] GET /api/signals/sse/stream
2025-12-28 00:59:46 | INFO     | app.main             | log_requests         | [0059464026] ✗ GET /api/signals/sse/stream - 404 (0ms)
2025-12-28 00:59:52 | DEBUG    | app.main             | log_requests         | [0059527063] GET /api/signals/sse/stream
2025-12-28 00:59:52 | INFO     | app.main             | log_requests         | [0059527063] ✗ GET /api/signals/sse/stream - 404 (0ms)
2025-12-28 00:59:58 | DEBUG    | app.main             | log_requests         | [0059584023] GET /api/signals/sse/stream
2025-12-28 00:59:58 | INFO     | app.main             | log_requests         | [0059584023] ✗ GET /api/signals/sse/stream - 404 (1ms)
2025-12-28 01:00:04 | DEBUG    | app.main             | log_requests         | [0100047051] GET /api/signals/sse/stream
2025-12-28 01:00:04 | INFO     | app.main             | log_requests         | [0100047051] ✗ GET /api/signals/sse/stream - 404 (1ms)
2025-12-28 01:00:10 | DEBUG    | app.main             | log_requests         | [0100104025] GET /api/signals/sse/stream
2025-12-28 01:00:10 | INFO     | app.main             | log_requests         | [0100104025] ✗ GET /api/signals/sse/stream - 404 (0ms)
2025-12-28 01:00:16 | DEBUG    | app.main             | log_requests         | [0100167028] GET /api/signals/sse/stream
2025-12-28 01:00:16 | INFO     | app.main             | log_requests         | [0100167028] ✗ GET /api/signals/sse/stream - 404 (0ms)
2025-12-28 01:00:22 | DEBUG    | app.main             | log_requests         | [0100224034] GET /api/signals/sse/stream
2025-12-28 01:00:22 | INFO     | app.main             | log_requests         | [0100224034] ✗ GET /api/signals/sse/stream - 404 (0ms)
2025-12-28 01:00:28 | DEBUG    | app.main             | log_requests         | [0100287034] GET /api/signals/sse/stream
2025-12-28 01:00:28 | INFO     | app.main             | log_requests         | [0100287034] ✗ GET /api/signals/sse/stream - 404 (1ms)
2025-12-28 01:00:34 | DEBUG    | app.main             | log_requests         | [0100344031] GET /api/signals/sse/stream
2025-12-28 01:00:34 | INFO     | app.main             | log_requests         | [0100344031] ✗ GET /api/signals/sse/stream - 404 (1ms)
2025-12-28 01:00:40 | DEBUG    | app.main             | log_requests         | [0100407062] GET /api/signals/sse/stream
2025-12-28 01:00:40 | INFO     | app.main             | log_requests         | [0100407062] ✗ GET /api/signals/sse/stream - 404 (1ms)
2025-12-28 01:00:46 | DEBUG    | app.main             | log_requests         | [0100464033] GET /api/signals/sse/stream
2025-12-28 01:00:46 | INFO     | app.main             | log_requests         | [0100464033] ✗ GET /api/signals/sse/stream - 404 (2ms)
2025-12-28 01:00:52 | DEBUG    | app.main             | log_requests         | [0100527040] GET /api/signals/sse/stream
2025-12-28 01:00:52 | INFO     | app.main             | log_requests         | [0100527040] ✗ GET /api/signals/sse/stream - 404 (0ms)
2025-12-28 01:00:58 | DEBUG    | app.main             | log_requests         | [0100584040] GET /api/signals/sse/stream
2025-12-28 01:00:58 | INFO     | app.main             | log_requests         | [0100584040] ✗ GET /api/signals/sse/stream - 404 (1ms)
2025-12-28 01:01:04 | DEBUG    | app.main             | log_requests         | [0101047038] GET /api/signals/sse/stream
2025-12-28 01:01:04 | INFO     | app.main             | log_requests         | [0101047038] ✗ GET /api/signals/sse/stream - 404 (1ms)
2025-12-28 01:01:10 | DEBUG    | app.main             | log_requests         | [0101104028] GET /api/signals/sse/stream
2025-12-28 01:01:10 | INFO     | app.main             | log_requests         | [0101104028] ✗ GET /api/signals/sse/stream - 404 (1ms)
2025-12-28 01:01:16 | DEBUG    | app.main             | log_requests         | [0101167043] GET /api/signals/sse/stream
2025-12-28 01:01:16 | INFO     | app.main             | log_requests         | [0101167043] ✗ GET /api/signals/sse/stream - 404 (1ms)
2025-12-28 01:01:22 | DEBUG    | app.main             | log_requests         | [0101224035] GET /api/signals/sse/stream
2025-12-28 01:01:22 | INFO     | app.main             | log_requests         | [0101224035] ✗ GET /api/signals/sse/stream - 404 (1ms)
2025-12-28 01:01:28 | DEBUG    | app.main             | log_requests         | [0101287042] GET /api/signals/sse/stream
2025-12-28 01:01:28 | INFO     | app.main             | log_requests         | [0101287042] ✗ GET /api/signals/sse/stream - 404 (0ms)
2025-12-28 01:01:34 | DEBUG    | app.main             | log_requests         | [0101344030] GET /api/signals/sse/stream
2025-12-28 01:01:34 | INFO     | app.main             | log_requests         | [0101344030] ✗ GET /api/signals/sse/stream - 404 (1ms)
2025-12-28 01:01:40 | DEBUG    | app.main             | log_requests         | [0101407038] GET /api/signals/sse/stream
2025-12-28 01:01:40 | INFO     | app.main             | log_requests         | [0101407038] ✗ GET /api/signals/sse/stream - 404 (0ms)
2025-12-28 01:01:46 | DEBUG    | app.main             | log_requests         | [0101464030] GET /api/signals/sse/stream
2025-12-28 01:01:46 | INFO     | app.main             | log_requests         | [0101464030] ✗ GET /api/signals/sse/stream - 404 (1ms)
2025-12-28 01:01:52 | DEBUG    | app.main             | log_requests         | [0101527437] GET /api/signals/sse/stream
2025-12-28 01:01:52 | INFO     | app.main             | log_requests         | [0101527437] ✗ GET /api/signals/sse/stream - 404 (0ms)
2025-12-28 01:01:58 | DEBUG    | app.main             | log_requests         | [0101584030] GET /api/signals/sse/stream
2025-12-28 01:01:58 | INFO     | app.main             | log_requests         | [0101584030] ✗ GET /api/signals/sse/stream - 404 (1ms)
2025-12-28 01:02:04 | DEBUG    | app.main             | log_requests         | [0102047049] GET /api/signals/sse/stream
2025-12-28 01:02:04 | INFO     | app.main             | log_requests         | [0102047049] ✗ GET /api/signals/sse/stream - 404 (0ms)
2025-12-28 01:02:10 | DEBUG    | app.main             | log_requests         | [0102104022] GET /api/signals/sse/stream
2025-12-28 01:02:10 | INFO     | app.main             | log_requests         | [0102104022] ✗ GET /api/signals/sse/stream - 404 (1ms)
2025-12-28 01:02:16 | DEBUG    | app.main             | log_requests         | [0102167041] GET /api/signals/sse/stream
2025-12-28 01:02:16 | INFO     | app.main             | log_requests         | [0102167041] ✗ GET /api/signals/sse/stream - 404 (0ms)
2025-12-28 01:02:22 | DEBUG    | app.main             | log_requests         | [0102224029] GET /api/signals/sse/stream
2025-12-28 01:02:22 | INFO     | app.main             | log_requests         | [0102224029] ✗ GET /api/signals/sse/stream - 404 (1ms)
2025-12-28 01:02:28 | DEBUG    | app.main             | log_requests         | [0102287033] GET /api/signals/sse/stream
2025-12-28 01:02:28 | INFO     | app.main             | log_requests         | [0102287033] ✗ GET /api/signals/sse/stream - 404 (1ms)
2025-12-28 01:02:34 | DEBUG    | app.main             | log_requests         | [0102344035] GET /api/signals/sse/stream
2025-12-28 01:02:34 | INFO     | app.main             | log_requests         | [0102344035] ✗ GET /api/signals/sse/stream - 404 (0ms)
2025-12-28 01:02:40 | DEBUG    | app.main             | log_requests         | [0102407054] GET /api/signals/sse/stream
2025-12-28 01:02:40 | INFO     | app.main             | log_requests         | [0102407054] ✗ GET /api/signals/sse/stream - 404 (1ms)
2025-12-28 01:02:46 | DEBUG    | app.main             | log_requests         | [0102464032] GET /api/signals/sse/stream
2025-12-28 01:02:46 | INFO     | app.main             | log_requests         | [0102464032] ✗ GET /api/signals/sse/stream - 404 (0ms)
2025-12-28 01:02:52 | DEBUG    | app.main             | log_requests         | [0102527048] GET /api/signals/sse/stream
2025-12-28 01:02:52 | INFO     | app.main             | log_requests         | [0102527048] ✗ GET /api/signals/sse/stream - 404 (0ms)
2025-12-28 01:02:58 | DEBUG    | app.main             | log_requests         | [0102584029] GET /api/signals/sse/stream
2025-12-28 01:02:58 | INFO     | app.main             | log_requests         | [0102584029] ✗ GET /api/signals/sse/stream - 404 (0ms)
2025-12-28 01:03:04 | DEBUG    | app.main             | log_requests         | [0103047052] GET /api/signals/sse/stream
2025-12-28 01:03:04 | INFO     | app.main             | log_requests         | [0103047052] ✗ GET /api/signals/sse/stream - 404 (0ms)
2025-12-28 01:03:10 | DEBUG    | app.main             | log_requests         | [0103104022] GET /api/signals/sse/stream
2025-12-28 01:03:10 | INFO     | app.main             | log_requests         | [0103104022] ✗ GET /api/signals/sse/stream - 404 (1ms)
2025-12-28 01:03:16 | DEBUG    | app.main             | log_requests         | [0103167040] GET /api/signals/sse/stream
2025-12-28 01:03:16 | INFO     | app.main             | log_requests         | [0103167040] ✗ GET /api/signals/sse/stream - 404 (1ms)
2025-12-28 01:03:22 | DEBUG    | app.main             | log_requests         | [0103224028] GET /api/signals/sse/stream
2025-12-28 01:03:22 | INFO     | app.main             | log_requests         | [0103224028] ✗ GET /api/signals/sse/stream - 404 (1ms)
2025-12-28 01:03:28 | DEBUG    | app.main             | log_requests         | [0103287031] GET /api/signals/sse/stream
2025-12-28 01:03:28 | INFO     | app.main             | log_requests         | [0103287031] ✗ GET /api/signals/sse/stream - 404 (0ms)
2025-12-28 01:03:34 | DEBUG    | app.main             | log_requests         | [0103344020] GET /api/signals/sse/stream
2025-12-28 01:03:34 | INFO     | app.main             | log_requests         | [0103344020] ✗ GET /api/signals/sse/stream - 404 (1ms)
2025-12-28 01:03:40 | DEBUG    | app.main             | log_requests         | [0103407033] GET /api/signals/sse/stream
2025-12-28 01:03:40 | INFO     | app.main             | log_requests         | [0103407033] ✗ GET /api/signals/sse/stream - 404 (1ms)
2025-12-28 01:03:46 | DEBUG    | app.main             | log_requests         | [0103464028] GET /api/signals/sse/stream
2025-12-28 01:03:46 | INFO     | app.main             | log_requests         | [0103464028] ✗ GET /api/signals/sse/stream - 404 (0ms)
2025-12-28 01:03:52 | DEBUG    | app.main             | log_requests         | [0103527043] GET /api/signals/sse/stream
2025-12-28 01:03:52 | INFO     | app.main             | log_requests         | [0103527043] ✗ GET /api/signals/sse/stream - 404 (0ms)
2025-12-28 01:03:58 | DEBUG    | app.main             | log_requests         | [0103584033] GET /api/signals/sse/stream
2025-12-28 01:03:58 | INFO     | app.main             | log_requests         | [0103584033] ✗ GET /api/signals/sse/stream - 404 (1ms)
2025-12-28 01:04:04 | DEBUG    | app.main             | log_requests         | [0104047036] GET /api/signals/sse/stream
2025-12-28 01:04:04 | INFO     | app.main             | log_requests         | [0104047036] ✗ GET /api/signals/sse/stream - 404 (0ms)
2025-12-28 01:04:10 | DEBUG    | app.main             | log_requests         | [0104104027] GET /api/signals/sse/stream
2025-12-28 01:04:10 | INFO     | app.main             | log_requests         | [0104104027] ✗ GET /api/signals/sse/stream - 404 (1ms)
2025-12-28 01:04:16 | DEBUG    | app.main             | log_requests         | [0104167037] GET /api/signals/sse/stream
2025-12-28 01:04:16 | INFO     | app.main             | log_requests         | [0104167037] ✗ GET /api/signals/sse/stream - 404 (1ms)
2025-12-28 01:04:22 | DEBUG    | app.main             | log_requests         | [0104224021] GET /api/signals/sse/stream
2025-12-28 01:04:22 | INFO     | app.main             | log_requests         | [0104224021] ✗ GET /api/signals/sse/stream - 404 (1ms)
2025-12-28 01:04:28 | DEBUG    | app.main             | log_requests         | [0104287045] GET /api/signals/sse/stream
2025-12-28 01:04:28 | INFO     | app.main             | log_requests         | [0104287045] ✗ GET /api/signals/sse/stream - 404 (1ms)
2025-12-28 01:04:34 | DEBUG    | app.main             | log_requests         | [0104344025] GET /api/signals/sse/stream
2025-12-28 01:04:34 | INFO     | app.main             | log_requests         | [0104344025] ✗ GET /api/signals/sse/stream - 404 (1ms)
2025-12-28 01:04:40 | DEBUG    | app.main             | log_requests         | [0104407060] GET /api/signals/sse/stream
2025-12-28 01:04:40 | INFO     | app.main             | log_requests         | [0104407060] ✗ GET /api/signals/sse/stream - 404 (0ms)
2025-12-28 01:04:43 | DEBUG    | app.main             | log_requests         | [0104433727] GET /robots.txt
2025-12-28 01:04:43 | INFO     | app.main             | log_requests         | [0104433727] ✗ GET /robots.txt - 404 (2ms)
2025-12-28 01:04:46 | DEBUG    | app.main             | log_requests         | [0104464031] GET /api/signals/sse/stream
2025-12-28 01:04:46 | INFO     | app.main             | log_requests         | [0104464031] ✗ GET /api/signals/sse/stream - 404 (1ms)
2025-12-28 01:04:52 | DEBUG    | app.main             | log_requests         | [0104527026] GET /api/signals/sse/stream
2025-12-28 01:04:52 | INFO     | app.main             | log_requests         | [0104527026] ✗ GET /api/signals/sse/stream - 404 (0ms)
2025-12-28 01:04:58 | DEBUG    | app.main             | log_requests         | [0104584021] GET /api/signals/sse/stream
2025-12-28 01:04:58 | INFO     | app.main             | log_requests         | [0104584021] ✗ GET /api/signals/sse/stream - 404 (0ms)
2025-12-28 01:05:04 | DEBUG    | app.main             | log_requests         | [0105047045] GET /api/signals/sse/stream
2025-12-28 01:05:04 | INFO     | app.main             | log_requests         | [0105047045] ✗ GET /api/signals/sse/stream - 404 (0ms)
2025-12-28 01:05:10 | DEBUG    | app.main             | log_requests         | [0105104025] GET /api/signals/sse/stream
2025-12-28 01:05:10 | INFO     | app.main             | log_requests         | [0105104025] ✗ GET /api/signals/sse/stream - 404 (0ms)
2025-12-28 01:05:16 | DEBUG    | app.main             | log_requests         | [0105167045] GET /api/signals/sse/stream
2025-12-28 01:05:16 | INFO     | app.main             | log_requests         | [0105167045] ✗ GET /api/signals/sse/stream - 404 (0ms)
2025-12-28 01:05:22 | DEBUG    | app.main             | log_requests         | [0105224031] GET /api/signals/sse/stream
2025-12-28 01:05:22 | INFO     | app.main             | log_requests         | [0105224031] ✗ GET /api/signals/sse/stream - 404 (0ms)
2025-12-28 01:05:28 | DEBUG    | app.main             | log_requests         | [0105287046] GET /api/signals/sse/stream
2025-12-28 01:05:28 | INFO     | app.main             | log_requests         | [0105287046] ✗ GET /api/signals/sse/stream - 404 (1ms)
2025-12-28 01:05:34 | DEBUG    | app.main             | log_requests         | [0105344043] GET /api/signals/sse/stream
2025-12-28 01:05:34 | INFO     | app.main             | log_requests         | [0105344043] ✗ GET /api/signals/sse/stream - 404 (1ms)
2025-12-28 01:05:40 | DEBUG    | app.main             | log_requests         | [0105407022] GET /api/signals/sse/stream
2025-12-28 01:05:40 | INFO     | app.main             | log_requests         | [0105407022] ✗ GET /api/signals/sse/stream - 404 (1ms)
2025-12-28 01:05:46 | DEBUG    | app.main             | log_requests         | [0105464023] GET /api/signals/sse/stream
2025-12-28 01:05:46 | INFO     | app.main             | log_requests         | [0105464023] ✗ GET /api/signals/sse/stream - 404 (1ms)
2025-12-28 01:05:52 | DEBUG    | app.main             | log_requests         | [0105527034] GET /api/signals/sse/stream
2025-12-28 01:05:52 | INFO     | app.main             | log_requests         | [0105527034] ✗ GET /api/signals/sse/stream - 404 (0ms)
2025-12-28 01:05:58 | DEBUG    | app.main             | log_requests         | [0105584010] GET /api/signals/sse/stream
2025-12-28 01:05:58 | INFO     | app.main             | log_requests         | [0105584010] ✗ GET /api/signals/sse/stream - 404 (0ms)
2025-12-28 01:06:04 | DEBUG    | app.main             | log_requests         | [0106047027] GET /api/signals/sse/stream
2025-12-28 01:06:04 | INFO     | app.main             | log_requests         | [0106047027] ✗ GET /api/signals/sse/stream - 404 (0ms)
2025-12-28 01:06:10 | DEBUG    | app.main             | log_requests         | [0106104036] GET /api/signals/sse/stream
2025-12-28 01:06:10 | INFO     | app.main             | log_requests         | [0106104036] ✗ GET /api/signals/sse/stream - 404 (1ms)
2025-12-28 01:06:16 | DEBUG    | app.main             | log_requests         | [0106167042] GET /api/signals/sse/stream
2025-12-28 01:06:16 | INFO     | app.main             | log_requests         | [0106167042] ✗ GET /api/signals/sse/stream - 404 (1ms)
2025-12-28 01:06:22 | DEBUG    | app.main             | log_requests         | [0106224028] GET /api/signals/sse/stream
2025-12-28 01:06:22 | INFO     | app.main             | log_requests         | [0106224028] ✗ GET /api/signals/sse/stream - 404 (1ms)
2025-12-28 01:06:28 | DEBUG    | app.main             | log_requests         | [0106287038] GET /api/signals/sse/stream
2025-12-28 01:06:28 | INFO     | app.main             | log_requests         | [0106287038] ✗ GET /api/signals/sse/stream - 404 (0ms)
2025-12-28 01:06:34 | DEBUG    | app.main             | log_requests         | [0106344028] GET /api/signals/sse/stream
2025-12-28 01:06:34 | INFO     | app.main             | log_requests         | [0106344028] ✗ GET /api/signals/sse/stream - 404 (0ms)
2025-12-28 01:06:40 | DEBUG    | app.main             | log_requests         | [0106407032] GET /api/signals/sse/stream
2025-12-28 01:06:40 | INFO     | app.main             | log_requests         | [0106407032] ✗ GET /api/signals/sse/stream - 404 (1ms)
2025-12-28 01:06:46 | DEBUG    | app.main             | log_requests         | [0106464035] GET /api/signals/sse/stream
2025-12-28 01:06:46 | INFO     | app.main             | log_requests         | [0106464035] ✗ GET /api/signals/sse/stream - 404 (1ms)
2025-12-28 01:06:52 | DEBUG    | app.main             | log_requests         | [0106527036] GET /api/signals/sse/stream
2025-12-28 01:06:52 | INFO     | app.main             | log_requests         | [0106527036] ✗ GET /api/signals/sse/stream - 404 (0ms)
2025-12-28 01:06:58 | DEBUG    | app.main             | log_requests         | [0106584022] GET /api/signals/sse/stream
2025-12-28 01:06:58 | INFO     | app.main             | log_requests         | [0106584022] ✗ GET /api/signals/sse/stream - 404 (0ms)
2025-12-28 01:07:04 | DEBUG    | app.main             | log_requests         | [0107047042] GET /api/signals/sse/stream
2025-12-28 01:07:04 | INFO     | app.main             | log_requests         | [0107047042] ✗ GET /api/signals/sse/stream - 404 (1ms)
2025-12-28 01:07:10 | DEBUG    | app.main             | log_requests         | [0107104029] GET /api/signals/sse/stream
2025-12-28 01:07:10 | INFO     | app.main             | log_requests         | [0107104029] ✗ GET /api/signals/sse/stream - 404 (1ms)
2025-12-28 01:07:16 | DEBUG    | app.main             | log_requests         | [0107167025] GET /api/signals/sse/stream
2025-12-28 01:07:16 | INFO     | app.main             | log_requests         | [0107167025] ✗ GET /api/signals/sse/stream - 404 (0ms)
2025-12-28 01:07:22 | DEBUG    | app.main             | log_requests         | [0107224030] GET /api/signals/sse/stream
2025-12-28 01:07:22 | INFO     | app.main             | log_requests         | [0107224030] ✗ GET /api/signals/sse/stream - 404 (1ms)
2025-12-28 01:07:28 | DEBUG    | app.main             | log_requests         | [0107287046] GET /api/signals/sse/stream
2025-12-28 01:07:28 | INFO     | app.main             | log_requests         | [0107287046] ✗ GET /api/signals/sse/stream - 404 (1ms)
2025-12-28 01:07:34 | DEBUG    | app.main             | log_requests         | [0107344028] GET /api/signals/sse/stream
2025-12-28 01:07:34 | INFO     | app.main             | log_requests         | [0107344028] ✗ GET /api/signals/sse/stream - 404 (1ms)
2025-12-28 01:07:40 | DEBUG    | app.main             | log_requests         | [0107407044] GET /api/signals/sse/stream
2025-12-28 01:07:40 | INFO     | app.main             | log_requests         | [0107407044] ✗ GET /api/signals/sse/stream - 404 (1ms)
2025-12-28 01:07:46 | DEBUG    | app.main             | log_requests         | [0107464030] GET /api/signals/sse/stream
2025-12-28 01:07:46 | INFO     | app.main             | log_requests         | [0107464030] ✗ GET /api/signals/sse/stream - 404 (0ms)
2025-12-28 01:07:52 | DEBUG    | app.main             | log_requests         | [0107527048] GET /api/signals/sse/stream
2025-12-28 01:07:52 | INFO     | app.main             | log_requests         | [0107527048] ✗ GET /api/signals/sse/stream - 404 (1ms)
2025-12-28 01:07:58 | DEBUG    | app.main             | log_requests         | [0107584039] GET /api/signals/sse/stream
2025-12-28 01:07:58 | INFO     | app.main             | log_requests         | [0107584039] ✗ GET /api/signals/sse/stream - 404 (1ms)
2025-12-28 01:08:04 | DEBUG    | app.main             | log_requests         | [0108047061] GET /api/signals/sse/stream
2025-12-28 01:08:04 | INFO     | app.main             | log_requests         | [0108047061] ✗ GET /api/signals/sse/stream - 404 (1ms)
2025-12-28 01:08:09 | DEBUG    | app.main             | log_requests         | [0108094300] GET /
2025-12-28 01:08:09 | INFO     | app.main             | log_requests         | [0108094300] ✔ GET / - 200 (1ms)
2025-12-28 01:08:09 | DEBUG    | app.main             | log_requests         | [0108099874] POST /
2025-12-28 01:08:09 | INFO     | app.main             | log_requests         | [0108099874] ✗ POST / - 405 (1ms)
2025-12-28 01:08:10 | DEBUG    | app.main             | log_requests         | [0108104043] GET /api/signals/sse/stream
2025-12-28 01:08:10 | INFO     | app.main             | log_requests         | [0108104043] ✗ GET /api/signals/sse/stream - 404 (0ms)
2025-12-28 01:08:16 | DEBUG    | app.main             | log_requests         | [0108167045] GET /api/signals/sse/stream
2025-12-28 01:08:16 | INFO     | app.main             | log_requests         | [0108167045] ✗ GET /api/signals/sse/stream - 404 (0ms)
2025-12-28 01:08:22 | DEBUG    | app.main             | log_requests         | [0108224035] GET /api/signals/sse/stream
2025-12-28 01:08:22 | INFO     | app.main             | log_requests         | [0108224035] ✗ GET /api/signals/sse/stream - 404 (1ms)
2025-12-28 01:08:28 | DEBUG    | app.main             | log_requests         | [0108287052] GET /api/signals/sse/stream
2025-12-28 01:08:28 | INFO     | app.main             | log_requests         | [0108287052] ✗ GET /api/signals/sse/stream - 404 (0ms)
2025-12-28 01:08:34 | DEBUG    | app.main             | log_requests         | [0108344036] GET /api/signals/sse/stream
2025-12-28 01:08:34 | INFO     | app.main             | log_requests         | [0108344036] ✗ GET /api/signals/sse/stream - 404 (1ms)
2025-12-28 01:08:40 | DEBUG    | app.main             | log_requests         | [0108407033] GET /api/signals/sse/stream
2025-12-28 01:08:40 | INFO     | app.main             | log_requests         | [0108407033] ✗ GET /api/signals/sse/stream - 404 (0ms)
2025-12-28 01:08:46 | DEBUG    | app.main             | log_requests         | [0108464043] GET /api/signals/sse/stream
2025-12-28 01:08:46 | INFO     | app.main             | log_requests         | [0108464043] ✗ GET /api/signals/sse/stream - 404 (0ms)
2025-12-28 01:08:52 | DEBUG    | app.main             | log_requests         | [0108527036] GET /api/signals/sse/stream
2025-12-28 01:08:52 | INFO     | app.main             | log_requests         | [0108527036] ✗ GET /api/signals/sse/stream - 404 (1ms)
2025-12-28 01:08:58 | DEBUG    | app.main             | log_requests         | [0108584038] GET /api/signals/sse/stream
2025-12-28 01:08:58 | INFO     | app.main             | log_requests         | [0108584038] ✗ GET /api/signals/sse/stream - 404 (1ms)
2025-12-28 01:09:04 | DEBUG    | app.main             | log_requests         | [0109047055] GET /api/signals/sse/stream
2025-12-28 01:09:04 | INFO     | app.main             | log_requests         | [0109047055] ✗ GET /api/signals/sse/stream - 404 (0ms)
2025-12-28 01:09:10 | DEBUG    | app.main             | log_requests         | [0109104031] GET /api/signals/sse/stream
2025-12-28 01:09:10 | INFO     | app.main             | log_requests         | [0109104031] ✗ GET /api/signals/sse/stream - 404 (0ms)
2025-12-28 01:09:16 | DEBUG    | app.main             | log_requests         | [0109167066] GET /api/signals/sse/stream
2025-12-28 01:09:16 | INFO     | app.main             | log_requests         | [0109167066] ✗ GET /api/signals/sse/stream - 404 (1ms)
2025-12-28 01:09:22 | DEBUG    | app.main             | log_requests         | [0109224042] GET /api/signals/sse/stream
2025-12-28 01:09:22 | INFO     | app.main             | log_requests         | [0109224042] ✗ GET /api/signals/sse/stream - 404 (1ms)
2025-12-28 01:09:28 | DEBUG    | app.main             | log_requests         | [0109287051] GET /api/signals/sse/stream
2025-12-28 01:09:28 | INFO     | app.main             | log_requests         | [0109287051] ✗ GET /api/signals/sse/stream - 404 (1ms)
2025-12-28 01:09:34 | DEBUG    | app.main             | log_requests         | [0109344053] GET /api/signals/sse/stream
2025-12-28 01:09:34 | INFO     | app.main             | log_requests         | [0109344053] ✗ GET /api/signals/sse/stream - 404 (0ms)
2025-12-28 01:09:40 | DEBUG    | app.main             | log_requests         | [0109407035] GET /api/signals/sse/stream
2025-12-28 01:09:40 | INFO     | app.main             | log_requests         | [0109407035] ✗ GET /api/signals/sse/stream - 404 (0ms)
2025-12-28 01:09:46 | DEBUG    | app.main             | log_requests         | [0109464037] GET /api/signals/sse/stream
2025-12-28 01:09:46 | INFO     | app.main             | log_requests         | [0109464037] ✗ GET /api/signals/sse/stream - 404 (0ms)
2025-12-28 01:09:52 | DEBUG    | app.main             | log_requests         | [0109527044] GET /api/signals/sse/stream
2025-12-28 01:09:52 | INFO     | app.main             | log_requests         | [0109527044] ✗ GET /api/signals/sse/stream - 404 (1ms)
2025-12-28 01:09:58 | DEBUG    | app.main             | log_requests         | [0109584036] GET /api/signals/sse/stream
2025-12-28 01:09:58 | INFO     | app.main             | log_requests         | [0109584036] ✗ GET /api/signals/sse/stream - 404 (1ms)
2025-12-28 01:10:04 | DEBUG    | app.main             | log_requests         | [0110047051] GET /api/signals/sse/stream
2025-12-28 01:10:04 | INFO     | app.main             | log_requests         | [0110047051] ✗ GET /api/signals/sse/stream - 404 (2ms)
2025-12-28 01:10:10 | DEBUG    | app.main             | log_requests         | [0110104040] GET /api/signals/sse/stream
2025-12-28 01:10:10 | INFO     | app.main             | log_requests         | [0110104040] ✗ GET /api/signals/sse/stream - 404 (1ms)
2025-12-28 01:10:16 | DEBUG    | app.main             | log_requests         | [0110167038] GET /api/signals/sse/stream
2025-12-28 01:10:16 | INFO     | app.main             | log_requests         | [0110167038] ✗ GET /api/signals/sse/stream - 404 (0ms)
2025-12-28 01:10:22 | DEBUG    | app.main             | log_requests         | [0110224026] GET /api/signals/sse/stream
2025-12-28 01:10:22 | INFO     | app.main             | log_requests         | [0110224026] ✗ GET /api/signals/sse/stream - 404 (1ms)
2025-12-28 01:10:28 | DEBUG    | app.main             | log_requests         | [0110287032] GET /api/signals/sse/stream
2025-12-28 01:10:28 | INFO     | app.main             | log_requests         | [0110287032] ✗ GET /api/signals/sse/stream - 404 (1ms)
2025-12-28 01:10:34 | DEBUG    | app.main             | log_requests         | [0110344024] GET /api/signals/sse/stream
2025-12-28 01:10:34 | INFO     | app.main             | log_requests         | [0110344024] ✗ GET /api/signals/sse/stream - 404 (0ms)
2025-12-28 01:10:40 | DEBUG    | app.main             | log_requests         | [0110407028] GET /api/signals/sse/stream
2025-12-28 01:10:40 | INFO     | app.main             | log_requests         | [0110407028] ✗ GET /api/signals/sse/stream - 404 (1ms)
2025-12-28 01:10:46 | DEBUG    | app.main             | log_requests         | [0110464039] GET /api/signals/sse/stream
2025-12-28 01:10:46 | INFO     | app.main             | log_requests         | [0110464039] ✗ GET /api/signals/sse/stream - 404 (1ms)
2025-12-28 01:10:52 | DEBUG    | app.main             | log_requests         | [0110527052] GET /api/signals/sse/stream
2025-12-28 01:10:52 | INFO     | app.main             | log_requests         | [0110527052] ✗ GET /api/signals/sse/stream - 404 (1ms)
2025-12-28 01:10:58 | DEBUG    | app.main             | log_requests         | [0110584035] GET /api/signals/sse/stream
2025-12-28 01:10:58 | INFO     | app.main             | log_requests         | [0110584035] ✗ GET /api/signals/sse/stream - 404 (1ms)
2025-12-28 01:11:04 | DEBUG    | app.main             | log_requests         | [0111047033] GET /api/signals/sse/stream
2025-12-28 01:11:04 | INFO     | app.main             | log_requests         | [0111047033] ✗ GET /api/signals/sse/stream - 404 (1ms)
2025-12-28 01:11:10 | DEBUG    | app.main             | log_requests         | [0111104024] GET /api/signals/sse/stream
2025-12-28 01:11:10 | INFO     | app.main             | log_requests         | [0111104024] ✗ GET /api/signals/sse/stream - 404 (0ms)
2025-12-28 01:11:16 | DEBUG    | app.main             | log_requests         | [0111167048] GET /api/signals/sse/stream
2025-12-28 01:11:16 | INFO     | app.main             | log_requests         | [0111167048] ✗ GET /api/signals/sse/stream - 404 (0ms)
2025-12-28 01:11:22 | DEBUG    | app.main             | log_requests         | [0111224026] GET /api/signals/sse/stream
2025-12-28 01:11:22 | INFO     | app.main             | log_requests         | [0111224026] ✗ GET /api/signals/sse/stream - 404 (0ms)
2025-12-28 01:11:28 | DEBUG    | app.main             | log_requests         | [0111287035] GET /api/signals/sse/stream
2025-12-28 01:11:28 | INFO     | app.main             | log_requests         | [0111287035] ✗ GET /api/signals/sse/stream - 404 (0ms)
2025-12-28 01:11:34 | DEBUG    | app.main             | log_requests         | [0111344039] GET /api/signals/sse/stream
2025-12-28 01:11:34 | INFO     | app.main             | log_requests         | [0111344039] ✗ GET /api/signals/sse/stream - 404 (0ms)
2025-12-28 01:11:40 | DEBUG    | app.main             | log_requests         | [0111407050] GET /api/signals/sse/stream
2025-12-28 01:11:40 | INFO     | app.main             | log_requests         | [0111407050] ✗ GET /api/signals/sse/stream - 404 (1ms)
2025-12-28 01:11:46 | DEBUG    | app.main             | log_requests         | [0111464024] GET /api/signals/sse/stream
2025-12-28 01:11:46 | INFO     | app.main             | log_requests         | [0111464024] ✗ GET /api/signals/sse/stream - 404 (1ms)
2025-12-28 01:11:52 | DEBUG    | app.main             | log_requests         | [0111527054] GET /api/signals/sse/stream
2025-12-28 01:11:52 | INFO     | app.main             | log_requests         | [0111527054] ✗ GET /api/signals/sse/stream - 404 (0ms)
2025-12-28 01:11:58 | DEBUG    | app.main             | log_requests         | [0111584027] GET /api/signals/sse/stream
2025-12-28 01:11:58 | INFO     | app.main             | log_requests         | [0111584027] ✗ GET /api/signals/sse/stream - 404 (1ms)
2025-12-28 01:12:04 | DEBUG    | app.main             | log_requests         | [0112047032] GET /api/signals/sse/stream
2025-12-28 01:12:04 | INFO     | app.main             | log_requests         | [0112047032] ✗ GET /api/signals/sse/stream - 404 (0ms)
2025-12-28 01:12:10 | DEBUG    | app.main             | log_requests         | [0112104034] GET /api/signals/sse/stream
2025-12-28 01:12:10 | INFO     | app.main             | log_requests         | [0112104034] ✗ GET /api/signals/sse/stream - 404 (1ms)
2025-12-28 01:12:16 | DEBUG    | app.main             | log_requests         | [0112167061] GET /api/signals/sse/stream
2025-12-28 01:12:16 | INFO     | app.main             | log_requests         | [0112167061] ✗ GET /api/signals/sse/stream - 404 (1ms)
2025-12-28 01:12:22 | DEBUG    | app.main             | log_requests         | [0112224028] GET /api/signals/sse/stream
2025-12-28 01:12:22 | INFO     | app.main             | log_requests         | [0112224028] ✗ GET /api/signals/sse/stream - 404 (0ms)
2025-12-28 01:12:28 | DEBUG    | app.main             | log_requests         | [0112287043] GET /api/signals/sse/stream
2025-12-28 01:12:28 | INFO     | app.main             | log_requests         | [0112287043] ✗ GET /api/signals/sse/stream - 404 (1ms)
2025-12-28 01:12:34 | DEBUG    | app.main             | log_requests         | [0112344038] GET /api/signals/sse/stream
2025-12-28 01:12:34 | INFO     | app.main             | log_requests         | [0112344038] ✗ GET /api/signals/sse/stream - 404 (1ms)
2025-12-28 01:12:40 | DEBUG    | app.main             | log_requests         | [0112407053] GET /api/signals/sse/stream
2025-12-28 01:12:40 | INFO     | app.main             | log_requests         | [0112407053] ✗ GET /api/signals/sse/stream - 404 (0ms)
2025-12-28 01:12:46 | DEBUG    | app.main             | log_requests         | [0112464028] GET /api/signals/sse/stream
2025-12-28 01:12:46 | INFO     | app.main             | log_requests         | [0112464028] ✗ GET /api/signals/sse/stream - 404 (0ms)
2025-12-28 01:12:52 | DEBUG    | app.main             | log_requests         | [0112527041] GET /api/signals/sse/stream
2025-12-28 01:12:52 | INFO     | app.main             | log_requests         | [0112527041] ✗ GET /api/signals/sse/stream - 404 (0ms)
2025-12-28 01:12:58 | DEBUG    | app.main             | log_requests         | [0112584032] GET /api/signals/sse/stream
2025-12-28 01:12:58 | INFO     | app.main             | log_requests         | [0112584032] ✗ GET /api/signals/sse/stream - 404 (0ms)
2025-12-28 01:13:04 | DEBUG    | app.main             | log_requests         | [0113047054] GET /api/signals/sse/stream
2025-12-28 01:13:04 | INFO     | app.main             | log_requests         | [0113047054] ✗ GET /api/signals/sse/stream - 404 (0ms)
2025-12-28 01:13:10 | DEBUG    | app.main             | log_requests         | [0113104028] GET /api/signals/sse/stream
2025-12-28 01:13:10 | INFO     | app.main             | log_requests         | [0113104028] ✗ GET /api/signals/sse/stream - 404 (0ms)
2025-12-28 01:13:16 | DEBUG    | app.main             | log_requests         | [0113167022] GET /api/signals/sse/stream
2025-12-28 01:13:16 | INFO     | app.main             | log_requests         | [0113167022] ✗ GET /api/signals/sse/stream - 404 (1ms)
2025-12-28 01:13:22 | DEBUG    | app.main             | log_requests         | [0113224026] GET /api/signals/sse/stream
2025-12-28 01:13:22 | INFO     | app.main             | log_requests         | [0113224026] ✗ GET /api/signals/sse/stream - 404 (1ms)
2025-12-28 01:13:28 | DEBUG    | app.main             | log_requests         | [0113287027] GET /api/signals/sse/stream
2025-12-28 01:13:28 | INFO     | app.main             | log_requests         | [0113287027] ✗ GET /api/signals/sse/stream - 404 (1ms)
2025-12-28 01:13:34 | DEBUG    | app.main             | log_requests         | [0113344021] GET /api/signals/sse/stream
2025-12-28 01:13:34 | INFO     | app.main             | log_requests         | [0113344021] ✗ GET /api/signals/sse/stream - 404 (1ms)
2025-12-28 01:13:40 | DEBUG    | app.main             | log_requests         | [0113407036] GET /api/signals/sse/stream
2025-12-28 01:13:40 | INFO     | app.main             | log_requests         | [0113407036] ✗ GET /api/signals/sse/stream - 404 (1ms)
2025-12-28 01:13:46 | DEBUG    | app.main             | log_requests         | [0113464031] GET /api/signals/sse/stream
2025-12-28 01:13:46 | INFO     | app.main             | log_requests         | [0113464031] ✗ GET /api/signals/sse/stream - 404 (0ms)
2025-12-28 01:13:52 | DEBUG    | app.main             | log_requests         | [0113527029] GET /api/signals/sse/stream
2025-12-28 01:13:52 | INFO     | app.main             | log_requests         | [0113527029] ✗ GET /api/signals/sse/stream - 404 (1ms)
2025-12-28 01:13:58 | DEBUG    | app.main             | log_requests         | [0113584025] GET /api/signals/sse/stream
2025-12-28 01:13:58 | INFO     | app.main             | log_requests         | [0113584025] ✗ GET /api/signals/sse/stream - 404 (1ms)
2025-12-28 01:14:04 | DEBUG    | app.main             | log_requests         | [0114047030] GET /api/signals/sse/stream
2025-12-28 01:14:04 | INFO     | app.main             | log_requests         | [0114047030] ✗ GET /api/signals/sse/stream - 404 (2ms)
2025-12-28 01:14:10 | DEBUG    | app.main             | log_requests         | [0114104031] GET /api/signals/sse/stream
2025-12-28 01:14:10 | INFO     | app.main             | log_requests         | [0114104031] ✗ GET /api/signals/sse/stream - 404 (1ms)
2025-12-28 01:14:16 | DEBUG    | app.main             | log_requests         | [0114167023] GET /api/signals/sse/stream
2025-12-28 01:14:16 | INFO     | app.main             | log_requests         | [0114167023] ✗ GET /api/signals/sse/stream - 404 (0ms)
2025-12-28 01:14:22 | DEBUG    | app.main             | log_requests         | [0114224039] GET /api/signals/sse/stream
2025-12-28 01:14:22 | INFO     | app.main             | log_requests         | [0114224039] ✗ GET /api/signals/sse/stream - 404 (0ms)
2025-12-28 01:14:28 | DEBUG    | app.main             | log_requests         | [0114287042] GET /api/signals/sse/stream
2025-12-28 01:14:28 | INFO     | app.main             | log_requests         | [0114287042] ✗ GET /api/signals/sse/stream - 404 (0ms)
2025-12-28 01:14:34 | DEBUG    | app.main             | log_requests         | [0114344040] GET /api/signals/sse/stream
2025-12-28 01:14:34 | INFO     | app.main             | log_requests         | [0114344040] ✗ GET /api/signals/sse/stream - 404 (1ms)
2025-12-28 01:14:40 | DEBUG    | app.main             | log_requests         | [0114407052] GET /api/signals/sse/stream
2025-12-28 01:14:40 | INFO     | app.main             | log_requests         | [0114407052] ✗ GET /api/signals/sse/stream - 404 (1ms)
2025-12-28 01:14:46 | DEBUG    | app.main             | log_requests         | [0114464019] GET /api/signals/sse/stream
2025-12-28 01:14:46 | INFO     | app.main             | log_requests         | [0114464019] ✗ GET /api/signals/sse/stream - 404 (0ms)
2025-12-28 01:14:52 | DEBUG    | app.main             | log_requests         | [0114527033] GET /api/signals/sse/stream
2025-12-28 01:14:52 | INFO     | app.main             | log_requests         | [0114527033] ✗ GET /api/signals/sse/stream - 404 (1ms)
2025-12-28 01:14:58 | DEBUG    | app.main             | log_requests         | [0114584023] GET /api/signals/sse/stream
2025-12-28 01:14:58 | INFO     | app.main             | log_requests         | [0114584023] ✗ GET /api/signals/sse/stream - 404 (0ms)
2025-12-28 01:15:04 | DEBUG    | app.main             | log_requests         | [0115047039] GET /api/signals/sse/stream
2025-12-28 01:15:04 | INFO     | app.main             | log_requests         | [0115047039] ✗ GET /api/signals/sse/stream - 404 (1ms)
2025-12-28 01:15:10 | DEBUG    | app.main             | log_requests         | [0115104019] GET /api/signals/sse/stream
2025-12-28 01:15:10 | INFO     | app.main             | log_requests         | [0115104019] ✗ GET /api/signals/sse/stream - 404 (0ms)
2025-12-28 01:15:16 | DEBUG    | app.main             | log_requests         | [0115167037] GET /api/signals/sse/stream
2025-12-28 01:15:16 | INFO     | app.main             | log_requests         | [0115167037] ✗ GET /api/signals/sse/stream - 404 (1ms)
2025-12-28 01:15:22 | DEBUG    | app.main             | log_requests         | [0115224031] GET /api/signals/sse/stream
2025-12-28 01:15:22 | INFO     | app.main             | log_requests         | [0115224031] ✗ GET /api/signals/sse/stream - 404 (1ms)
2025-12-28 01:15:28 | DEBUG    | app.main             | log_requests         | [0115287013] GET /api/signals/sse/stream
2025-12-28 01:15:28 | INFO     | app.main             | log_requests         | [0115287013] ✗ GET /api/signals/sse/stream - 404 (0ms)
2025-12-28 01:15:34 | DEBUG    | app.main             | log_requests         | [0115344031] GET /api/signals/sse/stream
2025-12-28 01:15:34 | INFO     | app.main             | log_requests         | [0115344031] ✗ GET /api/signals/sse/stream - 404 (1ms)
2025-12-28 01:15:40 | DEBUG    | app.main             | log_requests         | [0115407042] GET /api/signals/sse/stream
2025-12-28 01:15:40 | INFO     | app.main             | log_requests         | [0115407042] ✗ GET /api/signals/sse/stream - 404 (1ms)
2025-12-28 01:15:40 | DEBUG    | app.main             | log_requests         | [0115407222] GET /
2025-12-28 01:15:40 | INFO     | app.main             | log_requests         | [0115407222] ✔ GET / - 200 (1ms)
2025-12-28 01:15:46 | DEBUG    | app.main             | log_requests         | [0115464027] GET /api/signals/sse/stream
2025-12-28 01:15:46 | INFO     | app.main             | log_requests         | [0115464027] ✗ GET /api/signals/sse/stream - 404 (1ms)
2025-12-28 01:15:52 | DEBUG    | app.main             | log_requests         | [0115527035] GET /api/signals/sse/stream
2025-12-28 01:15:52 | INFO     | app.main             | log_requests         | [0115527035] ✗ GET /api/signals/sse/stream - 404 (1ms)
2025-12-28 01:15:58 | DEBUG    | app.main             | log_requests         | [0115584036] GET /api/signals/sse/stream
2025-12-28 01:15:58 | INFO     | app.main             | log_requests         | [0115584036] ✗ GET /api/signals/sse/stream - 404 (1ms)
2025-12-28 01:16:04 | DEBUG    | app.main             | log_requests         | [0116047046] GET /api/signals/sse/stream
2025-12-28 01:16:04 | INFO     | app.main             | log_requests         | [0116047046] ✗ GET /api/signals/sse/stream - 404 (0ms)
2025-12-28 01:16:10 | DEBUG    | app.main             | log_requests         | [0116104036] GET /api/signals/sse/stream
2025-12-28 01:16:10 | INFO     | app.main             | log_requests         | [0116104036] ✗ GET /api/signals/sse/stream - 404 (1ms)
2025-12-28 01:16:16 | DEBUG    | app.main             | log_requests         | [0116167029] GET /api/signals/sse/stream
2025-12-28 01:16:16 | INFO     | app.main             | log_requests         | [0116167029] ✗ GET /api/signals/sse/stream - 404 (1ms)
2025-12-28 01:16:22 | DEBUG    | app.main             | log_requests         | [0116224024] GET /api/signals/sse/stream
2025-12-28 01:16:22 | INFO     | app.main             | log_requests         | [0116224024] ✗ GET /api/signals/sse/stream - 404 (1ms)
2025-12-28 01:16:28 | DEBUG    | app.main             | log_requests         | [0116287050] GET /api/signals/sse/stream
2025-12-28 01:16:28 | INFO     | app.main             | log_requests         | [0116287050] ✗ GET /api/signals/sse/stream - 404 (1ms)
2025-12-28 01:16:32 | DEBUG    | app.main             | log_requests         | [0116324564] POST /hello.world
2025-12-28 01:16:32 | INFO     | app.main             | log_requests         | [0116324564] ✗ POST /hello.world - 404 (1ms)
2025-12-28 01:16:33 | DEBUG    | app.main             | log_requests         | [0116334939] POST /
2025-12-28 01:16:33 | INFO     | app.main             | log_requests         | [0116334939] ✗ POST / - 405 (0ms)
2025-12-28 01:16:34 | DEBUG    | app.main             | log_requests         | [0116344032] GET /api/signals/sse/stream
2025-12-28 01:16:34 | INFO     | app.main             | log_requests         | [0116344032] ✗ GET /api/signals/sse/stream - 404 (0ms)
2025-12-28 01:16:34 | DEBUG    | app.main             | log_requests         | [0116346169] GET /vendor/phpunit/phpunit/src/Util/PHP/eval-stdin.php
2025-12-28 01:16:34 | INFO     | app.main             | log_requests         | [0116346169] ✗ GET /vendor/phpunit/phpunit/src/Util/PHP/eval-stdin.php - 404 (1ms)
2025-12-28 01:16:35 | DEBUG    | app.main             | log_requests         | [0116357500] GET /vendor/phpunit/phpunit/Util/PHP/eval-stdin.php
2025-12-28 01:16:35 | INFO     | app.main             | log_requests         | [0116357500] ✗ GET /vendor/phpunit/phpunit/Util/PHP/eval-stdin.php - 404 (0ms)
2025-12-28 01:16:36 | DEBUG    | app.main             | log_requests         | [0116367385] GET /vendor/phpunit/src/Util/PHP/eval-stdin.php
2025-12-28 01:16:36 | INFO     | app.main             | log_requests         | [0116367385] ✗ GET /vendor/phpunit/src/Util/PHP/eval-stdin.php - 404 (0ms)
2025-12-28 01:16:37 | DEBUG    | app.main             | log_requests         | [0116377314] GET /vendor/phpunit/Util/PHP/eval-stdin.php
2025-12-28 01:16:37 | INFO     | app.main             | log_requests         | [0116377314] ✗ GET /vendor/phpunit/Util/PHP/eval-stdin.php - 404 (2ms)
2025-12-28 01:16:38 | DEBUG    | app.main             | log_requests         | [0116387198] GET /vendor/phpunit/phpunit/LICENSE/eval-stdin.php
2025-12-28 01:16:38 | INFO     | app.main             | log_requests         | [0116387198] ✗ GET /vendor/phpunit/phpunit/LICENSE/eval-stdin.php - 404 (1ms)
2025-12-28 01:16:39 | DEBUG    | app.main             | log_requests         | [0116397225] GET /vendor/vendor/phpunit/phpunit/src/Util/PHP/eval-stdin.php
2025-12-28 01:16:39 | INFO     | app.main             | log_requests         | [0116397225] ✗ GET /vendor/vendor/phpunit/phpunit/src/Util/PHP/eval-stdin.php - 404 (1ms)
2025-12-28 01:16:40 | DEBUG    | app.main             | log_requests         | [0116407029] GET /api/signals/sse/stream
2025-12-28 01:16:40 | INFO     | app.main             | log_requests         | [0116407029] ✗ GET /api/signals/sse/stream - 404 (0ms)
2025-12-28 01:16:40 | DEBUG    | app.main             | log_requests         | [0116407265] GET /phpunit/phpunit/src/Util/PHP/eval-stdin.php
2025-12-28 01:16:40 | INFO     | app.main             | log_requests         | [0116407265] ✗ GET /phpunit/phpunit/src/Util/PHP/eval-stdin.php - 404 (1ms)
2025-12-28 01:16:41 | DEBUG    | app.main             | log_requests         | [0116418322] GET /phpunit/phpunit/Util/PHP/eval-stdin.php
2025-12-28 01:16:41 | INFO     | app.main             | log_requests         | [0116418322] ✗ GET /phpunit/phpunit/Util/PHP/eval-stdin.php - 404 (1ms)
2025-12-28 01:16:42 | DEBUG    | app.main             | log_requests         | [0116429640] GET /phpunit/src/Util/PHP/eval-stdin.php
2025-12-28 01:16:42 | INFO     | app.main             | log_requests         | [0116429640] ✗ GET /phpunit/src/Util/PHP/eval-stdin.php - 404 (0ms)
2025-12-28 01:16:44 | DEBUG    | app.main             | log_requests         | [0116441998] GET /phpunit/Util/PHP/eval-stdin.php
2025-12-28 01:16:44 | INFO     | app.main             | log_requests         | [0116441998] ✗ GET /phpunit/Util/PHP/eval-stdin.php - 404 (1ms)
2025-12-28 01:16:45 | DEBUG    | app.main             | log_requests         | [0116452100] GET /lib/phpunit/phpunit/src/Util/PHP/eval-stdin.php
2025-12-28 01:16:45 | INFO     | app.main             | log_requests         | [0116452100] ✗ GET /lib/phpunit/phpunit/src/Util/PHP/eval-stdin.php - 404 (2ms)
2025-12-28 01:16:45 | DEBUG    | app.main             | log_requests         | [0116459115] GET /lib/phpunit/phpunit/Util/PHP/eval-stdin.php
2025-12-28 01:16:45 | INFO     | app.main             | log_requests         | [0116459115] ✗ GET /lib/phpunit/phpunit/Util/PHP/eval-stdin.php - 404 (1ms)
2025-12-28 01:16:46 | DEBUG    | app.main             | log_requests         | [0116464029] GET /api/signals/sse/stream
2025-12-28 01:16:46 | INFO     | app.main             | log_requests         | [0116464029] ✗ GET /api/signals/sse/stream - 404 (1ms)
2025-12-28 01:16:46 | DEBUG    | app.main             | log_requests         | [0116466617] GET /lib/phpunit/src/Util/PHP/eval-stdin.php
2025-12-28 01:16:46 | INFO     | app.main             | log_requests         | [0116466617] ✗ GET /lib/phpunit/src/Util/PHP/eval-stdin.php - 404 (1ms)
2025-12-28 01:16:47 | DEBUG    | app.main             | log_requests         | [0116474508] GET /lib/phpunit/Util/PHP/eval-stdin.php
2025-12-28 01:16:47 | INFO     | app.main             | log_requests         | [0116474508] ✗ GET /lib/phpunit/Util/PHP/eval-stdin.php - 404 (0ms)
2025-12-28 01:16:48 | DEBUG    | app.main             | log_requests         | [0116482259] GET /lib/vendor/phpunit/phpunit/src/Util/PHP/eval-stdin.php
2025-12-28 01:16:48 | INFO     | app.main             | log_requests         | [0116482259] ✗ GET /lib/vendor/phpunit/phpunit/src/Util/PHP/eval-stdin.php - 404 (0ms)
2025-12-28 01:16:48 | DEBUG    | app.main             | log_requests         | [0116489367] GET /laravel/vendor/phpunit/phpunit/src/Util/PHP/eval-stdin.php
2025-12-28 01:16:48 | INFO     | app.main             | log_requests         | [0116489367] ✗ GET /laravel/vendor/phpunit/phpunit/src/Util/PHP/eval-stdin.php - 404 (1ms)
2025-12-28 01:16:49 | DEBUG    | app.main             | log_requests         | [0116496306] GET /www/vendor/phpunit/phpunit/src/Util/PHP/eval-stdin.php
2025-12-28 01:16:49 | INFO     | app.main             | log_requests         | [0116496306] ✗ GET /www/vendor/phpunit/phpunit/src/Util/PHP/eval-stdin.php - 404 (2ms)
2025-12-28 01:16:50 | DEBUG    | app.main             | log_requests         | [0116502801] GET /ws/vendor/phpunit/phpunit/src/Util/PHP/eval-stdin.php
2025-12-28 01:16:50 | INFO     | app.main             | log_requests         | [0116502801] ✗ GET /ws/vendor/phpunit/phpunit/src/Util/PHP/eval-stdin.php - 404 (1ms)
2025-12-28 01:16:50 | DEBUG    | app.main             | log_requests         | [0116509167] GET /yii/vendor/phpunit/phpunit/src/Util/PHP/eval-stdin.php
2025-12-28 01:16:50 | INFO     | app.main             | log_requests         | [0116509167] ✗ GET /yii/vendor/phpunit/phpunit/src/Util/PHP/eval-stdin.php - 404 (1ms)
2025-12-28 01:16:51 | DEBUG    | app.main             | log_requests         | [0116516163] GET /zend/vendor/phpunit/phpunit/src/Util/PHP/eval-stdin.php
2025-12-28 01:16:51 | INFO     | app.main             | log_requests         | [0116516163] ✗ GET /zend/vendor/phpunit/phpunit/src/Util/PHP/eval-stdin.php - 404 (1ms)
2025-12-28 01:16:52 | DEBUG    | app.main             | log_requests         | [0116523047] GET /ws/ec/vendor/phpunit/phpunit/src/Util/PHP/eval-stdin.php
2025-12-28 01:16:52 | INFO     | app.main             | log_requests         | [0116523047] ✗ GET /ws/ec/vendor/phpunit/phpunit/src/Util/PHP/eval-stdin.php - 404 (0ms)
2025-12-28 01:16:52 | DEBUG    | app.main             | log_requests         | [0116527032] GET /api/signals/sse/stream
2025-12-28 01:16:52 | INFO     | app.main             | log_requests         | [0116527032] ✗ GET /api/signals/sse/stream - 404 (0ms)
2025-12-28 01:16:52 | DEBUG    | app.main             | log_requests         | [0116529758] GET /V2/vendor/phpunit/phpunit/src/Util/PHP/eval-stdin.php
2025-12-28 01:16:52 | INFO     | app.main             | log_requests         | [0116529758] ✗ GET /V2/vendor/phpunit/phpunit/src/Util/PHP/eval-stdin.php - 404 (0ms)
2025-12-28 01:16:53 | DEBUG    | app.main             | log_requests         | [0116537273] GET /tests/vendor/phpunit/phpunit/src/Util/PHP/eval-stdin.php
2025-12-28 01:16:53 | INFO     | app.main             | log_requests         | [0116537273] ✗ GET /tests/vendor/phpunit/phpunit/src/Util/PHP/eval-stdin.php - 404 (1ms)
2025-12-28 01:16:54 | DEBUG    | app.main             | log_requests         | [0116544712] GET /test/vendor/phpunit/phpunit/src/Util/PHP/eval-stdin.php
2025-12-28 01:16:54 | INFO     | app.main             | log_requests         | [0116544712] ✗ GET /test/vendor/phpunit/phpunit/src/Util/PHP/eval-stdin.php - 404 (1ms)
2025-12-28 01:16:55 | DEBUG    | app.main             | log_requests         | [0116552625] GET /testing/vendor/phpunit/phpunit/src/Util/PHP/eval-stdin.php
2025-12-28 01:16:55 | INFO     | app.main             | log_requests         | [0116552625] ✗ GET /testing/vendor/phpunit/phpunit/src/Util/PHP/eval-stdin.php - 404 (1ms)
2025-12-28 01:16:56 | DEBUG    | app.main             | log_requests         | [0116560498] GET /api/vendor/phpunit/phpunit/src/Util/PHP/eval-stdin.php
2025-12-28 01:16:56 | INFO     | app.main             | log_requests         | [0116560498] ✗ GET /api/vendor/phpunit/phpunit/src/Util/PHP/eval-stdin.php - 404 (1ms)
2025-12-28 01:16:56 | DEBUG    | app.main             | log_requests         | [0116567860] GET /demo/vendor/phpunit/phpunit/src/Util/PHP/eval-stdin.php
2025-12-28 01:16:56 | INFO     | app.main             | log_requests         | [0116567860] ✗ GET /demo/vendor/phpunit/phpunit/src/Util/PHP/eval-stdin.php - 404 (1ms)
2025-12-28 01:16:57 | DEBUG    | app.main             | log_requests         | [0116575932] GET /cms/vendor/phpunit/phpunit/src/Util/PHP/eval-stdin.php
2025-12-28 01:16:57 | INFO     | app.main             | log_requests         | [0116575932] ✗ GET /cms/vendor/phpunit/phpunit/src/Util/PHP/eval-stdin.php - 404 (0ms)
2025-12-28 01:16:58 | DEBUG    | app.main             | log_requests         | [0116583415] GET /crm/vendor/phpunit/phpunit/src/Util/PHP/eval-stdin.php
2025-12-28 01:16:58 | INFO     | app.main             | log_requests         | [0116583415] ✗ GET /crm/vendor/phpunit/phpunit/src/Util/PHP/eval-stdin.php - 404 (1ms)
2025-12-28 01:16:58 | DEBUG    | app.main             | log_requests         | [0116584027] GET /api/signals/sse/stream
2025-12-28 01:16:58 | INFO     | app.main             | log_requests         | [0116584027] ✗ GET /api/signals/sse/stream - 404 (1ms)
2025-12-28 01:16:59 | DEBUG    | app.main             | log_requests         | [0116590396] GET /admin/vendor/phpunit/phpunit/src/Util/PHP/eval-stdin.php
2025-12-28 01:16:59 | INFO     | app.main             | log_requests         | [0116590396] ✗ GET /admin/vendor/phpunit/phpunit/src/Util/PHP/eval-stdin.php - 404 (1ms)
2025-12-28 01:16:59 | DEBUG    | app.main             | log_requests         | [0116597864] GET /backup/vendor/phpunit/phpunit/src/Util/PHP/eval-stdin.php
2025-12-28 01:16:59 | INFO     | app.main             | log_requests         | [0116597864] ✗ GET /backup/vendor/phpunit/phpunit/src/Util/PHP/eval-stdin.php - 404 (1ms)
2025-12-28 01:17:00 | DEBUG    | app.main             | log_requests         | [0117007008] GET /blog/vendor/phpunit/phpunit/src/Util/PHP/eval-stdin.php
2025-12-28 01:17:00 | INFO     | app.main             | log_requests         | [0117007008] ✗ GET /blog/vendor/phpunit/phpunit/src/Util/PHP/eval-stdin.php - 404 (1ms)
2025-12-28 01:17:01 | DEBUG    | app.main             | log_requests         | [0117013663] GET /workspace/drupal/vendor/phpunit/phpunit/src/Util/PHP/eval-stdin.php
2025-12-28 01:17:01 | INFO     | app.main             | log_requests         | [0117013663] ✗ GET /workspace/drupal/vendor/phpunit/phpunit/src/Util/PHP/eval-stdin.php - 404 (1ms)
2025-12-28 01:17:02 | DEBUG    | app.main             | log_requests         | [0117021165] GET /panel/vendor/phpunit/phpunit/src/Util/PHP/eval-stdin.php
2025-12-28 01:17:02 | INFO     | app.main             | log_requests         | [0117021165] ✗ GET /panel/vendor/phpunit/phpunit/src/Util/PHP/eval-stdin.php - 404 (1ms)
2025-12-28 01:17:02 | DEBUG    | app.main             | log_requests         | [0117028181] GET /public/vendor/phpunit/phpunit/src/Util/PHP/eval-stdin.php
2025-12-28 01:17:02 | INFO     | app.main             | log_requests         | [0117028181] ✗ GET /public/vendor/phpunit/phpunit/src/Util/PHP/eval-stdin.php - 404 (1ms)
2025-12-28 01:17:03 | DEBUG    | app.main             | log_requests         | [0117038171] GET /apps/vendor/phpunit/phpunit/src/Util/PHP/eval-stdin.php
2025-12-28 01:17:03 | INFO     | app.main             | log_requests         | [0117038171] ✗ GET /apps/vendor/phpunit/phpunit/src/Util/PHP/eval-stdin.php - 404 (1ms)
2025-12-28 01:17:04 | DEBUG    | app.main             | log_requests         | [0117044430] GET /app/vendor/phpunit/phpunit/src/Util/PHP/eval-stdin.php
2025-12-28 01:17:04 | INFO     | app.main             | log_requests         | [0117044430] ✗ GET /app/vendor/phpunit/phpunit/src/Util/PHP/eval-stdin.php - 404 (1ms)
2025-12-28 01:17:04 | DEBUG    | app.main             | log_requests         | [0117047029] GET /api/signals/sse/stream
2025-12-28 01:17:04 | INFO     | app.main             | log_requests         | [0117047029] ✗ GET /api/signals/sse/stream - 404 (0ms)
2025-12-28 01:17:05 | DEBUG    | app.main             | log_requests         | [0117053002] GET /index.php
2025-12-28 01:17:05 | INFO     | app.main             | log_requests         | [0117053002] ✗ GET /index.php - 404 (1ms)
2025-12-28 01:17:06 | DEBUG    | app.main             | log_requests         | [0117062280] GET /public/index.php
2025-12-28 01:17:06 | INFO     | app.main             | log_requests         | [0117062280] ✗ GET /public/index.php - 404 (1ms)
2025-12-28 01:17:06 | DEBUG    | app.main             | log_requests         | [0117069450] GET /index.php
2025-12-28 01:17:06 | INFO     | app.main             | log_requests         | [0117069450] ✗ GET /index.php - 404 (0ms)
2025-12-28 01:17:07 | DEBUG    | app.main             | log_requests         | [0117076962] GET /index.php
2025-12-28 01:17:07 | INFO     | app.main             | log_requests         | [0117076962] ✗ GET /index.php - 404 (1ms)
2025-12-28 01:17:08 | DEBUG    | app.main             | log_requests         | [0117083863] GET /containers/json
2025-12-28 01:17:08 | INFO     | app.main             | log_requests         | [0117083863] ✗ GET /containers/json - 404 (1ms)
2025-12-28 01:17:10 | DEBUG    | app.main             | log_requests         | [0117104039] GET /api/signals/sse/stream
2025-12-28 01:17:10 | INFO     | app.main             | log_requests         | [0117104039] ✗ GET /api/signals/sse/stream - 404 (1ms)
2025-12-28 01:21:49 | DEBUG    | app.main             | log_requests         | [0121494981] POST /HNAP1/
2025-12-28 01:21:49 | INFO     | app.main             | log_requests         | [0121494981] ✗ POST /HNAP1/ - 404 (0ms)
2025-12-28 01:26:42 | DEBUG    | app.main             | log_requests         | [0126421209] GET /
2025-12-28 01:26:42 | INFO     | app.main             | log_requests         | [0126421209] ✔ GET / - 200 (0ms)
2025-12-28 02:26:11 | DEBUG    | app.main             | log_requests         | [0226112249] GET /
2025-12-28 02:26:11 | INFO     | app.main             | log_requests         | [0226112249] ✔ GET / - 200 (0ms)
2025-12-28 02:26:14 | DEBUG    | app.main             | log_requests         | [0226141317] GET /wp-includes/ID3/license.txt
2025-12-28 02:26:14 | INFO     | app.main             | log_requests         | [0226141317] ✗ GET /wp-includes/ID3/license.txt - 404 (0ms)
2025-12-28 02:26:16 | DEBUG    | app.main             | log_requests         | [0226160441] GET /feed/
2025-12-28 02:26:16 | INFO     | app.main             | log_requests         | [0226160441] ✗ GET /feed/ - 404 (0ms)
2025-12-28 02:26:18 | DEBUG    | app.main             | log_requests         | [0226183203] GET /xmlrpc.php
2025-12-28 02:26:18 | INFO     | app.main             | log_requests         | [0226183203] ✗ GET /xmlrpc.php - 404 (0ms)
2025-12-28 02:26:20 | DEBUG    | app.main             | log_requests         | [0226209801] GET /blog/wp-includes/wlwmanifest.xml
2025-12-28 02:26:20 | INFO     | app.main             | log_requests         | [0226209801] ✗ GET /blog/wp-includes/wlwmanifest.xml - 404 (0ms)
2025-12-28 02:26:23 | DEBUG    | app.main             | log_requests         | [0226236700] GET /web/wp-includes/wlwmanifest.xml
2025-12-28 02:26:23 | INFO     | app.main             | log_requests         | [0226236700] ✗ GET /web/wp-includes/wlwmanifest.xml - 404 (0ms)
2025-12-28 02:26:26 | DEBUG    | app.main             | log_requests         | [0226263020] GET /wordpress/wp-includes/wlwmanifest.xml
2025-12-28 02:26:26 | INFO     | app.main             | log_requests         | [0226263020] ✗ GET /wordpress/wp-includes/wlwmanifest.xml - 404 (0ms)
2025-12-28 02:26:28 | DEBUG    | app.main             | log_requests         | [0226285121] GET /wp/wp-includes/wlwmanifest.xml
2025-12-28 02:26:28 | INFO     | app.main             | log_requests         | [0226285121] ✗ GET /wp/wp-includes/wlwmanifest.xml - 404 (0ms)
2025-12-28 02:26:30 | DEBUG    | app.main             | log_requests         | [0226305276] GET /2020/wp-includes/wlwmanifest.xml
2025-12-28 02:26:30 | INFO     | app.main             | log_requests         | [0226305276] ✗ GET /2020/wp-includes/wlwmanifest.xml - 404 (0ms)
2025-12-28 02:26:33 | DEBUG    | app.main             | log_requests         | [0226330718] GET /2019/wp-includes/wlwmanifest.xml
2025-12-28 02:26:33 | INFO     | app.main             | log_requests         | [0226330718] ✗ GET /2019/wp-includes/wlwmanifest.xml - 404 (0ms)
2025-12-28 02:26:35 | DEBUG    | app.main             | log_requests         | [0226359030] GET /2021/wp-includes/wlwmanifest.xml
2025-12-28 02:26:35 | INFO     | app.main             | log_requests         | [0226359030] ✗ GET /2021/wp-includes/wlwmanifest.xml - 404 (0ms)
2025-12-28 02:26:38 | DEBUG    | app.main             | log_requests         | [0226385735] GET /shop/wp-includes/wlwmanifest.xml
2025-12-28 02:26:38 | INFO     | app.main             | log_requests         | [0226385735] ✗ GET /shop/wp-includes/wlwmanifest.xml - 404 (0ms)
2025-12-28 02:26:40 | DEBUG    | app.main             | log_requests         | [0226409544] GET /wp1/wp-includes/wlwmanifest.xml
2025-12-28 02:26:40 | INFO     | app.main             | log_requests         | [0226409544] ✗ GET /wp1/wp-includes/wlwmanifest.xml - 404 (0ms)
2025-12-28 02:26:42 | DEBUG    | app.main             | log_requests         | [0226428635] GET /test/wp-includes/wlwmanifest.xml
2025-12-28 02:26:42 | INFO     | app.main             | log_requests         | [0226428635] ✗ GET /test/wp-includes/wlwmanifest.xml - 404 (0ms)
2025-12-28 02:26:45 | DEBUG    | app.main             | log_requests         | [0226451826] GET /site/wp-includes/wlwmanifest.xml
2025-12-28 02:26:45 | INFO     | app.main             | log_requests         | [0226451826] ✗ GET /site/wp-includes/wlwmanifest.xml - 404 (0ms)
2025-12-28 02:26:47 | DEBUG    | app.main             | log_requests         | [0226477755] GET /cms/wp-includes/wlwmanifest.xml
2025-12-28 02:26:47 | INFO     | app.main             | log_requests         | [0226477755] ✗ GET /cms/wp-includes/wlwmanifest.xml - 404 (0ms)
2025-12-28 02:29:15 | DEBUG    | app.main             | log_requests         | [0229151799] POST /
2025-12-28 02:29:15 | INFO     | app.main             | log_requests         | [0229151799] ✗ POST / - 405 (0ms)
2025-12-28 02:31:19 | DEBUG    | app.main             | log_requests         | [0231190245] GET /
2025-12-28 02:31:19 | INFO     | app.main             | log_requests         | [0231190245] ✔ GET / - 200 (0ms)
2025-12-28 02:33:25 | DEBUG    | app.main             | log_requests         | [0233252148] GET /.env
2025-12-28 02:33:25 | INFO     | app.main             | log_requests         | [0233252148] ✗ GET /.env - 404 (0ms)
2025-12-28 02:33:25 | DEBUG    | app.main             | log_requests         | [0233255163] GET /api/.env
2025-12-28 02:33:25 | INFO     | app.main             | log_requests         | [0233255163] ✗ GET /api/.env - 404 (0ms)
2025-12-28 02:33:25 | DEBUG    | app.main             | log_requests         | [0233256919] GET /backend/.env
2025-12-28 02:33:25 | INFO     | app.main             | log_requests         | [0233256919] ✗ GET /backend/.env - 404 (0ms)
2025-12-28 02:33:25 | DEBUG    | app.main             | log_requests         | [0233259156] GET /admin/.env
2025-12-28 02:33:25 | INFO     | app.main             | log_requests         | [0233259156] ✗ GET /admin/.env - 404 (0ms)
2025-12-28 02:33:26 | DEBUG    | app.main             | log_requests         | [0233260750] GET /.env.example
2025-12-28 02:33:26 | INFO     | app.main             | log_requests         | [0233260750] ✗ GET /.env.example - 404 (0ms)
2025-12-28 02:33:26 | DEBUG    | app.main             | log_requests         | [0233262175] GET /app_dev.php/_profiler/phpinfo
2025-12-28 02:33:26 | INFO     | app.main             | log_requests         | [0233262175] ✗ GET /app_dev.php/_profiler/phpinfo - 404 (0ms)
2025-12-28 02:33:26 | DEBUG    | app.main             | log_requests         | [0233265517] GET /
2025-12-28 02:33:26 | INFO     | app.main             | log_requests         | [0233265517] ✔ GET / - 200 (0ms)
2025-12-28 02:33:26 | DEBUG    | app.main             | log_requests         | [0233267232] GET /Backend/.env
2025-12-28 02:33:26 | INFO     | app.main             | log_requests         | [0233267232] ✗ GET /Backend/.env - 404 (0ms)
2025-12-28 02:33:26 | DEBUG    | app.main             | log_requests         | [0233268826] GET /Application/.env
2025-12-28 02:33:26 | INFO     | app.main             | log_requests         | [0233268826] ✗ GET /Application/.env - 404 (0ms)
2025-12-28 02:33:27 | DEBUG    | app.main             | log_requests         | [0233270793] GET /sendgrid/.env
2025-12-28 02:33:27 | INFO     | app.main             | log_requests         | [0233270793] ✗ GET /sendgrid/.env - 404 (0ms)
2025-12-28 02:33:27 | DEBUG    | app.main             | log_requests         | [0233274416] GET /staging.env
2025-12-28 02:33:27 | INFO     | app.main             | log_requests         | [0233274416] ✗ GET /staging.env - 404 (0ms)
2025-12-28 02:33:27 | DEBUG    | app.main             | log_requests         | [0233276373] GET /dashboard/.env
2025-12-28 02:33:27 | INFO     | app.main             | log_requests         | [0233276373] ✗ GET /dashboard/.env - 404 (0ms)
2025-12-28 02:33:27 | DEBUG    | app.main             | log_requests         | [0233277922] GET /php-info
2025-12-28 02:33:27 | INFO     | app.main             | log_requests         | [0233277922] ✗ GET /php-info - 404 (0ms)
2025-12-28 02:33:27 | DEBUG    | app.main             | log_requests         | [0233279673] GET /services/.env
2025-12-28 02:33:27 | INFO     | app.main             | log_requests         | [0233279673] ✗ GET /services/.env - 404 (0ms)
2025-12-28 02:33:28 | DEBUG    | app.main             | log_requests         | [0233281102] GET /config/secrets.yml
2025-12-28 02:33:28 | INFO     | app.main             | log_requests         | [0233281102] ✗ GET /config/secrets.yml - 404 (0ms)
2025-12-28 02:33:28 | DEBUG    | app.main             | log_requests         | [0233282860] GET /admin/info.php
2025-12-28 02:33:28 | INFO     | app.main             | log_requests         | [0233282860] ✗ GET /admin/info.php - 404 (0ms)
2025-12-28 02:33:28 | DEBUG    | app.main             | log_requests         | [0233284455] GET /server.js
2025-12-28 02:33:28 | INFO     | app.main             | log_requests         | [0233284455] ✗ GET /server.js - 404 (5ms)
2025-12-28 02:33:28 | DEBUG    | app.main             | log_requests         | [0233285894] GET /env.json
2025-12-28 02:33:28 | INFO     | app.main             | log_requests         | [0233285894] ✗ GET /env.json - 404 (0ms)
2025-12-28 02:33:28 | DEBUG    | app.main             | log_requests         | [0233287167] GET /core/.env.prod
2025-12-28 02:33:28 | INFO     | app.main             | log_requests         | [0233287167] ✗ GET /core/.env.prod - 404 (0ms)
2025-12-28 02:33:28 | DEBUG    | app.main             | log_requests         | [0233289388] GET /uploads/.env
2025-12-28 02:33:28 | INFO     | app.main             | log_requests         | [0233289388] ✗ GET /uploads/.env - 404 (16ms)
2025-12-28 02:33:29 | DEBUG    | app.main             | log_requests         | [0233292750] GET /shop/.env
2025-12-28 02:33:29 | INFO     | app.main             | log_requests         | [0233292750] ✗ GET /shop/.env - 404 (0ms)
2025-12-28 02:33:29 | DEBUG    | app.main             | log_requests         | [0233295932] GET /assets/.env
2025-12-28 02:33:29 | INFO     | app.main             | log_requests         | [0233295932] ✗ GET /assets/.env - 404 (0ms)
2025-12-28 02:33:29 | DEBUG    | app.main             | log_requests         | [0233298485] GET /sendgrid.env
2025-12-28 02:33:29 | INFO     | app.main             | log_requests         | [0233298485] ✗ GET /sendgrid.env - 404 (0ms)
2025-12-28 02:33:30 | DEBUG    | app.main             | log_requests         | [0233300392] GET /sources/.env.prod
2025-12-28 02:33:30 | INFO     | app.main             | log_requests         | [0233300392] ✗ GET /sources/.env.prod - 404 (0ms)
2025-12-28 02:33:30 | DEBUG    | app.main             | log_requests         | [0233301824] GET /sources/.env.production
2025-12-28 02:33:30 | INFO     | app.main             | log_requests         | [0233301824] ✗ GET /sources/.env.production - 404 (0ms)
2025-12-28 02:33:30 | DEBUG    | app.main             | log_requests         | [0233303244] GET /v1/.env
2025-12-28 02:33:30 | INFO     | app.main             | log_requests         | [0233303244] ✗ GET /v1/.env - 404 (0ms)
2025-12-28 02:33:30 | DEBUG    | app.main             | log_requests         | [0233305002] GET /js/.env
2025-12-28 02:33:30 | INFO     | app.main             | log_requests         | [0233305002] ✗ GET /js/.env - 404 (0ms)
2025-12-28 02:33:30 | DEBUG    | app.main             | log_requests         | [0233307063] GET /boot/.env
2025-12-28 02:33:30 | INFO     | app.main             | log_requests         | [0233307063] ✗ GET /boot/.env - 404 (0ms)
2025-12-28 02:33:31 | DEBUG    | app.main             | log_requests         | [0233313757] GET /run/.env
2025-12-28 02:33:31 | INFO     | app.main             | log_requests         | [0233313757] ✗ GET /run/.env - 404 (0ms)
2025-12-28 02:33:31 | DEBUG    | app.main             | log_requests         | [0233317497] GET /proc/.env
2025-12-28 02:33:31 | INFO     | app.main             | log_requests         | [0233317497] ✗ GET /proc/.env - 404 (0ms)
2025-12-28 02:35:41 | DEBUG    | app.main             | log_requests         | [0235418531] GET /
2025-12-28 02:35:41 | INFO     | app.main             | log_requests         | [0235418531] ✔ GET / - 200 (0ms)
2025-12-28 02:46:49 | DEBUG    | app.main             | log_requests         | [0246491427] GET /
2025-12-28 02:46:49 | INFO     | app.main             | log_requests         | [0246491427] ✔ GET / - 200 (0ms)
2025-12-28 02:56:30 | DEBUG    | app.main             | log_requests         | [0256307350] GET /
2025-12-28 02:56:30 | INFO     | app.main             | log_requests         | [0256307350] ✔ GET / - 200 (0ms)
2025-12-28 03:08:25 | DEBUG    | app.main             | log_requests         | [0308254973] GET /
2025-12-28 03:08:25 | INFO     | app.main             | log_requests         | [0308254973] ✔ GET / - 200 (0ms)
2025-12-28 03:28:02 | DEBUG    | app.main             | log_requests         | [0328029351] GET /
2025-12-28 03:28:02 | INFO     | app.main             | log_requests         | [0328029351] ✔ GET / - 200 (0ms)
2025-12-28 04:18:27 | DEBUG    | app.main             | log_requests         | [0418274173] GET /merchant/code
2025-12-28 04:18:27 | INFO     | app.main             | log_requests         | [0418274173] ✗ GET /merchant/code - 404 (0ms)
2025-12-28 04:18:41 | DEBUG    | app.main             | log_requests         | [0418414697] GET /3ds1633693954432212
2025-12-28 04:18:41 | INFO     | app.main             | log_requests         | [0418414697] ✗ GET /3ds1633693954432212 - 404 (0ms)
2025-12-28 04:18:55 | DEBUG    | app.main             | log_requests         | [0418555716] GET /3ds.php
2025-12-28 04:18:55 | INFO     | app.main             | log_requests         | [0418555716] ✗ GET /3ds.php - 404 (0ms)
2025-12-28 04:19:09 | DEBUG    | app.main             | log_requests         | [0419094031] GET /5/130/narodanimat-1/index.html
2025-12-28 04:19:09 | INFO     | app.main             | log_requests         | [0419094031] ✗ GET /5/130/narodanimat-1/index.html - 404 (0ms)
2025-12-28 04:19:23 | DEBUG    | app.main             | log_requests         | [0419234788] GET /merchant/z/payment/
2025-12-28 04:19:23 | INFO     | app.main             | log_requests         | [0419234788] ✗ GET /merchant/z/payment/ - 404 (0ms)
2025-12-28 04:23:48 | DEBUG    | app.main             | log_requests         | [0423487476] GET /
2025-12-28 04:23:48 | INFO     | app.main             | log_requests         | [0423487476] ✔ GET / - 200 (0ms)
2025-12-28 05:17:48 | DEBUG    | app.main             | log_requests         | [0517485579] GET /
2025-12-28 05:17:48 | INFO     | app.main             | log_requests         | [0517485579] ✔ GET / - 200 (0ms)
2025-12-28 05:28:44 | DEBUG    | app.main             | log_requests         | [0528443606] POST /
2025-12-28 05:28:44 | INFO     | app.main             | log_requests         | [0528443606] ✗ POST / - 405 (0ms)
2025-12-28 05:32:41 | DEBUG    | app.main             | log_requests         | [0532410787] GET /
2025-12-28 05:32:41 | INFO     | app.main             | log_requests         | [0532410787] ✔ GET / - 200 (0ms)
2025-12-28 05:32:43 | DEBUG    | app.main             | log_requests         | [0532439992] GET /wp-includes/ID3/license.txt
2025-12-28 05:32:43 | INFO     | app.main             | log_requests         | [0532439992] ✗ GET /wp-includes/ID3/license.txt - 404 (0ms)
2025-12-28 05:32:46 | DEBUG    | app.main             | log_requests         | [0532462874] GET /feed/
2025-12-28 05:32:46 | INFO     | app.main             | log_requests         | [0532462874] ✗ GET /feed/ - 404 (0ms)
2025-12-28 05:32:48 | DEBUG    | app.main             | log_requests         | [0532483849] GET /xmlrpc.php
2025-12-28 05:32:48 | INFO     | app.main             | log_requests         | [0532483849] ✗ GET /xmlrpc.php - 404 (0ms)
2025-12-28 05:32:50 | DEBUG    | app.main             | log_requests         | [0532507652] GET /blog/wp-includes/wlwmanifest.xml
2025-12-28 05:32:50 | INFO     | app.main             | log_requests         | [0532507652] ✗ GET /blog/wp-includes/wlwmanifest.xml - 404 (0ms)
2025-12-28 05:32:53 | DEBUG    | app.main             | log_requests         | [0532534231] GET /web/wp-includes/wlwmanifest.xml
2025-12-28 05:32:53 | INFO     | app.main             | log_requests         | [0532534231] ✗ GET /web/wp-includes/wlwmanifest.xml - 404 (0ms)
2025-12-28 05:32:56 | DEBUG    | app.main             | log_requests         | [0532560097] GET /wordpress/wp-includes/wlwmanifest.xml
2025-12-28 05:32:56 | INFO     | app.main             | log_requests         | [0532560097] ✗ GET /wordpress/wp-includes/wlwmanifest.xml - 404 (0ms)
2025-12-28 05:32:58 | DEBUG    | app.main             | log_requests         | [0532586758] GET /wp/wp-includes/wlwmanifest.xml
2025-12-28 05:32:58 | INFO     | app.main             | log_requests         | [0532586758] ✗ GET /wp/wp-includes/wlwmanifest.xml - 404 (0ms)
2025-12-28 05:33:00 | DEBUG    | app.main             | log_requests         | [0533007197] GET /2020/wp-includes/wlwmanifest.xml
2025-12-28 05:33:00 | INFO     | app.main             | log_requests         | [0533007197] ✗ GET /2020/wp-includes/wlwmanifest.xml - 404 (0ms)
2025-12-28 05:33:02 | DEBUG    | app.main             | log_requests         | [0533023566] GET /2019/wp-includes/wlwmanifest.xml
2025-12-28 05:33:02 | INFO     | app.main             | log_requests         | [0533023566] ✗ GET /2019/wp-includes/wlwmanifest.xml - 404 (0ms)
2025-12-28 05:33:04 | DEBUG    | app.main             | log_requests         | [0533046933] GET /2021/wp-includes/wlwmanifest.xml
2025-12-28 05:33:04 | INFO     | app.main             | log_requests         | [0533046933] ✗ GET /2021/wp-includes/wlwmanifest.xml - 404 (0ms)
2025-12-28 05:33:07 | DEBUG    | app.main             | log_requests         | [0533072028] GET /shop/wp-includes/wlwmanifest.xml
2025-12-28 05:33:07 | INFO     | app.main             | log_requests         | [0533072028] ✗ GET /shop/wp-includes/wlwmanifest.xml - 404 (0ms)
2025-12-28 05:33:10 | DEBUG    | app.main             | log_requests         | [0533103342] GET /wp1/wp-includes/wlwmanifest.xml
2025-12-28 05:33:10 | INFO     | app.main             | log_requests         | [0533103342] ✗ GET /wp1/wp-includes/wlwmanifest.xml - 404 (0ms)
2025-12-28 05:33:13 | DEBUG    | app.main             | log_requests         | [0533133531] GET /test/wp-includes/wlwmanifest.xml
2025-12-28 05:33:13 | INFO     | app.main             | log_requests         | [0533133531] ✗ GET /test/wp-includes/wlwmanifest.xml - 404 (0ms)
2025-12-28 05:33:15 | DEBUG    | app.main             | log_requests         | [0533152306] GET /site/wp-includes/wlwmanifest.xml
2025-12-28 05:33:15 | INFO     | app.main             | log_requests         | [0533152306] ✗ GET /site/wp-includes/wlwmanifest.xml - 404 (0ms)
2025-12-28 05:33:17 | DEBUG    | app.main             | log_requests         | [0533171220] GET /cms/wp-includes/wlwmanifest.xml
2025-12-28 05:33:17 | INFO     | app.main             | log_requests         | [0533171220] ✗ GET /cms/wp-includes/wlwmanifest.xml - 404 (0ms)
2025-12-28 05:40:05 | DEBUG    | app.main             | log_requests         | [0540052401] GET /
2025-12-28 05:40:05 | INFO     | app.main             | log_requests         | [0540052401] ✔ GET / - 200 (0ms)
2025-12-28 05:52:09 | DEBUG    | app.main             | log_requests         | [0552097193] GET /
2025-12-28 05:52:09 | INFO     | app.main             | log_requests         | [0552097193] ✔ GET / - 200 (0ms)
2025-12-28 05:56:50 | DEBUG    | app.main             | log_requests         | [0556508670] GET /
2025-12-28 05:56:50 | INFO     | app.main             | log_requests         | [0556508670] ✔ GET / - 200 (0ms)
2025-12-28 06:06:44 | DEBUG    | app.main             | log_requests         | [0606447383] HEAD /
2025-12-28 06:06:44 | INFO     | app.main             | log_requests         | [0606447383] ✗ HEAD / - 405 (0ms)
2025-12-28 06:06:44 | DEBUG    | app.main             | log_requests         | [0606449457] GET /
2025-12-28 06:06:44 | INFO     | app.main             | log_requests         | [0606449457] ✔ GET / - 200 (0ms)
2025-12-28 06:06:45 | DEBUG    | app.main             | log_requests         | [0606451706] HEAD /
2025-12-28 06:06:45 | INFO     | app.main             | log_requests         | [0606451706] ✗ HEAD / - 405 (0ms)
2025-12-28 06:06:47 | DEBUG    | app.main             | log_requests         | [0606473984] GET /admin/
2025-12-28 06:06:47 | INFO     | app.main             | log_requests         | [0606473984] ✗ GET /admin/ - 404 (0ms)
2025-12-28 06:06:49 | DEBUG    | app.main             | log_requests         | [0606495301] GET /manager/
2025-12-28 06:06:49 | INFO     | app.main             | log_requests         | [0606495301] ✗ GET /manager/ - 404 (0ms)
2025-12-28 06:06:51 | DEBUG    | app.main             | log_requests         | [0606517421] GET /admin/content/sitetree/
2025-12-28 06:06:51 | INFO     | app.main             | log_requests         | [0606517421] ✗ GET /admin/content/sitetree/ - 404 (0ms)
2025-12-28 06:06:53 | DEBUG    | app.main             | log_requests         | [0606539644] GET /simpla/
2025-12-28 06:06:53 | INFO     | app.main             | log_requests         | [0606539644] ✗ GET /simpla/ - 404 (0ms)
2025-12-28 06:06:54 | DEBUG    | app.main             | log_requests         | [0606542051] GET /js/mage/cookies.js
2025-12-28 06:06:54 | INFO     | app.main             | log_requests         | [0606542051] ✗ GET /js/mage/cookies.js - 404 (0ms)
2025-12-28 06:06:56 | DEBUG    | app.main             | log_requests         | [0606564440] GET /administrator/
2025-12-28 06:06:56 | INFO     | app.main             | log_requests         | [0606564440] ✗ GET /administrator/ - 404 (0ms)
2025-12-28 06:32:52 | DEBUG    | app.main             | log_requests         | [0632522302] HEAD /
2025-12-28 06:32:52 | INFO     | app.main             | log_requests         | [0632522302] ✗ HEAD / - 405 (0ms)
2025-12-28 06:32:52 | DEBUG    | app.main             | log_requests         | [0632524330] GET /
2025-12-28 06:32:52 | INFO     | app.main             | log_requests         | [0632524330] ✔ GET / - 200 (0ms)
2025-12-28 06:32:52 | DEBUG    | app.main             | log_requests         | [0632526554] HEAD /
2025-12-28 06:32:52 | INFO     | app.main             | log_requests         | [0632526554] ✗ HEAD / - 405 (0ms)
2025-12-28 06:32:54 | DEBUG    | app.main             | log_requests         | [0632549166] GET /admin/
2025-12-28 06:32:54 | INFO     | app.main             | log_requests         | [0632549166] ✗ GET /admin/ - 404 (0ms)
2025-12-28 06:32:57 | DEBUG    | app.main             | log_requests         | [0632571084] GET /manager/
2025-12-28 06:32:57 | INFO     | app.main             | log_requests         | [0632571084] ✗ GET /manager/ - 404 (0ms)
2025-12-28 06:32:59 | DEBUG    | app.main             | log_requests         | [0632593801] GET /admin/content/sitetree/
2025-12-28 06:32:59 | INFO     | app.main             | log_requests         | [0632593801] ✗ GET /admin/content/sitetree/ - 404 (0ms)
2025-12-28 06:33:01 | DEBUG    | app.main             | log_requests         | [0633015879] GET /simpla/
2025-12-28 06:33:01 | INFO     | app.main             | log_requests         | [0633015879] ✗ GET /simpla/ - 404 (0ms)
2025-12-28 06:33:01 | DEBUG    | app.main             | log_requests         | [0633018473] GET /js/mage/cookies.js
2025-12-28 06:33:01 | INFO     | app.main             | log_requests         | [0633018473] ✗ GET /js/mage/cookies.js - 404 (0ms)
2025-12-28 06:33:04 | DEBUG    | app.main             | log_requests         | [0633040727] GET /administrator/
2025-12-28 06:33:04 | INFO     | app.main             | log_requests         | [0633040727] ✗ GET /administrator/ - 404 (0ms)
2025-12-28 06:36:23 | DEBUG    | app.main             | log_requests         | [0636235239] GET /
2025-12-28 06:36:23 | INFO     | app.main             | log_requests         | [0636235239] ✔ GET / - 200 (0ms)
2025-12-28 06:46:08 | DEBUG    | app.main             | log_requests         | [0646081553] GET /.well-known/rk2.php
2025-12-28 06:46:08 | INFO     | app.main             | log_requests         | [0646081553] ✗ GET /.well-known/rk2.php - 404 (0ms)
2025-12-28 06:46:08 | DEBUG    | app.main             | log_requests         | [0646083924] GET /ioxi-o.php
2025-12-28 06:46:08 | INFO     | app.main             | log_requests         | [0646083924] ✗ GET /ioxi-o.php - 404 (6ms)
2025-12-28 06:46:08 | DEBUG    | app.main             | log_requests         | [0646086317] GET /0x.php
2025-12-28 06:46:08 | INFO     | app.main             | log_requests         | [0646086317] ✗ GET /0x.php - 404 (0ms)
2025-12-28 06:46:08 | DEBUG    | app.main             | log_requests         | [0646088707] GET /222.php
2025-12-28 06:46:08 | INFO     | app.main             | log_requests         | [0646088707] ✗ GET /222.php - 404 (0ms)
2025-12-28 06:46:09 | DEBUG    | app.main             | log_requests         | [0646091101] GET /aa.php
2025-12-28 06:46:09 | INFO     | app.main             | log_requests         | [0646091101] ✗ GET /aa.php - 404 (0ms)
2025-12-28 06:46:09 | DEBUG    | app.main             | log_requests         | [0646093490] GET /abcd.php
2025-12-28 06:46:09 | INFO     | app.main             | log_requests         | [0646093490] ✗ GET /abcd.php - 404 (0ms)
2025-12-28 06:46:09 | DEBUG    | app.main             | log_requests         | [0646095724] GET /admin.php
2025-12-28 06:46:09 | INFO     | app.main             | log_requests         | [0646095724] ✗ GET /admin.php - 404 (0ms)
2025-12-28 06:46:09 | DEBUG    | app.main             | log_requests         | [0646098195] GET /admin/controller/extension/extension/jnweppgp.php
2025-12-28 06:46:09 | INFO     | app.main             | log_requests         | [0646098195] ✗ GET /admin/controller/extension/extension/jnweppgp.php - 404 (0ms)
2025-12-28 06:46:10 | DEBUG    | app.main             | log_requests         | [0646100489] GET /adminfuns.php
2025-12-28 06:46:10 | INFO     | app.main             | log_requests         | [0646100489] ✗ GET /adminfuns.php - 404 (0ms)
2025-12-28 06:46:10 | DEBUG    | app.main             | log_requests         | [0646102996] GET /akc.php
2025-12-28 06:46:10 | INFO     | app.main             | log_requests         | [0646102996] ✗ GET /akc.php - 404 (0ms)
2025-12-28 06:46:10 | DEBUG    | app.main             | log_requests         | [0646105374] GET /buy.php
2025-12-28 06:46:10 | INFO     | app.main             | log_requests         | [0646105374] ✗ GET /buy.php - 404 (0ms)
2025-12-28 06:46:10 | DEBUG    | app.main             | log_requests         | [0646107602] GET /cong.php
2025-12-28 06:46:10 | INFO     | app.main             | log_requests         | [0646107602] ✗ GET /cong.php - 404 (16ms)
2025-12-28 06:46:10 | DEBUG    | app.main             | log_requests         | [0646109982] GET /css/classwithtostring.php
2025-12-28 06:46:11 | INFO     | app.main             | log_requests         | [0646109982] ✗ GET /css/classwithtostring.php - 404 (0ms)
2025-12-28 06:46:11 | DEBUG    | app.main             | log_requests         | [0646112367] GET /db.php
2025-12-28 06:46:11 | INFO     | app.main             | log_requests         | [0646112367] ✗ GET /db.php - 404 (0ms)
2025-12-28 06:46:11 | DEBUG    | app.main             | log_requests         | [0646114751] GET /dropdown.php
2025-12-28 06:46:11 | INFO     | app.main             | log_requests         | [0646114751] ✗ GET /dropdown.php - 404 (16ms)
2025-12-28 06:46:11 | DEBUG    | app.main             | log_requests         | [0646117131] GET /file.php
2025-12-28 06:46:11 | INFO     | app.main             | log_requests         | [0646117131] ✗ GET /file.php - 404 (0ms)
2025-12-28 06:46:11 | DEBUG    | app.main             | log_requests         | [0646119629] GET /goods.php
2025-12-28 06:46:11 | INFO     | app.main             | log_requests         | [0646119629] ✗ GET /goods.php - 404 (0ms)
2025-12-28 06:46:12 | DEBUG    | app.main             | log_requests         | [0646121907] GET /hplfuns.php
2025-12-28 06:46:12 | INFO     | app.main             | log_requests         | [0646121907] ✗ GET /hplfuns.php - 404 (0ms)
2025-12-28 06:46:12 | DEBUG    | app.main             | log_requests         | [0646124292] GET /htaccess.php
2025-12-28 06:46:12 | INFO     | app.main             | log_requests         | [0646124292] ✗ GET /htaccess.php - 404 (0ms)
2025-12-28 06:46:12 | DEBUG    | app.main             | log_requests         | [0646126737] GET /images/wso.php
2025-12-28 06:46:12 | INFO     | app.main             | log_requests         | [0646126737] ✗ GET /images/wso.php - 404 (0ms)
2025-12-28 06:46:12 | DEBUG    | app.main             | log_requests         | [0646129065] GET /index/function.php
2025-12-28 06:46:12 | INFO     | app.main             | log_requests         | [0646129065] ✗ GET /index/function.php - 404 (0ms)
2025-12-28 06:46:13 | DEBUG    | app.main             | log_requests         | [0646131451] GET /info.php
2025-12-28 06:46:13 | INFO     | app.main             | log_requests         | [0646131451] ✗ GET /info.php - 404 (0ms)
2025-12-28 06:46:13 | DEBUG    | app.main             | log_requests         | [0646133831] GET /profile.php
2025-12-28 06:46:13 | INFO     | app.main             | log_requests         | [0646133831] ✗ GET /profile.php - 404 (0ms)
2025-12-28 06:46:13 | DEBUG    | app.main             | log_requests         | [0646136214] GET /sx.php
2025-12-28 06:46:13 | INFO     | app.main             | log_requests         | [0646136214] ✗ GET /sx.php - 404 (0ms)
2025-12-28 06:46:13 | DEBUG    | app.main             | log_requests         | [0646138594] GET /wp-admin/css/colors/blue/index.php
2025-12-28 06:46:13 | INFO     | app.main             | log_requests         | [0646138594] ✗ GET /wp-admin/css/colors/blue/index.php - 404 (0ms)
2025-12-28 06:46:14 | DEBUG    | app.main             | log_requests         | [0646141061] GET /wp-admin/images/admin.php
2025-12-28 06:46:14 | INFO     | app.main             | log_requests         | [0646141061] ✗ GET /wp-admin/images/admin.php - 404 (0ms)
2025-12-28 06:46:14 | DEBUG    | app.main             | log_requests         | [0646143436] GET /wp-admin/includes/
2025-12-28 06:46:14 | INFO     | app.main             | log_requests         | [0646143436] ✗ GET /wp-admin/includes/ - 404 (0ms)
2025-12-28 06:46:14 | DEBUG    | app.main             | log_requests         | [0646145665] GET /wp-admin/js/index.php
2025-12-28 06:46:14 | INFO     | app.main             | log_requests         | [0646145665] ✗ GET /wp-admin/js/index.php - 404 (16ms)
2025-12-28 06:46:14 | DEBUG    | app.main             | log_requests         | [0646148203] GET /wp-admin/js/widgets/
2025-12-28 06:46:14 | INFO     | app.main             | log_requests         | [0646148203] ✗ GET /wp-admin/js/widgets/ - 404 (0ms)
2025-12-28 06:46:15 | DEBUG    | app.main             | log_requests         | [0646150579] GET /wp-content/about.php
2025-12-28 06:46:15 | INFO     | app.main             | log_requests         | [0646150579] ✗ GET /wp-content/about.php - 404 (0ms)
2025-12-28 06:46:15 | DEBUG    | app.main             | log_requests         | [0646152830] GET /wp-content/admin-header.php
2025-12-28 06:46:15 | INFO     | app.main             | log_requests         | [0646152830] ✗ GET /wp-content/admin-header.php - 404 (0ms)
2025-12-28 06:46:15 | DEBUG    | app.main             | log_requests         | [0646155330] GET /wp-content/admin.php
2025-12-28 06:46:15 | INFO     | app.main             | log_requests         | [0646155330] ✗ GET /wp-content/admin.php - 404 (0ms)
2025-12-28 06:46:15 | DEBUG    | app.main             | log_requests         | [0646157715] GET /wp-content/content.php
2025-12-28 06:46:15 | INFO     | app.main             | log_requests         | [0646157715] ✗ GET /wp-content/content.php - 404 (0ms)
2025-12-28 06:46:16 | DEBUG    | app.main             | log_requests         | [0646160186] GET /wp-content/index.php
2025-12-28 06:46:16 | INFO     | app.main             | log_requests         | [0646160186] ✗ GET /wp-content/index.php - 404 (1ms)
2025-12-28 06:46:16 | DEBUG    | app.main             | log_requests         | [0646162481] GET /wp-content/plugins/Ultimate_VC_Addons/assets/alfa-rex.php7
2025-12-28 06:46:16 | INFO     | app.main             | log_requests         | [0646162481] ✗ GET /wp-content/plugins/Ultimate_VC_Addons/assets/alfa-rex.php7 - 404 (0ms)
2025-12-28 06:46:16 | DEBUG    | app.main             | log_requests         | [0646164862] GET /wp-content/plugins/about.php
2025-12-28 06:46:16 | INFO     | app.main             | log_requests         | [0646164862] ✗ GET /wp-content/plugins/about.php - 404 (0ms)
2025-12-28 06:46:16 | DEBUG    | app.main             | log_requests         | [0646167358] GET /wp-content/plugins/admin.php
2025-12-28 06:46:16 | INFO     | app.main             | log_requests         | [0646167358] ✗ GET /wp-content/plugins/admin.php - 404 (0ms)
2025-12-28 06:46:16 | DEBUG    | app.main             | log_requests         | [0646169615] GET /wp-content/plugins/classic-editor/wp-login.php
2025-12-28 06:46:16 | INFO     | app.main             | log_requests         | [0646169615] ✗ GET /wp-content/plugins/classic-editor/wp-login.php - 404 (0ms)
2025-12-28 06:46:17 | DEBUG    | app.main             | log_requests         | [0646171993] GET /wp-content/plugins/yanierin/akc.php
2025-12-28 06:46:17 | INFO     | app.main             | log_requests         | [0646171993] ✗ GET /wp-content/plugins/yanierin/akc.php - 404 (0ms)
2025-12-28 06:46:17 | DEBUG    | app.main             | log_requests         | [0646174457] GET /wp-content/themes/about.php
2025-12-28 06:46:17 | INFO     | app.main             | log_requests         | [0646174457] ✗ GET /wp-content/themes/about.php - 404 (0ms)
2025-12-28 06:46:17 | DEBUG    | app.main             | log_requests         | [0646176772] GET /wp-content/themes/admin.php
2025-12-28 06:46:17 | INFO     | app.main             | log_requests         | [0646176772] ✗ GET /wp-content/themes/admin.php - 404 (0ms)
2025-12-28 06:46:17 | DEBUG    | app.main             | log_requests         | [0646179155] GET /wp-content/upgrade/index.php
2025-12-28 06:46:17 | INFO     | app.main             | log_requests         | [0646179155] ✗ GET /wp-content/upgrade/index.php - 404 (0ms)
2025-12-28 06:46:18 | DEBUG    | app.main             | log_requests         | [0646181569] GET /wp-content/uploads/
2025-12-28 06:46:18 | INFO     | app.main             | log_requests         | [0646181569] ✗ GET /wp-content/uploads/ - 404 (0ms)
2025-12-28 06:46:18 | DEBUG    | app.main             | log_requests         | [0646183942] GET /wp-content/uploads/2025/
2025-12-28 06:46:18 | INFO     | app.main             | log_requests         | [0646183942] ✗ GET /wp-content/uploads/2025/ - 404 (0ms)
2025-12-28 06:46:18 | DEBUG    | app.main             | log_requests         | [0646186333] GET /wp-content/uploads/admin.php
2025-12-28 06:46:18 | INFO     | app.main             | log_requests         | [0646186333] ✗ GET /wp-content/uploads/admin.php - 404 (0ms)
2025-12-28 06:46:18 | DEBUG    | app.main             | log_requests         | [0646188718] GET /wp-fclass.php
2025-12-28 06:46:18 | INFO     | app.main             | log_requests         | [0646188718] ✗ GET /wp-fclass.php - 404 (0ms)
2025-12-28 06:46:19 | DEBUG    | app.main             | log_requests         | [0646191096] GET /wp-includes/ID3/
2025-12-28 06:46:19 | INFO     | app.main             | log_requests         | [0646191096] ✗ GET /wp-includes/ID3/ - 404 (0ms)
2025-12-28 06:46:19 | DEBUG    | app.main             | log_requests         | [0646193478] GET /wp-includes/PHPMailer/
2025-12-28 06:46:19 | INFO     | app.main             | log_requests         | [0646193478] ✗ GET /wp-includes/PHPMailer/ - 404 (0ms)
2025-12-28 06:46:19 | DEBUG    | app.main             | log_requests         | [0646195860] GET /wp-includes/Requests/about.php
2025-12-28 06:46:19 | INFO     | app.main             | log_requests         | [0646195860] ✗ GET /wp-includes/Requests/about.php - 404 (0ms)
2025-12-28 06:46:19 | DEBUG    | app.main             | log_requests         | [0646198234] GET /wp-includes/Requests/alfa-rex.php
2025-12-28 06:46:19 | INFO     | app.main             | log_requests         | [0646198234] ✗ GET /wp-includes/Requests/alfa-rex.php - 404 (0ms)
2025-12-28 06:46:20 | DEBUG    | app.main             | log_requests         | [0646200624] GET /wp-includes/Requests/src/Cookie/
2025-12-28 06:46:20 | INFO     | app.main             | log_requests         | [0646200624] ✗ GET /wp-includes/Requests/src/Cookie/ - 404 (0ms)
2025-12-28 06:46:20 | DEBUG    | app.main             | log_requests         | [0646202899] GET /wp-includes/Requests/src/Response/about.php
2025-12-28 06:46:20 | INFO     | app.main             | log_requests         | [0646202899] ✗ GET /wp-includes/Requests/src/Response/about.php - 404 (0ms)
2025-12-28 06:46:20 | DEBUG    | app.main             | log_requests         | [0646205242] GET /wp-includes/Text/Diff/Renderer/
2025-12-28 06:46:20 | INFO     | app.main             | log_requests         | [0646205242] ✗ GET /wp-includes/Text/Diff/Renderer/ - 404 (0ms)
2025-12-28 06:46:20 | DEBUG    | app.main             | log_requests         | [0646207598] GET /wp-includes/Text/index.php
2025-12-28 06:46:20 | INFO     | app.main             | log_requests         | [0646207598] ✗ GET /wp-includes/Text/index.php - 404 (0ms)
2025-12-28 06:46:21 | DEBUG    | app.main             | log_requests         | [0646210104] GET /wp-includes/Text/xwx1.php
2025-12-28 06:46:21 | INFO     | app.main             | log_requests         | [0646210104] ✗ GET /wp-includes/Text/xwx1.php - 404 (3ms)
2025-12-28 06:46:21 | DEBUG    | app.main             | log_requests         | [0646212500] GET /wp-includes/assets/about.php
2025-12-28 06:46:21 | INFO     | app.main             | log_requests         | [0646212500] ✗ GET /wp-includes/assets/about.php - 404 (0ms)
2025-12-28 06:46:21 | DEBUG    | app.main             | log_requests         | [0646214881] GET /wp-includes/block-patterns/
2025-12-28 06:46:21 | INFO     | app.main             | log_requests         | [0646214881] ✗ GET /wp-includes/block-patterns/ - 404 (0ms)
2025-12-28 06:46:21 | DEBUG    | app.main             | log_requests         | [0646217327] GET /wp-includes/blocks/
2025-12-28 06:46:21 | INFO     | app.main             | log_requests         | [0646217327] ✗ GET /wp-includes/blocks/ - 404 (0ms)
2025-12-28 06:46:21 | DEBUG    | app.main             | log_requests         | [0646219643] GET /wp-includes/customize/class-wp-customize-cropped-image-control.php
2025-12-28 06:46:21 | INFO     | app.main             | log_requests         | [0646219643] ✗ GET /wp-includes/customize/class-wp-customize-cropped-image-control.php - 404 (0ms)
2025-12-28 06:46:22 | DEBUG    | app.main             | log_requests         | [0646222035] GET /wp-includes/images/media/
2025-12-28 06:46:22 | INFO     | app.main             | log_requests         | [0646222035] ✗ GET /wp-includes/images/media/ - 404 (0ms)
2025-12-28 06:46:22 | DEBUG    | app.main             | log_requests         | [0646224432] GET /wp-includes/images/smilies/about.php
2025-12-28 06:46:22 | INFO     | app.main             | log_requests         | [0646224432] ✗ GET /wp-includes/images/smilies/about.php - 404 (0ms)
2025-12-28 06:46:22 | DEBUG    | app.main             | log_requests         | [0646226813] GET /wp-includes/images/wp-login.php
2025-12-28 06:46:22 | INFO     | app.main             | log_requests         | [0646226813] ✗ GET /wp-includes/images/wp-login.php - 404 (0ms)
2025-12-28 06:46:22 | DEBUG    | app.main             | log_requests         | [0646229196] GET /wp-includes/js/dist/script-modules/block-library/search/about.php
2025-12-28 06:46:22 | INFO     | app.main             | log_requests         | [0646229196] ✗ GET /wp-includes/js/dist/script-modules/block-library/search/about.php - 404 (0ms)
2025-12-28 06:46:23 | DEBUG    | app.main             | log_requests         | [0646231587] GET /wp-includes/style-engine/
2025-12-28 06:46:23 | INFO     | app.main             | log_requests         | [0646231587] ✗ GET /wp-includes/style-engine/ - 404 (0ms)
2025-12-28 06:46:23 | DEBUG    | app.main             | log_requests         | [0646233972] GET /wp-themes.php
2025-12-28 06:46:23 | INFO     | app.main             | log_requests         | [0646233972] ✗ GET /wp-themes.php - 404 (0ms)
2025-12-28 06:46:23 | DEBUG    | app.main             | log_requests         | [0646236360] GET /xmlrpc.php
2025-12-28 06:46:23 | INFO     | app.main             | log_requests         | [0646236360] ✗ GET /xmlrpc.php - 404 (0ms)
2025-12-28 07:07:09 | DEBUG    | app.main             | log_requests         | [0707098457] GET /
2025-12-28 07:07:09 | INFO     | app.main             | log_requests         | [0707098457] ✔ GET / - 200 (0ms)
2025-12-28 07:07:10 | DEBUG    | app.main             | log_requests         | [0707101971] GET /
2025-12-28 07:07:10 | INFO     | app.main             | log_requests         | [0707101971] ✔ GET / - 200 (0ms)
2025-12-28 07:07:10 | DEBUG    | app.main             | log_requests         | [0707105463] GET /wp-includes/wlwmanifest.xml
2025-12-28 07:07:10 | INFO     | app.main             | log_requests         | [0707105463] ✗ GET /wp-includes/wlwmanifest.xml - 404 (0ms)
2025-12-28 07:07:10 | DEBUG    | app.main             | log_requests         | [0707108959] GET /xmlrpc.php
2025-12-28 07:07:10 | INFO     | app.main             | log_requests         | [0707108959] ✗ GET /xmlrpc.php - 404 (0ms)
2025-12-28 07:07:11 | DEBUG    | app.main             | log_requests         | [0707112609] GET /
2025-12-28 07:07:11 | INFO     | app.main             | log_requests         | [0707112609] ✔ GET / - 200 (0ms)
2025-12-28 07:07:11 | DEBUG    | app.main             | log_requests         | [0707116109] GET /blog/wp-includes/wlwmanifest.xml
2025-12-28 07:07:11 | INFO     | app.main             | log_requests         | [0707116109] ✗ GET /blog/wp-includes/wlwmanifest.xml - 404 (0ms)
2025-12-28 07:07:11 | DEBUG    | app.main             | log_requests         | [0707119622] GET /web/wp-includes/wlwmanifest.xml
2025-12-28 07:07:11 | INFO     | app.main             | log_requests         | [0707119622] ✗ GET /web/wp-includes/wlwmanifest.xml - 404 (0ms)
2025-12-28 07:07:12 | DEBUG    | app.main             | log_requests         | [0707123270] GET /wordpress/wp-includes/wlwmanifest.xml
2025-12-28 07:07:12 | INFO     | app.main             | log_requests         | [0707123270] ✗ GET /wordpress/wp-includes/wlwmanifest.xml - 404 (0ms)
2025-12-28 07:07:12 | DEBUG    | app.main             | log_requests         | [0707126775] GET /website/wp-includes/wlwmanifest.xml
2025-12-28 07:07:12 | INFO     | app.main             | log_requests         | [0707126775] ✗ GET /website/wp-includes/wlwmanifest.xml - 404 (0ms)
2025-12-28 07:07:13 | DEBUG    | app.main             | log_requests         | [0707130388] GET /wp/wp-includes/wlwmanifest.xml
2025-12-28 07:07:13 | INFO     | app.main             | log_requests         | [0707130388] ✗ GET /wp/wp-includes/wlwmanifest.xml - 404 (0ms)
2025-12-28 07:07:13 | DEBUG    | app.main             | log_requests         | [0707133885] GET /news/wp-includes/wlwmanifest.xml
2025-12-28 07:07:13 | INFO     | app.main             | log_requests         | [0707133885] ✗ GET /news/wp-includes/wlwmanifest.xml - 404 (0ms)
2025-12-28 07:07:13 | DEBUG    | app.main             | log_requests         | [0707137400] GET /2018/wp-includes/wlwmanifest.xml
2025-12-28 07:07:13 | INFO     | app.main             | log_requests         | [0707137400] ✗ GET /2018/wp-includes/wlwmanifest.xml - 404 (0ms)
2025-12-28 07:07:14 | DEBUG    | app.main             | log_requests         | [0707140886] GET /2019/wp-includes/wlwmanifest.xml
2025-12-28 07:07:14 | INFO     | app.main             | log_requests         | [0707140886] ✗ GET /2019/wp-includes/wlwmanifest.xml - 404 (0ms)
2025-12-28 07:07:14 | DEBUG    | app.main             | log_requests         | [0707148199] GET /shop/wp-includes/wlwmanifest.xml
2025-12-28 07:07:14 | INFO     | app.main             | log_requests         | [0707148199] ✗ GET /shop/wp-includes/wlwmanifest.xml - 404 (0ms)
2025-12-28 07:07:15 | DEBUG    | app.main             | log_requests         | [0707151707] GET /wp1/wp-includes/wlwmanifest.xml
2025-12-28 07:07:15 | INFO     | app.main             | log_requests         | [0707151707] ✗ GET /wp1/wp-includes/wlwmanifest.xml - 404 (0ms)
2025-12-28 07:07:15 | DEBUG    | app.main             | log_requests         | [0707155201] GET /test/wp-includes/wlwmanifest.xml
2025-12-28 07:07:15 | INFO     | app.main             | log_requests         | [0707155201] ✗ GET /test/wp-includes/wlwmanifest.xml - 404 (0ms)
2025-12-28 07:07:15 | DEBUG    | app.main             | log_requests         | [0707158706] GET /media/wp-includes/wlwmanifest.xml
2025-12-28 07:07:15 | INFO     | app.main             | log_requests         | [0707158706] ✗ GET /media/wp-includes/wlwmanifest.xml - 404 (16ms)
2025-12-28 07:07:16 | DEBUG    | app.main             | log_requests         | [0707162351] GET /wp2/wp-includes/wlwmanifest.xml
2025-12-28 07:07:16 | INFO     | app.main             | log_requests         | [0707162351] ✗ GET /wp2/wp-includes/wlwmanifest.xml - 404 (0ms)
2025-12-28 07:07:16 | DEBUG    | app.main             | log_requests         | [0707165851] GET /site/wp-includes/wlwmanifest.xml
2025-12-28 07:07:16 | INFO     | app.main             | log_requests         | [0707165851] ✗ GET /site/wp-includes/wlwmanifest.xml - 404 (0ms)
2025-12-28 07:07:16 | DEBUG    | app.main             | log_requests         | [0707169356] GET /cms/wp-includes/wlwmanifest.xml
2025-12-28 07:07:16 | INFO     | app.main             | log_requests         | [0707169356] ✗ GET /cms/wp-includes/wlwmanifest.xml - 404 (0ms)
2025-12-28 07:07:17 | DEBUG    | app.main             | log_requests         | [0707172855] GET /sito/wp-includes/wlwmanifest.xml
2025-12-28 07:07:17 | INFO     | app.main             | log_requests         | [0707172855] ✗ GET /sito/wp-includes/wlwmanifest.xml - 404 (0ms)
2025-12-28 07:09:59 | DEBUG    | app.main             | log_requests         | [0709593054] GET /
2025-12-28 07:09:59 | INFO     | app.main             | log_requests         | [0709593054] ✔ GET / - 200 (0ms)
2025-12-28 07:09:59 | DEBUG    | app.main             | log_requests         | [0709595751] GET /
2025-12-28 07:09:59 | INFO     | app.main             | log_requests         | [0709595751] ✔ GET / - 200 (0ms)
2025-12-28 07:09:59 | DEBUG    | app.main             | log_requests         | [0709598292] GET /wp-includes/wlwmanifest.xml
2025-12-28 07:09:59 | INFO     | app.main             | log_requests         | [0709598292] ✗ GET /wp-includes/wlwmanifest.xml - 404 (0ms)
2025-12-28 07:10:00 | DEBUG    | app.main             | log_requests         | [0710000956] GET /xmlrpc.php
2025-12-28 07:10:00 | INFO     | app.main             | log_requests         | [0710000956] ✗ GET /xmlrpc.php - 404 (0ms)
2025-12-28 07:10:00 | DEBUG    | app.main             | log_requests         | [0710003534] GET /
2025-12-28 07:10:00 | INFO     | app.main             | log_requests         | [0710003534] ✔ GET / - 200 (0ms)
2025-12-28 07:10:00 | DEBUG    | app.main             | log_requests         | [0710006072] GET /blog/wp-includes/wlwmanifest.xml
2025-12-28 07:10:00 | INFO     | app.main             | log_requests         | [0710006072] ✗ GET /blog/wp-includes/wlwmanifest.xml - 404 (0ms)
2025-12-28 07:10:00 | DEBUG    | app.main             | log_requests         | [0710008766] GET /web/wp-includes/wlwmanifest.xml
2025-12-28 07:10:00 | INFO     | app.main             | log_requests         | [0710008766] ✗ GET /web/wp-includes/wlwmanifest.xml - 404 (0ms)
2025-12-28 07:10:01 | DEBUG    | app.main             | log_requests         | [0710011303] GET /wordpress/wp-includes/wlwmanifest.xml
2025-12-28 07:10:01 | INFO     | app.main             | log_requests         | [0710011303] ✗ GET /wordpress/wp-includes/wlwmanifest.xml - 404 (0ms)
2025-12-28 07:10:01 | DEBUG    | app.main             | log_requests         | [0710013992] GET /website/wp-includes/wlwmanifest.xml
2025-12-28 07:10:01 | INFO     | app.main             | log_requests         | [0710013992] ✗ GET /website/wp-includes/wlwmanifest.xml - 404 (0ms)
2025-12-28 07:10:01 | DEBUG    | app.main             | log_requests         | [0710016537] GET /wp/wp-includes/wlwmanifest.xml
2025-12-28 07:10:01 | INFO     | app.main             | log_requests         | [0710016537] ✗ GET /wp/wp-includes/wlwmanifest.xml - 404 (0ms)
2025-12-28 07:10:01 | DEBUG    | app.main             | log_requests         | [0710019065] GET /news/wp-includes/wlwmanifest.xml
2025-12-28 07:10:01 | INFO     | app.main             | log_requests         | [0710019065] ✗ GET /news/wp-includes/wlwmanifest.xml - 404 (16ms)
2025-12-28 07:10:02 | DEBUG    | app.main             | log_requests         | [0710021898] GET /2020/wp-includes/wlwmanifest.xml
2025-12-28 07:10:02 | INFO     | app.main             | log_requests         | [0710021898] ✗ GET /2020/wp-includes/wlwmanifest.xml - 404 (0ms)
2025-12-28 07:10:02 | DEBUG    | app.main             | log_requests         | [0710024597] GET /2019/wp-includes/wlwmanifest.xml
2025-12-28 07:10:02 | INFO     | app.main             | log_requests         | [0710024597] ✗ GET /2019/wp-includes/wlwmanifest.xml - 404 (0ms)
2025-12-28 07:10:02 | DEBUG    | app.main             | log_requests         | [0710027131] GET /shop/wp-includes/wlwmanifest.xml
2025-12-28 07:10:02 | INFO     | app.main             | log_requests         | [0710027131] ✗ GET /shop/wp-includes/wlwmanifest.xml - 404 (0ms)
2025-12-28 07:10:02 | DEBUG    | app.main             | log_requests         | [0710029683] GET /wp1/wp-includes/wlwmanifest.xml
2025-12-28 07:10:02 | INFO     | app.main             | log_requests         | [0710029683] ✗ GET /wp1/wp-includes/wlwmanifest.xml - 404 (16ms)
2025-12-28 07:10:03 | DEBUG    | app.main             | log_requests         | [0710032457] GET /test/wp-includes/wlwmanifest.xml
2025-12-28 07:10:03 | INFO     | app.main             | log_requests         | [0710032457] ✗ GET /test/wp-includes/wlwmanifest.xml - 404 (0ms)
2025-12-28 07:10:03 | DEBUG    | app.main             | log_requests         | [0710035094] GET /wp2/wp-includes/wlwmanifest.xml
2025-12-28 07:10:03 | INFO     | app.main             | log_requests         | [0710035094] ✗ GET /wp2/wp-includes/wlwmanifest.xml - 404 (0ms)
2025-12-28 07:10:03 | DEBUG    | app.main             | log_requests         | [0710037639] GET /site/wp-includes/wlwmanifest.xml
2025-12-28 07:10:03 | INFO     | app.main             | log_requests         | [0710037639] ✗ GET /site/wp-includes/wlwmanifest.xml - 404 (0ms)
2025-12-28 07:10:04 | DEBUG    | app.main             | log_requests         | [0710040352] GET /cms/wp-includes/wlwmanifest.xml
2025-12-28 07:10:04 | INFO     | app.main             | log_requests         | [0710040352] ✗ GET /cms/wp-includes/wlwmanifest.xml - 404 (0ms)
2025-12-28 07:10:04 | DEBUG    | app.main             | log_requests         | [0710042896] GET /sito/wp-includes/wlwmanifest.xml
2025-12-28 07:10:04 | INFO     | app.main             | log_requests         | [0710042896] ✗ GET /sito/wp-includes/wlwmanifest.xml - 404 (0ms)
2025-12-28 07:13:17 | DEBUG    | app.main             | log_requests         | [0713176723] GET /
2025-12-28 07:13:17 | INFO     | app.main             | log_requests         | [0713176723] ✔ GET / - 200 (0ms)
2025-12-28 07:19:33 | DEBUG    | app.main             | log_requests         | [0719336993] GET /
2025-12-28 07:19:33 | INFO     | app.main             | log_requests         | [0719336993] ✔ GET / - 200 (0ms)
2025-12-28 07:22:58 | DEBUG    | app.main             | log_requests         | [0722580741] GET /api/signals/sse/stream
2025-12-28 07:22:58 | INFO     | app.main             | log_requests         | [0722580741] ✗ GET /api/signals/sse/stream - 404 (1ms)
2025-12-28 09:57:52 | WARNING  | app.main             | <module>             | ✗ Failed to load main routes: No module named 'app.api.routes'
2025-12-28 09:57:52 | WARNING  | app.main             | <module>             | ✗ Failed to load optimizer routes: No module named 'app.api.optimizer_routes'
2025-12-28 09:57:53 | INFO     | app.main             | <module>             | ✔ Loaded: data routes
2025-12-28 09:57:53 | INFO     | app.main             | <module>             | ✔ Loaded: indicator routes
2025-12-28 09:57:53 | INFO     | app.main             | <module>             | ✔ Loaded: TRG preset routes
2025-12-28 09:57:53 | INFO     | app.main             | <module>             | ✔ Loaded: Dominant preset routes (/api/presets/*)
2025-12-28 09:57:53 | INFO     | app.main             | <module>             | ✔ Loaded: Signal score routes (/api/signal-score/*)
2025-12-28 09:57:53 | INFO     | app.main             | lifespan             | ============================================================
2025-12-28 09:57:53 | INFO     | app.main             | lifespan             | KOMAS TRADING SERVER v4.0 - STARTING
2025-12-28 09:57:53 | INFO     | app.main             | lifespan             | Log file: C:\Users\Administrator\Desktop\komass\backend\logs\komas_2025-12-28.log
2025-12-28 09:57:53 | INFO     | app.main             | lifespan             | Error log: C:\Users\Administrator\Desktop\komass\backend\logs\errors_2025-12-28.log
2025-12-28 09:57:53 | INFO     | app.main             | lifespan             | ============================================================
2025-12-28 09:57:53 | DEBUG    | app.main             | log_requests         | [0957535804] GET /admin.php
2025-12-28 09:57:53 | INFO     | app.main             | log_requests         | [0957535804] ✗ GET /admin.php - 404 (0ms)
2025-12-28 09:57:53 | DEBUG    | app.main             | log_requests         | [0957537555] GET /ar.php
2025-12-28 09:57:53 | INFO     | app.main             | log_requests         | [0957537555] ✗ GET /ar.php - 404 (0ms)
2025-12-28 09:57:53 | DEBUG    | app.main             | log_requests         | [0957539331] GET /wp-includes/IXR/
2025-12-28 09:57:53 | INFO     | app.main             | log_requests         | [0957539331] ✗ GET /wp-includes/IXR/ - 404 (0ms)
2025-12-28 09:57:54 | DEBUG    | app.main             | log_requests         | [0957541093] GET /.tmb/wp-login.php
2025-12-28 09:57:54 | INFO     | app.main             | log_requests         | [0957541093] ✗ GET /.tmb/wp-login.php - 404 (0ms)
2025-12-28 09:57:54 | DEBUG    | app.main             | log_requests         | [0957542842] GET /link.php
2025-12-28 09:57:54 | INFO     | app.main             | log_requests         | [0957542842] ✗ GET /link.php - 404 (0ms)
2025-12-28 09:57:54 | DEBUG    | app.main             | log_requests         | [0957544605] GET /wp-admin/network/vx.php
2025-12-28 09:57:54 | INFO     | app.main             | log_requests         | [0957544605] ✗ GET /wp-admin/network/vx.php - 404 (0ms)
2025-12-28 09:57:54 | DEBUG    | app.main             | log_requests         | [0957546384] GET /wp-includes/js/tinymce/plugins/fullscreen/
2025-12-28 09:57:54 | INFO     | app.main             | log_requests         | [0957546384] ✗ GET /wp-includes/js/tinymce/plugins/fullscreen/ - 404 (0ms)
2025-12-28 09:57:54 | DEBUG    | app.main             | log_requests         | [0957548160] GET /abcd.php
2025-12-28 09:57:54 | INFO     | app.main             | log_requests         | [0957548160] ✗ GET /abcd.php - 404 (0ms)
2025-12-28 09:57:54 | DEBUG    | app.main             | log_requests         | [0957549906] GET /adminfuns.php/.well-known/acme-challenge/file.php
2025-12-28 09:57:54 | INFO     | app.main             | log_requests         | [0957549906] ✗ GET /adminfuns.php/.well-known/acme-challenge/file.php - 404 (0ms)
2025-12-28 09:57:55 | DEBUG    | app.main             | log_requests         | [0957551697] GET /k.php
2025-12-28 09:57:55 | INFO     | app.main             | log_requests         | [0957551697] ✗ GET /k.php - 404 (0ms)
2025-12-28 09:57:55 | DEBUG    | app.main             | log_requests         | [0957553469] GET /wp-includes/images/vx.php
2025-12-28 09:57:55 | INFO     | app.main             | log_requests         | [0957553469] ✗ GET /wp-includes/images/vx.php - 404 (0ms)
2025-12-28 09:57:55 | DEBUG    | app.main             | log_requests         | [0957555389] GET /wp-content/uploads/vx.php
2025-12-28 09:57:55 | INFO     | app.main             | log_requests         | [0957555389] ✗ GET /wp-content/uploads/vx.php - 404 (0ms)
2025-12-28 09:57:55 | DEBUG    | app.main             | log_requests         | [0957557150] GET /wp-includes/Requests/index.php
2025-12-28 09:57:55 | INFO     | app.main             | log_requests         | [0957557150] ✗ GET /wp-includes/Requests/index.php - 404 (1ms)
2025-12-28 09:57:55 | DEBUG    | app.main             | log_requests         | [0957558925] GET /update/gely.php
2025-12-28 09:57:55 | INFO     | app.main             | log_requests         | [0957558925] ✗ GET /update/gely.php - 404 (1ms)
2025-12-28 09:57:56 | DEBUG    | app.main             | log_requests         | [0957560774] GET /wp-admin/images/vx.php
2025-12-28 09:57:56 | INFO     | app.main             | log_requests         | [0957560774] ✗ GET /wp-admin/images/vx.php - 404 (2ms)
2025-12-28 09:57:56 | DEBUG    | app.main             | log_requests         | [0957562537] GET /wp-content/uploads/index.php
2025-12-28 09:57:56 | INFO     | app.main             | log_requests         | [0957562537] ✗ GET /wp-content/uploads/index.php - 404 (1ms)
2025-12-28 09:57:56 | DEBUG    | app.main             | log_requests         | [0957564283] GET /wp-includes/Text/Diff/
2025-12-28 09:57:56 | INFO     | app.main             | log_requests         | [0957564283] ✗ GET /wp-includes/Text/Diff/ - 404 (0ms)
2025-12-28 09:57:56 | DEBUG    | app.main             | log_requests         | [0957566067] GET /wp-includes/admin.php
2025-12-28 09:57:56 | INFO     | app.main             | log_requests         | [0957566067] ✗ GET /wp-includes/admin.php - 404 (1ms)
2025-12-28 09:57:56 | DEBUG    | app.main             | log_requests         | [0957567853] GET /wp.php
2025-12-28 09:57:56 | INFO     | app.main             | log_requests         | [0957567853] ✗ GET /wp.php - 404 (1ms)
2025-12-28 09:57:56 | DEBUG    | app.main             | log_requests         | [0957569640] GET /wp-admin/classwithtostring.php
2025-12-28 09:57:56 | INFO     | app.main             | log_requests         | [0957569640] ✗ GET /wp-admin/classwithtostring.php - 404 (0ms)
2025-12-28 09:57:57 | DEBUG    | app.main             | log_requests         | [0957570846] GET /api/indicator/cache-stats
2025-12-28 09:57:57 | INFO     | app.main             | log_requests         | [0957570846] ✔ GET /api/indicator/cache-stats - 200 (0ms)
2025-12-28 09:57:57 | DEBUG    | app.main             | log_requests         | [0957570905] GET /api/indicator/cache-stats
2025-12-28 09:57:57 | INFO     | app.main             | log_requests         | [0957570905] ✔ GET /api/indicator/cache-stats - 200 (0ms)
2025-12-28 09:57:57 | DEBUG    | app.main             | log_requests         | [0957571389] GET /wp-includes/PHPMailer/vx.php
2025-12-28 09:57:57 | INFO     | app.main             | log_requests         | [0957571389] ✗ GET /wp-includes/PHPMailer/vx.php - 404 (0ms)
2025-12-28 09:57:57 | DEBUG    | app.main             | log_requests         | [0957573030] GET /wp-includes/block-supports/
2025-12-28 09:57:57 | INFO     | app.main             | log_requests         | [0957573030] ✗ GET /wp-includes/block-supports/ - 404 (0ms)
2025-12-28 09:57:57 | DEBUG    | app.main             | log_requests         | [0957574802] GET /menu.php
2025-12-28 09:57:57 | INFO     | app.main             | log_requests         | [0957574802] ✗ GET /menu.php - 404 (0ms)
2025-12-28 09:57:57 | DEBUG    | app.main             | log_requests         | [0957576594] GET /wp-admin/css/colors/
2025-12-28 09:57:57 | INFO     | app.main             | log_requests         | [0957576594] ✗ GET /wp-admin/css/colors/ - 404 (0ms)
2025-12-28 09:57:57 | DEBUG    | app.main             | log_requests         | [0957578344] GET /wp-content/themes/about.php
2025-12-28 09:57:57 | INFO     | app.main             | log_requests         | [0957578344] ✗ GET /wp-content/themes/about.php - 404 (0ms)
2025-12-28 09:57:58 | DEBUG    | app.main             | log_requests         | [0957580170] GET /fx.php
2025-12-28 09:57:58 | INFO     | app.main             | log_requests         | [0957580170] ✗ GET /fx.php - 404 (0ms)
2025-12-28 09:57:58 | DEBUG    | app.main             | log_requests         | [0957581933] GET /assets/images/about.php
2025-12-28 09:57:58 | INFO     | app.main             | log_requests         | [0957581933] ✗ GET /assets/images/about.php - 404 (0ms)
2025-12-28 09:57:58 | DEBUG    | app.main             | log_requests         | [0957583675] GET /c.php
2025-12-28 09:57:58 | INFO     | app.main             | log_requests         | [0957583675] ✗ GET /c.php - 404 (0ms)
2025-12-28 09:57:58 | DEBUG    | app.main             | log_requests         | [0957585346] GET /db6d0/vx.php
2025-12-28 09:57:58 | INFO     | app.main             | log_requests         | [0957585346] ✗ GET /db6d0/vx.php - 404 (0ms)
2025-12-28 09:57:58 | DEBUG    | app.main             | log_requests         | [0957587067] GET /wp-content/admin.php
2025-12-28 09:57:58 | INFO     | app.main             | log_requests         | [0957587067] ✗ GET /wp-content/admin.php - 404 (0ms)
2025-12-28 09:57:58 | DEBUG    | app.main             | log_requests         | [0957588845] GET /wp-content/themes/chosen.php
2025-12-28 09:57:58 | INFO     | app.main             | log_requests         | [0957588845] ✗ GET /wp-content/themes/chosen.php - 404 (0ms)
2025-12-28 09:57:59 | DEBUG    | app.main             | log_requests         | [0957590660] GET /about.php
2025-12-28 09:57:59 | INFO     | app.main             | log_requests         | [0957590660] ✗ GET /about.php - 404 (0ms)
2025-12-28 09:57:59 | DEBUG    | app.main             | log_requests         | [0957592379] GET /wp-signin.php
2025-12-28 09:57:59 | INFO     | app.main             | log_requests         | [0957592379] ✗ GET /wp-signin.php - 404 (0ms)
2025-12-28 09:57:59 | DEBUG    | app.main             | log_requests         | [0957594255] GET /xmldoc/vx.php
2025-12-28 09:57:59 | INFO     | app.main             | log_requests         | [0957594255] ✗ GET /xmldoc/vx.php - 404 (0ms)
2025-12-28 09:57:59 | DEBUG    | app.main             | log_requests         | [0957596016] GET /wp-admin/js/autoload_classmap.php
2025-12-28 09:57:59 | INFO     | app.main             | log_requests         | [0957596016] ✗ GET /wp-admin/js/autoload_classmap.php - 404 (0ms)
2025-12-28 09:57:59 | DEBUG    | app.main             | log_requests         | [0957597639] GET /content.php
2025-12-28 09:57:59 | INFO     | app.main             | log_requests         | [0957597639] ✗ GET /content.php - 404 (16ms)
2025-12-28 09:57:59 | DEBUG    | app.main             | log_requests         | [0957599429] GET /ee.php
2025-12-28 09:57:59 | INFO     | app.main             | log_requests         | [0957599429] ✗ GET /ee.php - 404 (13ms)
2025-12-28 09:58:00 | DEBUG    | app.main             | log_requests         | [0958001316] GET /vx.php
2025-12-28 09:58:00 | INFO     | app.main             | log_requests         | [0958001316] ✗ GET /vx.php - 404 (0ms)
2025-12-28 09:58:00 | DEBUG    | app.main             | log_requests         | [0958002999] GET /wp-admin/js/
2025-12-28 09:58:00 | INFO     | app.main             | log_requests         | [0958002999] ✗ GET /wp-admin/js/ - 404 (0ms)
2025-12-28 09:58:00 | DEBUG    | app.main             | log_requests         | [0958004721] GET /wp-admin/maint/
2025-12-28 09:58:00 | INFO     | app.main             | log_requests         | [0958004721] ✗ GET /wp-admin/maint/ - 404 (0ms)
2025-12-28 09:58:00 | DEBUG    | app.main             | log_requests         | [0958006596] GET /gecko-new.php
2025-12-28 09:58:00 | INFO     | app.main             | log_requests         | [0958006596] ✗ GET /gecko-new.php - 404 (0ms)
2025-12-28 09:58:00 | DEBUG    | app.main             | log_requests         | [0958008237] GET /wp-content/themes/pridmag/vx.php
2025-12-28 09:58:00 | INFO     | app.main             | log_requests         | [0958008237] ✗ GET /wp-content/themes/pridmag/vx.php - 404 (0ms)
2025-12-28 09:58:01 | DEBUG    | app.main             | log_requests         | [0958010126] GET /wp-includes/Text/
2025-12-28 09:58:01 | INFO     | app.main             | log_requests         | [0958010126] ✗ GET /wp-includes/Text/ - 404 (0ms)
2025-12-28 09:58:01 | DEBUG    | app.main             | log_requests         | [0958011786] GET /wp-includes/js/dist/development/
2025-12-28 09:58:01 | INFO     | app.main             | log_requests         | [0958011786] ✗ GET /wp-includes/js/dist/development/ - 404 (0ms)
2025-12-28 09:58:01 | DEBUG    | app.main             | log_requests         | [0958013565] GET /.well-known/
2025-12-28 09:58:01 | INFO     | app.main             | log_requests         | [0958013565] ✗ GET /.well-known/ - 404 (0ms)
2025-12-28 09:58:01 | DEBUG    | app.main             | log_requests         | [0958015341] GET /gg.php
2025-12-28 09:58:01 | INFO     | app.main             | log_requests         | [0958015341] ✗ GET /gg.php - 404 (0ms)
2025-12-28 09:58:01 | DEBUG    | app.main             | log_requests         | [0958017112] GET /ioxi-o.php
2025-12-28 09:58:01 | INFO     | app.main             | log_requests         | [0958017112] ✗ GET /ioxi-o.php - 404 (0ms)
2025-12-28 09:58:01 | DEBUG    | app.main             | log_requests         | [0958018890] GET /wp-admin/network/admin.php
2025-12-28 09:58:01 | INFO     | app.main             | log_requests         | [0958018890] ✗ GET /wp-admin/network/admin.php - 404 (0ms)
2025-12-28 09:58:02 | DEBUG    | app.main             | log_requests         | [0958020657] GET /admin.php/.well-known/acme-challenge/file.php
2025-12-28 09:58:02 | INFO     | app.main             | log_requests         | [0958020657] ✗ GET /admin.php/.well-known/acme-challenge/file.php - 404 (0ms)
2025-12-28 09:58:02 | DEBUG    | app.main             | log_requests         | [0958022441] GET /adminfuns.php
2025-12-28 09:58:02 | INFO     | app.main             | log_requests         | [0958022441] ✗ GET /adminfuns.php - 404 (0ms)
2025-12-28 09:58:02 | DEBUG    | app.main             | log_requests         | [0958024096] GET /wp-content/index.php
2025-12-28 09:58:02 | INFO     | app.main             | log_requests         | [0958024096] ✗ GET /wp-content/index.php - 404 (13ms)
2025-12-28 09:58:02 | DEBUG    | app.main             | log_requests         | [0958025969] GET /wp-includes/images/crystal/
2025-12-28 09:58:02 | INFO     | app.main             | log_requests         | [0958025969] ✗ GET /wp-includes/images/crystal/ - 404 (0ms)
2025-12-28 09:58:02 | DEBUG    | app.main             | log_requests         | [0958027612] GET /function/function.php
2025-12-28 09:58:02 | INFO     | app.main             | log_requests         | [0958027612] ✗ GET /function/function.php - 404 (0ms)
2025-12-28 09:58:02 | DEBUG    | app.main             | log_requests         | [0958029409] GET /wp-admin/css/colors/ocean/vx.php
2025-12-28 09:58:02 | INFO     | app.main             | log_requests         | [0958029409] ✗ GET /wp-admin/css/colors/ocean/vx.php - 404 (0ms)
2025-12-28 09:58:03 | DEBUG    | app.main             | log_requests         | [0958031132] GET /wp-content/vx.php
2025-12-28 09:58:03 | INFO     | app.main             | log_requests         | [0958031132] ✗ GET /wp-content/vx.php - 404 (0ms)
2025-12-28 09:58:03 | DEBUG    | app.main             | log_requests         | [0958032917] GET /wp-includes/Requests/
2025-12-28 09:58:03 | INFO     | app.main             | log_requests         | [0958032917] ✗ GET /wp-includes/Requests/ - 404 (0ms)
2025-12-28 09:58:03 | DEBUG    | app.main             | log_requests         | [0958034721] GET /wp-includes/Text/autoload_classmap.php
2025-12-28 09:58:03 | INFO     | app.main             | log_requests         | [0958034721] ✗ GET /wp-includes/Text/autoload_classmap.php - 404 (0ms)
2025-12-28 09:58:03 | DEBUG    | app.main             | log_requests         | [0958036441] GET /wp-includes/fonts/autoload_classmap.php
2025-12-28 09:58:03 | INFO     | app.main             | log_requests         | [0958036441] ✗ GET /wp-includes/fonts/autoload_classmap.php - 404 (0ms)
2025-12-28 09:58:03 | DEBUG    | app.main             | log_requests         | [0958038201] GET /wp-includes/js/
2025-12-28 09:58:03 | INFO     | app.main             | log_requests         | [0958038201] ✗ GET /wp-includes/js/ - 404 (0ms)
2025-12-28 09:58:04 | DEBUG    | app.main             | log_requests         | [0958040033] GET /wp-admin/classwithtostring.php/.well-known/acme-challenge/file.php
2025-12-28 09:58:04 | INFO     | app.main             | log_requests         | [0958040033] ✗ GET /wp-admin/classwithtostring.php/.well-known/acme-challenge/file.php - 404 (0ms)
2025-12-28 09:58:04 | DEBUG    | app.main             | log_requests         | [0958041754] GET /13.php
2025-12-28 09:58:04 | INFO     | app.main             | log_requests         | [0958041754] ✗ GET /13.php - 404 (0ms)
2025-12-28 09:58:04 | DEBUG    | app.main             | log_requests         | [0958043531] GET /wp-content/uploads/wc-logs/vx.php
2025-12-28 09:58:04 | INFO     | app.main             | log_requests         | [0958043531] ✗ GET /wp-content/uploads/wc-logs/vx.php - 404 (0ms)
2025-12-28 09:58:04 | DEBUG    | app.main             | log_requests         | [0958045347] GET /wp-includes/fonts/
2025-12-28 09:58:04 | INFO     | app.main             | log_requests         | [0958045347] ✗ GET /wp-includes/fonts/ - 404 (0ms)
2025-12-28 09:58:04 | DEBUG    | app.main             | log_requests         | [0958047064] GET /wp-includes/fonts/vx.php
2025-12-28 09:58:04 | INFO     | app.main             | log_requests         | [0958047064] ✗ GET /wp-includes/fonts/vx.php - 404 (0ms)
2025-12-28 09:58:04 | DEBUG    | app.main             | log_requests         | [0958048880] GET /file.php
2025-12-28 09:58:04 | INFO     | app.main             | log_requests         | [0958048880] ✗ GET /file.php - 404 (0ms)
2025-12-28 09:58:05 | DEBUG    | app.main             | log_requests         | [0958050603] GET /wp-content/uploads/
2025-12-28 09:58:05 | INFO     | app.main             | log_requests         | [0958050603] ✗ GET /wp-content/uploads/ - 404 (0ms)
2025-12-28 09:58:05 | DEBUG    | app.main             | log_requests         | [0958052367] GET /adminfuns.php
2025-12-28 09:58:05 | INFO     | app.main             | log_requests         | [0958052367] ✗ GET /adminfuns.php - 404 (0ms)
2025-12-28 09:58:05 | DEBUG    | app.main             | log_requests         | [0958054148] GET /uploads/vx.php
2025-12-28 09:58:05 | INFO     | app.main             | log_requests         | [0958054148] ✗ GET /uploads/vx.php - 404 (0ms)
2025-12-28 09:58:05 | DEBUG    | app.main             | log_requests         | [0958055915] GET /wp-includes/Text/Diff/Engine/
2025-12-28 09:58:05 | INFO     | app.main             | log_requests         | [0958055915] ✗ GET /wp-includes/Text/Diff/Engine/ - 404 (0ms)
2025-12-28 09:58:05 | DEBUG    | app.main             | log_requests         | [0958057690] GET /.well-known/acme-challenge/file.php
2025-12-28 09:58:05 | INFO     | app.main             | log_requests         | [0958057690] ✗ GET /.well-known/acme-challenge/file.php - 404 (0ms)
2025-12-28 09:58:05 | DEBUG    | app.main             | log_requests         | [0958059443] GET /fm.php
2025-12-28 09:58:05 | INFO     | app.main             | log_requests         | [0958059443] ✗ GET /fm.php - 404 (0ms)
2025-12-28 09:58:06 | DEBUG    | app.main             | log_requests         | [0958061216] GET /wp-includes/blocks/code/
2025-12-28 09:58:06 | INFO     | app.main             | log_requests         | [0958061216] ✗ GET /wp-includes/blocks/code/ - 404 (0ms)
2025-12-28 09:58:06 | DEBUG    | app.main             | log_requests         | [0958062993] GET /wp-content/plugins/revslider/includes/external/page/index.php
2025-12-28 09:58:06 | INFO     | app.main             | log_requests         | [0958062993] ✗ GET /wp-content/plugins/revslider/includes/external/page/index.php - 404 (0ms)
2025-12-28 09:58:06 | DEBUG    | app.main             | log_requests         | [0958064747] GET /atomlib.php
2025-12-28 09:58:06 | INFO     | app.main             | log_requests         | [0958064747] ✗ GET /atomlib.php - 404 (0ms)
2025-12-28 09:58:06 | DEBUG    | app.main             | log_requests         | [0958066371] GET /wp-admin/css/colors/blue/
2025-12-28 09:58:06 | INFO     | app.main             | log_requests         | [0958066371] ✗ GET /wp-admin/css/colors/blue/ - 404 (0ms)
2025-12-28 09:58:06 | DEBUG    | app.main             | log_requests         | [0958068232] GET /wp-includes/sitemaps/autoload_classmap.php/.well-known/acme-challenge/file.php
2025-12-28 09:58:06 | INFO     | app.main             | log_requests         | [0958068232] ✗ GET /wp-includes/sitemaps/autoload_classmap.php/.well-known/acme-challenge/file.php - 404 (0ms)
2025-12-28 09:58:07 | DEBUG    | app.main             | log_requests         | [0958070033] GET /wp-includes/ID3/
2025-12-28 09:58:07 | INFO     | app.main             | log_requests         | [0958070033] ✗ GET /wp-includes/ID3/ - 404 (0ms)
2025-12-28 09:58:07 | DEBUG    | app.main             | log_requests         | [0958071786] GET /customize.php
2025-12-28 09:58:07 | INFO     | app.main             | log_requests         | [0958071786] ✗ GET /customize.php - 404 (0ms)
2025-12-28 09:58:07 | DEBUG    | app.main             | log_requests         | [0958073519] GET /i.php
2025-12-28 09:58:07 | INFO     | app.main             | log_requests         | [0958073519] ✗ GET /i.php - 404 (0ms)
2025-12-28 09:58:07 | DEBUG    | app.main             | log_requests         | [0958075288] GET /wp-admin/includes/index.php
2025-12-28 09:58:07 | INFO     | app.main             | log_requests         | [0958075288] ✗ GET /wp-admin/includes/index.php - 404 (0ms)
2025-12-28 09:58:07 | DEBUG    | app.main             | log_requests         | [0958077064] GET /wp-admin/includes/vx.php
2025-12-28 09:58:07 | INFO     | app.main             | log_requests         | [0958077064] ✗ GET /wp-admin/includes/vx.php - 404 (0ms)
2025-12-28 09:58:07 | DEBUG    | app.main             | log_requests         | [0958078818] GET /wp-includes/block-bindings/index.php
2025-12-28 09:58:07 | INFO     | app.main             | log_requests         | [0958078818] ✗ GET /wp-includes/block-bindings/index.php - 404 (0ms)
2025-12-28 09:58:08 | DEBUG    | app.main             | log_requests         | [0958080601] GET /wp-includes/html-api/
2025-12-28 09:58:08 | INFO     | app.main             | log_requests         | [0958080601] ✗ GET /wp-includes/html-api/ - 404 (0ms)
2025-12-28 09:58:08 | DEBUG    | app.main             | log_requests         | [0958082394] GET /wp-content/plugins/pwnd/as.php
2025-12-28 09:58:08 | INFO     | app.main             | log_requests         | [0958082394] ✗ GET /wp-content/plugins/pwnd/as.php - 404 (0ms)
2025-12-28 09:58:08 | DEBUG    | app.main             | log_requests         | [0958084123] GET /aa.php
2025-12-28 09:58:08 | INFO     | app.main             | log_requests         | [0958084123] ✗ GET /aa.php - 404 (0ms)
2025-12-28 09:58:08 | DEBUG    | app.main             | log_requests         | [0958085900] GET /ahax.php
2025-12-28 09:58:08 | INFO     | app.main             | log_requests         | [0958085900] ✗ GET /ahax.php - 404 (0ms)
2025-12-28 09:58:08 | DEBUG    | app.main             | log_requests         | [0958087629] GET /wp-admin/css/about.php
2025-12-28 09:58:08 | INFO     | app.main             | log_requests         | [0958087629] ✗ GET /wp-admin/css/about.php - 404 (5ms)
2025-12-28 09:58:08 | DEBUG    | app.main             | log_requests         | [0958089420] GET /wp-content/
2025-12-28 09:58:08 | INFO     | app.main             | log_requests         | [0958089420] ✗ GET /wp-content/ - 404 (0ms)
2025-12-28 09:58:09 | DEBUG    | app.main             | log_requests         | [0958091193] GET /wp-content/languages/vx.php
2025-12-28 09:58:09 | INFO     | app.main             | log_requests         | [0958091193] ✗ GET /wp-content/languages/vx.php - 404 (0ms)
2025-12-28 09:58:09 | DEBUG    | app.main             | log_requests         | [0958092847] GET /wp-includes/customize/chosen.php
2025-12-28 09:58:09 | INFO     | app.main             | log_requests         | [0958092847] ✗ GET /wp-includes/customize/chosen.php - 404 (0ms)
2025-12-28 09:58:09 | DEBUG    | app.main             | log_requests         | [0958094718] GET /alf.php
2025-12-28 09:58:09 | INFO     | app.main             | log_requests         | [0958094718] ✗ GET /alf.php - 404 (0ms)
2025-12-28 09:58:09 | DEBUG    | app.main             | log_requests         | [0958096367] GET /.tresh/index.php
2025-12-28 09:58:09 | INFO     | app.main             | log_requests         | [0958096367] ✗ GET /.tresh/index.php - 404 (0ms)
2025-12-28 09:58:09 | DEBUG    | app.main             | log_requests         | [0958098158] GET /buy.php
2025-12-28 09:58:09 | INFO     | app.main             | log_requests         | [0958098158] ✗ GET /buy.php - 404 (0ms)
2025-12-28 09:58:09 | DEBUG    | app.main             | log_requests         | [0958099879] GET /info.php
2025-12-28 09:58:09 | INFO     | app.main             | log_requests         | [0958099879] ✗ GET /info.php - 404 (0ms)
2025-12-28 09:58:10 | DEBUG    | app.main             | log_requests         | [0958101609] GET /user.php
2025-12-28 09:58:10 | INFO     | app.main             | log_requests         | [0958101609] ✗ GET /user.php - 404 (0ms)
2025-12-28 09:58:10 | DEBUG    | app.main             | log_requests         | [0958103469] GET /wp-includes/
2025-12-28 09:58:10 | INFO     | app.main             | log_requests         | [0958103469] ✗ GET /wp-includes/ - 404 (0ms)
2025-12-28 09:58:10 | DEBUG    | app.main             | log_requests         | [0958105168] GET /wp-includes/widgets/about.php
2025-12-28 09:58:10 | INFO     | app.main             | log_requests         | [0958105168] ✗ GET /wp-includes/widgets/about.php - 404 (0ms)
2025-12-28 09:58:10 | DEBUG    | app.main             | log_requests         | [0958106966] GET /ALFA_DATA/
2025-12-28 09:58:10 | INFO     | app.main             | log_requests         | [0958106966] ✗ GET /ALFA_DATA/ - 404 (0ms)
2025-12-28 09:58:10 | DEBUG    | app.main             | log_requests         | [0958108690] GET /shell.php
2025-12-28 09:58:10 | INFO     | app.main             | log_requests         | [0958108690] ✗ GET /shell.php - 404 (0ms)
2025-12-28 09:58:11 | DEBUG    | app.main             | log_requests         | [0958110535] GET /wp-admin/js/widgets/vx.php
2025-12-28 09:58:11 | INFO     | app.main             | log_requests         | [0958110535] ✗ GET /wp-admin/js/widgets/vx.php - 404 (0ms)
2025-12-28 09:58:11 | DEBUG    | app.main             | log_requests         | [0958112216] GET /wp-includes/block-bindings/
2025-12-28 09:58:11 | INFO     | app.main             | log_requests         | [0958112216] ✗ GET /wp-includes/block-bindings/ - 404 (0ms)
2025-12-28 09:58:11 | DEBUG    | app.main             | log_requests         | [0958113987] GET /edit.php
2025-12-28 09:58:11 | INFO     | app.main             | log_requests         | [0958113987] ✗ GET /edit.php - 404 (0ms)
2025-12-28 09:58:11 | DEBUG    | app.main             | log_requests         | [0958115749] GET /xxl.php
2025-12-28 09:58:11 | INFO     | app.main             | log_requests         | [0958115749] ✗ GET /xxl.php - 404 (0ms)
2025-12-28 09:58:11 | DEBUG    | app.main             | log_requests         | [0958117536] GET /help.php
2025-12-28 09:58:11 | INFO     | app.main             | log_requests         | [0958117536] ✗ GET /help.php - 404 (0ms)
2025-12-28 09:58:11 | DEBUG    | app.main             | log_requests         | [0958119255] GET /inputs.php
2025-12-28 09:58:11 | INFO     | app.main             | log_requests         | [0958119255] ✗ GET /inputs.php - 404 (0ms)
2025-12-28 09:58:12 | DEBUG    | app.main             | log_requests         | [0958120985] GET /new.php
2025-12-28 09:58:12 | INFO     | app.main             | log_requests         | [0958120985] ✗ GET /new.php - 404 (16ms)
2025-12-28 09:58:12 | DEBUG    | app.main             | log_requests         | [0958122894] GET /root.php
2025-12-28 09:58:12 | INFO     | app.main             | log_requests         | [0958122894] ✗ GET /root.php - 404 (1ms)
2025-12-28 09:58:12 | DEBUG    | app.main             | log_requests         | [0958124535] GET /wp-content/packed.php
2025-12-28 09:58:12 | INFO     | app.main             | log_requests         | [0958124535] ✗ GET /wp-content/packed.php - 404 (0ms)
2025-12-28 09:58:12 | DEBUG    | app.main             | log_requests         | [0958126313] GET /wp-includes/certificates/index.php
2025-12-28 09:58:12 | INFO     | app.main             | log_requests         | [0958126313] ✗ GET /wp-includes/certificates/index.php - 404 (0ms)
2025-12-28 09:58:12 | DEBUG    | app.main             | log_requests         | [0958128157] GET /wp-includes/rest-api/vx.php
2025-12-28 09:58:12 | INFO     | app.main             | log_requests         | [0958128157] ✗ GET /wp-includes/rest-api/vx.php - 404 (0ms)
2025-12-28 09:58:12 | DEBUG    | app.main             | log_requests         | [0958129864] GET /autoload_classmap/function.php
2025-12-28 09:58:12 | INFO     | app.main             | log_requests         | [0958129864] ✗ GET /autoload_classmap/function.php - 404 (0ms)
2025-12-28 09:58:13 | DEBUG    | app.main             | log_requests         | [0958131595] GET /css/index.php
2025-12-28 09:58:13 | INFO     | app.main             | log_requests         | [0958131595] ✗ GET /css/index.php - 404 (0ms)
2025-12-28 09:58:13 | DEBUG    | app.main             | log_requests         | [0958133332] GET /wp-admin/maint/index.php
2025-12-28 09:58:13 | INFO     | app.main             | log_requests         | [0958133332] ✗ GET /wp-admin/maint/index.php - 404 (14ms)
2025-12-28 09:58:13 | DEBUG    | app.main             | log_requests         | [0958135088] GET /wp-includes/ID3/autoload_classmap.php
2025-12-28 09:58:13 | INFO     | app.main             | log_requests         | [0958135088] ✗ GET /wp-includes/ID3/autoload_classmap.php - 404 (0ms)
2025-12-28 09:58:13 | DEBUG    | app.main             | log_requests         | [0958136910] GET /as.php
2025-12-28 09:58:13 | INFO     | app.main             | log_requests         | [0958136910] ✗ GET /as.php - 404 (0ms)
2025-12-28 09:58:13 | DEBUG    | app.main             | log_requests         | [0958138745] GET /assets/index.php
2025-12-28 09:58:13 | INFO     | app.main             | log_requests         | [0958138745] ✗ GET /assets/index.php - 404 (0ms)
2025-12-28 09:58:14 | DEBUG    | app.main             | log_requests         | [0958140503] GET /chosen.php
2025-12-28 09:58:14 | INFO     | app.main             | log_requests         | [0958140503] ✗ GET /chosen.php - 404 (0ms)
2025-12-28 09:58:14 | DEBUG    | app.main             | log_requests         | [0958142218] GET /gel4y.php
2025-12-28 09:58:14 | INFO     | app.main             | log_requests         | [0958142218] ✗ GET /gel4y.php - 404 (0ms)
2025-12-28 09:58:14 | DEBUG    | app.main             | log_requests         | [0958143904] GET /index/function.php
2025-12-28 09:58:14 | INFO     | app.main             | log_requests         | [0958143904] ✗ GET /index/function.php - 404 (0ms)
2025-12-28 09:58:14 | DEBUG    | app.main             | log_requests         | [0958145737] GET /admin/function.php
2025-12-28 09:58:14 | INFO     | app.main             | log_requests         | [0958145737] ✗ GET /admin/function.php - 404 (0ms)
2025-12-28 09:58:14 | DEBUG    | app.main             | log_requests         | [0958147534] GET /goods.php
2025-12-28 09:58:14 | INFO     | app.main             | log_requests         | [0958147534] ✗ GET /goods.php - 404 (0ms)
2025-12-28 09:58:14 | DEBUG    | app.main             | log_requests         | [0958149295] GET /wp-admin/
2025-12-28 09:58:14 | INFO     | app.main             | log_requests         | [0958149295] ✗ GET /wp-admin/ - 404 (0ms)
2025-12-28 09:58:15 | DEBUG    | app.main             | log_requests         | [0958150971] GET /wp-includes/rest-api/fields/vx.php
2025-12-28 09:58:15 | INFO     | app.main             | log_requests         | [0958150971] ✗ GET /wp-includes/rest-api/fields/vx.php - 404 (0ms)
2025-12-28 09:58:15 | DEBUG    | app.main             | log_requests         | [0958152738] GET /api.php
2025-12-28 09:58:15 | INFO     | app.main             | log_requests         | [0958152738] ✗ GET /api.php - 404 (11ms)
2025-12-28 09:58:15 | DEBUG    | app.main             | log_requests         | [0958154521] GET /wp-admin/css/colors/about.php
2025-12-28 09:58:15 | INFO     | app.main             | log_requests         | [0958154521] ✗ GET /wp-admin/css/colors/about.php - 404 (0ms)
2025-12-28 09:58:15 | DEBUG    | app.main             | log_requests         | [0958156282] GET /wp-content/themes/aahana/json.php
2025-12-28 09:58:15 | INFO     | app.main             | log_requests         | [0958156282] ✗ GET /wp-content/themes/aahana/json.php - 404 (0ms)
2025-12-28 09:58:15 | DEBUG    | app.main             | log_requests         | [0958158058] GET /css/admin.php
2025-12-28 09:58:15 | INFO     | app.main             | log_requests         | [0958158058] ✗ GET /css/admin.php - 404 (0ms)
2025-12-28 09:58:15 | DEBUG    | app.main             | log_requests         | [0958159835] GET /public/assets/
2025-12-28 09:58:15 | INFO     | app.main             | log_requests         | [0958159835] ✗ GET /public/assets/ - 404 (0ms)
2025-12-28 09:58:16 | DEBUG    | app.main             | log_requests         | [0958161592] GET /termps.php
2025-12-28 09:58:16 | INFO     | app.main             | log_requests         | [0958161592] ✗ GET /termps.php - 404 (0ms)
2025-12-28 09:58:16 | DEBUG    | app.main             | log_requests         | [0958163359] GET /wp-includes/ID3/vx.php
2025-12-28 09:58:16 | INFO     | app.main             | log_requests         | [0958163359] ✗ GET /wp-includes/ID3/vx.php - 404 (0ms)
2025-12-28 09:58:16 | DEBUG    | app.main             | log_requests         | [0958165146] GET /2.php
2025-12-28 09:58:16 | INFO     | app.main             | log_requests         | [0958165146] ✗ GET /2.php - 404 (0ms)
2025-12-28 09:58:16 | DEBUG    | app.main             | log_requests         | [0958166905] GET /num.php
2025-12-28 09:58:16 | INFO     | app.main             | log_requests         | [0958166905] ✗ GET /num.php - 404 (0ms)
2025-12-28 09:58:16 | DEBUG    | app.main             | log_requests         | [0958168636] GET /wp-admin/vx.php
2025-12-28 09:58:16 | INFO     | app.main             | log_requests         | [0958168636] ✗ GET /wp-admin/vx.php - 404 (0ms)
2025-12-28 09:58:17 | DEBUG    | app.main             | log_requests         | [0958170389] GET /wp-includes/PHPMailer/
2025-12-28 09:58:17 | INFO     | app.main             | log_requests         | [0958170389] ✗ GET /wp-includes/PHPMailer/ - 404 (0ms)
2025-12-28 09:58:17 | DEBUG    | app.main             | log_requests         | [0958172160] GET /.well-known/gecko-litespeed.php
2025-12-28 09:58:17 | INFO     | app.main             | log_requests         | [0958172160] ✗ GET /.well-known/gecko-litespeed.php - 404 (0ms)
2025-12-28 09:58:17 | DEBUG    | app.main             | log_requests         | [0958173787] GET /assets/
2025-12-28 09:58:17 | INFO     | app.main             | log_requests         | [0958173787] ✗ GET /assets/ - 404 (15ms)
2025-12-28 09:58:17 | DEBUG    | app.main             | log_requests         | [0958175661] GET /bolt.php
2025-12-28 09:58:17 | INFO     | app.main             | log_requests         | [0958175661] ✗ GET /bolt.php - 404 (0ms)
2025-12-28 09:58:17 | DEBUG    | app.main             | log_requests         | [0958177434] GET /images/index.php
2025-12-28 09:58:17 | INFO     | app.main             | log_requests         | [0958177434] ✗ GET /images/index.php - 404 (0ms)
2025-12-28 09:58:17 | DEBUG    | app.main             | log_requests         | [0958179098] GET /wp-includes/assets/admin.php
2025-12-28 09:58:17 | INFO     | app.main             | log_requests         | [0958179098] ✗ GET /wp-includes/assets/admin.php - 404 (0ms)
2025-12-28 09:58:18 | DEBUG    | app.main             | log_requests         | [0958180838] GET /.well-known/alfacgiapi/getdir.alfa
2025-12-28 09:58:18 | INFO     | app.main             | log_requests         | [0958180838] ✗ GET /.well-known/alfacgiapi/getdir.alfa - 404 (0ms)
2025-12-28 09:58:18 | DEBUG    | app.main             | log_requests         | [0958182576] GET /wp-content/themes/twentytwentyfour/
2025-12-28 09:58:18 | INFO     | app.main             | log_requests         | [0958182576] ✗ GET /wp-content/themes/twentytwentyfour/ - 404 (0ms)
2025-12-28 09:58:18 | DEBUG    | app.main             | log_requests         | [0958184411] GET /alfa.php
2025-12-28 09:58:18 | INFO     | app.main             | log_requests         | [0958184411] ✗ GET /alfa.php - 404 (0ms)
2025-12-28 09:58:18 | DEBUG    | app.main             | log_requests         | [0958186130] GET /wp-content/themes/vx.php
2025-12-28 09:58:18 | INFO     | app.main             | log_requests         | [0958186130] ✗ GET /wp-content/themes/vx.php - 404 (0ms)
2025-12-28 09:58:18 | DEBUG    | app.main             | log_requests         | [0958187841] GET /alfa-rex.php
2025-12-28 09:58:18 | INFO     | app.main             | log_requests         | [0958187841] ✗ GET /alfa-rex.php - 404 (0ms)
2025-12-28 09:58:18 | DEBUG    | app.main             | log_requests         | [0958189720] GET /alfashell.php
2025-12-28 09:58:18 | INFO     | app.main             | log_requests         | [0958189720] ✗ GET /alfashell.php - 404 (0ms)
2025-12-28 09:58:19 | DEBUG    | app.main             | log_requests         | [0958191366] GET /tiny.php
2025-12-28 09:58:19 | INFO     | app.main             | log_requests         | [0958191366] ✗ GET /tiny.php - 404 (0ms)
2025-12-28 09:58:27 | DEBUG    | app.main             | log_requests         | [0958273737] GET /api/indicator/cache-stats
2025-12-28 09:58:27 | INFO     | app.main             | log_requests         | [0958273737] ✔ GET /api/indicator/cache-stats - 200 (0ms)
2025-12-28 09:58:28 | DEBUG    | app.main             | log_requests         | [0958282527] GET /api/indicator/cache-stats
2025-12-28 09:58:28 | INFO     | app.main             | log_requests         | [0958282527] ✔ GET /api/indicator/cache-stats - 200 (0ms)
2025-12-28 09:58:28 | DEBUG    | app.main             | log_requests         | [0958284667] GET /api/indicator/cache-stats
2025-12-28 09:58:28 | INFO     | app.main             | log_requests         | [0958284667] ✔ GET /api/indicator/cache-stats - 200 (0ms)
2025-12-28 09:58:30 | DEBUG    | app.main             | log_requests         | [0958306469] GET /api/data/available
2025-12-28 09:58:38 | INFO     | app.main             | log_requests         | [0958306469] ✔ GET /api/data/available - 200 (7904ms)
2025-12-28 09:58:38 | DEBUG    | app.main             | log_requests         | [0958385532] GET /api/presets/list
2025-12-28 09:58:38 | DEBUG    | app.main             | log_requests         | [0958385532] GET /api/presets/stats
2025-12-28 09:58:38 | ERROR    | app.api.preset_routes | get_stats            | Error getting preset stats: 2 validation errors for PresetStatsResponse
active_count
  Field required [type=missing, input_value={'total_presets': 125, 'b...e': 125, 'favorites': 0}, input_type=dict]
    For further information visit https://errors.pydantic.dev/2.5/v/missing
favorites_count
  Field required [type=missing, input_value={'total_presets': 125, 'b...e': 125, 'favorites': 0}, input_type=dict]
    For further information visit https://errors.pydantic.dev/2.5/v/missing
2025-12-28 09:58:38 | ERROR    | app.main             | http_exception_handler | HTTP 500 on /api/presets/stats: 2 validation errors for PresetStatsResponse
active_count
  Field required [type=missing, input_value={'total_presets': 125, 'b...e': 125, 'favorites': 0}, input_type=dict]
    For further information visit https://errors.pydantic.dev/2.5/v/missing
favorites_count
  Field required [type=missing, input_value={'total_presets': 125, 'b...e': 125, 'favorites': 0}, input_type=dict]
    For further information visit https://errors.pydantic.dev/2.5/v/missing
2025-12-28 09:58:38 | INFO     | app.main             | log_requests         | [0958385532] ✔ GET /api/presets/list - 200 (12ms)
2025-12-28 09:58:38 | INFO     | app.main             | log_requests         | [0958385532] ✗ GET /api/presets/stats - 500 (12ms)
2025-12-28 09:58:38 | DEBUG    | app.main             | log_requests         | [0958385683] GET /api/data/available
2025-12-28 09:58:43 | INFO     | app.main             | log_requests         | [0958385683] ✔ GET /api/data/available - 200 (5098ms)
2025-12-28 09:58:43 | DEBUG    | app.main             | log_requests         | [0958436673] GET /api/presets/stats
2025-12-28 09:58:43 | DEBUG    | app.main             | log_requests         | [0958436673] GET /api/presets/list
2025-12-28 09:58:43 | ERROR    | app.api.preset_routes | get_stats            | Error getting preset stats: 2 validation errors for PresetStatsResponse
active_count
  Field required [type=missing, input_value={'total_presets': 125, 'b...e': 125, 'favorites': 0}, input_type=dict]
    For further information visit https://errors.pydantic.dev/2.5/v/missing
favorites_count
  Field required [type=missing, input_value={'total_presets': 125, 'b...e': 125, 'favorites': 0}, input_type=dict]
    For further information visit https://errors.pydantic.dev/2.5/v/missing
2025-12-28 09:58:43 | ERROR    | app.main             | http_exception_handler | HTTP 500 on /api/presets/stats: 2 validation errors for PresetStatsResponse
active_count
  Field required [type=missing, input_value={'total_presets': 125, 'b...e': 125, 'favorites': 0}, input_type=dict]
    For further information visit https://errors.pydantic.dev/2.5/v/missing
favorites_count
  Field required [type=missing, input_value={'total_presets': 125, 'b...e': 125, 'favorites': 0}, input_type=dict]
    For further information visit https://errors.pydantic.dev/2.5/v/missing
2025-12-28 09:58:43 | DEBUG    | app.main             | log_requests         | [0958436738] GET /api/signals/sse/stream
2025-12-28 09:58:43 | INFO     | app.main             | log_requests         | [0958436673] ✗ GET /api/presets/stats - 500 (7ms)
2025-12-28 09:58:43 | INFO     | app.main             | log_requests         | [0958436673] ✔ GET /api/presets/list - 200 (8ms)
2025-12-28 09:58:43 | INFO     | app.main             | log_requests         | [0958436738] ✗ GET /api/signals/sse/stream - 404 (2ms)
2025-12-28 09:58:45 | DEBUG    | app.main             | log_requests         | [0958459246] GET /api/bots/
2025-12-28 09:58:45 | INFO     | app.main             | log_requests         | [0958459246] ✗ GET /api/bots/ - 404 (2ms)
2025-12-28 09:58:45 | DEBUG    | app.main             | log_requests         | [0958459287] GET /api/settings/presets
2025-12-28 09:58:45 | INFO     | app.main             | log_requests         | [0958459287] ✗ GET /api/settings/presets - 404 (2ms)
2025-12-28 09:58:45 | DEBUG    | app.main             | log_requests         | [0958459313] GET /api/bots/
2025-12-28 09:58:45 | INFO     | app.main             | log_requests         | [0958459313] ✗ GET /api/bots/ - 404 (0ms)
2025-12-28 09:58:45 | DEBUG    | app.main             | log_requests         | [0958459332] GET /api/settings/presets
2025-12-28 09:58:45 | INFO     | app.main             | log_requests         | [0958459332] ✗ GET /api/settings/presets - 404 (1ms)
2025-12-28 09:58:48 | DEBUG    | app.main             | log_requests         | [0958481865] GET /api/data/available
2025-12-28 09:58:53 | INFO     | app.main             | log_requests         | [0958481865] ✔ GET /api/data/available - 200 (4938ms)
2025-12-28 09:58:53 | DEBUG    | app.main             | log_requests         | [0958531255] GET /api/indicator/cache-stats
2025-12-28 09:58:53 | DEBUG    | app.main             | log_requests         | [0958531255] GET /api/signals/sse/stream
2025-12-28 09:58:53 | INFO     | app.main             | log_requests         | [0958531255] ✔ GET /api/indicator/cache-stats - 200 (2ms)
2025-12-28 09:58:53 | INFO     | app.main             | log_requests         | [0958531255] ✗ GET /api/signals/sse/stream - 404 (2ms)
2025-12-28 09:58:53 | DEBUG    | app.main             | log_requests         | [0958531331] GET /api/data/available
2025-12-28 09:58:58 | INFO     | app.main             | log_requests         | [0958531331] ✔ GET /api/data/available - 200 (5581ms)
2025-12-28 09:58:58 | DEBUG    | app.main             | log_requests         | [0958587138] GET /api/indicator/cache-stats
2025-12-28 09:58:58 | DEBUG    | app.main             | log_requests         | [0958587138] GET /api/signals/sse/stream
2025-12-28 09:58:58 | INFO     | app.main             | log_requests         | [0958587138] ✔ GET /api/indicator/cache-stats - 200 (0ms)
2025-12-28 09:58:58 | INFO     | app.main             | log_requests         | [0958587138] ✗ GET /api/signals/sse/stream - 404 (16ms)
2025-12-28 09:59:04 | DEBUG    | app.main             | log_requests         | [0959040422] GET /api/signals/sse/stream
2025-12-28 09:59:04 | INFO     | app.main             | log_requests         | [0959040422] ✗ GET /api/signals/sse/stream - 404 (0ms)
2025-12-28 09:59:09 | DEBUG    | app.main             | log_requests         | [0959090483] GET /api/signals/sse/stream
2025-12-28 09:59:09 | INFO     | app.main             | log_requests         | [0959090483] ✗ GET /api/signals/sse/stream - 404 (0ms)
2025-12-28 09:59:14 | DEBUG    | app.main             | log_requests         | [0959143521] GET /api/signals/sse/stream
2025-12-28 09:59:14 | INFO     | app.main             | log_requests         | [0959143521] ✗ GET /api/signals/sse/stream - 404 (0ms)
2025-12-28 09:59:19 | DEBUG    | app.main             | log_requests         | [0959193570] GET /api/signals/sse/stream
2025-12-28 09:59:19 | INFO     | app.main             | log_requests         | [0959193570] ✗ GET /api/signals/sse/stream - 404 (0ms)
2025-12-28 09:59:20 | DEBUG    | app.main             | log_requests         | [0959201010] GET /api/indicator/cache-stats
2025-12-28 09:59:20 | INFO     | app.main             | log_requests         | [0959201010] ✔ GET /api/indicator/cache-stats - 200 (0ms)
2025-12-28 09:59:24 | DEBUG    | app.main             | log_requests         | [0959243694] GET /api/signals/sse/stream
2025-12-28 09:59:24 | INFO     | app.main             | log_requests         | [0959243694] ✗ GET /api/signals/sse/stream - 404 (0ms)
2025-12-28 09:59:29 | DEBUG    | app.main             | log_requests         | [0959296916] GET /api/signals/sse/stream
2025-12-28 09:59:29 | INFO     | app.main             | log_requests         | [0959296916] ✗ GET /api/signals/sse/stream - 404 (0ms)
2025-12-28 09:59:34 | DEBUG    | app.main             | log_requests         | [0959346923] GET /api/signals/sse/stream
2025-12-28 09:59:34 | INFO     | app.main             | log_requests         | [0959346923] ✗ GET /api/signals/sse/stream - 404 (0ms)
2025-12-28 09:59:40 | DEBUG    | app.main             | log_requests         | [0959400022] GET /api/signals/sse/stream
2025-12-28 09:59:40 | INFO     | app.main             | log_requests         | [0959400022] ✗ GET /api/signals/sse/stream - 404 (0ms)
2025-12-28 09:59:45 | DEBUG    | app.main             | log_requests         | [0959450105] GET /api/signals/sse/stream
2025-12-28 09:59:45 | INFO     | app.main             | log_requests         | [0959450105] ✗ GET /api/signals/sse/stream - 404 (0ms)
2025-12-28 09:59:50 | DEBUG    | app.main             | log_requests         | [0959501058] GET /api/indicator/cache-stats
2025-12-28 09:59:50 | INFO     | app.main             | log_requests         | [0959501058] ✔ GET /api/indicator/cache-stats - 200 (0ms)
2025-12-28 09:59:50 | DEBUG    | app.main             | log_requests         | [0959503162] GET /api/signals/sse/stream
2025-12-28 09:59:50 | INFO     | app.main             | log_requests         | [0959503162] ✗ GET /api/signals/sse/stream - 404 (0ms)
2025-12-28 09:59:55 | DEBUG    | app.main             | log_requests         | [0959553285] GET /api/signals/sse/stream
2025-12-28 09:59:55 | INFO     | app.main             | log_requests         | [0959553285] ✗ GET /api/signals/sse/stream - 404 (0ms)
2025-12-28 10:00:00 | DEBUG    | app.main             | log_requests         | [1000006376] GET /api/signals/sse/stream
2025-12-28 10:00:00 | INFO     | app.main             | log_requests         | [1000006376] ✗ GET /api/signals/sse/stream - 404 (0ms)
2025-12-28 10:00:05 | DEBUG    | app.main             | log_requests         | [1000056450] GET /api/signals/sse/stream
2025-12-28 10:00:05 | INFO     | app.main             | log_requests         | [1000056450] ✗ GET /api/signals/sse/stream - 404 (0ms)
2025-12-28 10:00:10 | DEBUG    | app.main             | log_requests         | [1000109590] GET /api/signals/sse/stream
2025-12-28 10:00:10 | INFO     | app.main             | log_requests         | [1000109590] ✗ GET /api/signals/sse/stream - 404 (0ms)
2025-12-28 10:00:15 | DEBUG    | app.main             | log_requests         | [1000159702] GET /api/signals/sse/stream
2025-12-28 10:00:15 | INFO     | app.main             | log_requests         | [1000159702] ✗ GET /api/signals/sse/stream - 404 (0ms)
2025-12-28 10:00:20 | DEBUG    | app.main             | log_requests         | [1000200974] GET /api/indicator/cache-stats
2025-12-28 10:00:20 | INFO     | app.main             | log_requests         | [1000200974] ✔ GET /api/indicator/cache-stats - 200 (0ms)
2025-12-28 10:00:20 | DEBUG    | app.main             | log_requests         | [1000209797] GET /api/signals/sse/stream
2025-12-28 10:00:20 | INFO     | app.main             | log_requests         | [1000209797] ✗ GET /api/signals/sse/stream - 404 (0ms)
2025-12-28 10:00:26 | DEBUG    | app.main             | log_requests         | [1000262922] GET /api/signals/sse/stream
2025-12-28 10:00:26 | INFO     | app.main             | log_requests         | [1000262922] ✗ GET /api/signals/sse/stream - 404 (0ms)
2025-12-28 10:00:31 | DEBUG    | app.main             | log_requests         | [1000313069] GET /api/signals/sse/stream
2025-12-28 10:00:31 | INFO     | app.main             | log_requests         | [1000313069] ✗ GET /api/signals/sse/stream - 404 (0ms)
2025-12-28 10:00:36 | DEBUG    | app.main             | log_requests         | [1000366180] GET /api/signals/sse/stream
2025-12-28 10:00:36 | INFO     | app.main             | log_requests         | [1000366180] ✗ GET /api/signals/sse/stream - 404 (0ms)
2025-12-28 10:00:41 | DEBUG    | app.main             | log_requests         | [1000416381] GET /api/signals/sse/stream
2025-12-28 10:00:41 | INFO     | app.main             | log_requests         | [1000416381] ✗ GET /api/signals/sse/stream - 404 (0ms)
2025-12-28 10:00:46 | DEBUG    | app.main             | log_requests         | [1000469629] GET /api/signals/sse/stream
2025-12-28 10:00:46 | INFO     | app.main             | log_requests         | [1000469629] ✗ GET /api/signals/sse/stream - 404 (0ms)
2025-12-28 10:00:49 | DEBUG    | app.main             | log_requests         | [1000497978] GET /api/indicator/cache-stats
2025-12-28 10:00:49 | INFO     | app.main             | log_requests         | [1000497978] ✔ GET /api/indicator/cache-stats - 200 (0ms)
2025-12-28 10:00:52 | DEBUG    | app.main             | log_requests         | [1000522930] GET /api/signals/sse/stream
2025-12-28 10:00:52 | INFO     | app.main             | log_requests         | [1000522930] ✗ GET /api/signals/sse/stream - 404 (0ms)
2025-12-28 10:00:57 | DEBUG    | app.main             | log_requests         | [1000572945] GET /api/signals/sse/stream
2025-12-28 10:00:57 | INFO     | app.main             | log_requests         | [1000572945] ✗ GET /api/signals/sse/stream - 404 (0ms)
2025-12-28 10:01:02 | DEBUG    | app.main             | log_requests         | [1001026068] GET /api/signals/sse/stream
2025-12-28 10:01:02 | INFO     | app.main             | log_requests         | [1001026068] ✗ GET /api/signals/sse/stream - 404 (0ms)
2025-12-28 10:01:07 | DEBUG    | app.main             | log_requests         | [1001076212] GET /api/signals/sse/stream
2025-12-28 10:01:07 | INFO     | app.main             | log_requests         | [1001076212] ✗ GET /api/signals/sse/stream - 404 (0ms)
2025-12-28 10:01:12 | DEBUG    | app.main             | log_requests         | [1001129341] GET /api/signals/sse/stream
2025-12-28 10:01:12 | INFO     | app.main             | log_requests         | [1001129341] ✗ GET /api/signals/sse/stream - 404 (0ms)
2025-12-28 10:01:17 | DEBUG    | app.main             | log_requests         | [1001179428] GET /api/signals/sse/stream
2025-12-28 10:01:17 | INFO     | app.main             | log_requests         | [1001179428] ✗ GET /api/signals/sse/stream - 404 (0ms)
2025-12-28 10:01:20 | DEBUG    | app.main             | log_requests         | [1001200937] GET /api/indicator/cache-stats
2025-12-28 10:01:20 | INFO     | app.main             | log_requests         | [1001200937] ✔ GET /api/indicator/cache-stats - 200 (0ms)
2025-12-28 10:01:22 | DEBUG    | app.main             | log_requests         | [1001229464] GET /api/signals/sse/stream
2025-12-28 10:01:22 | INFO     | app.main             | log_requests         | [1001229464] ✗ GET /api/signals/sse/stream - 404 (0ms)
2025-12-28 10:01:28 | DEBUG    | app.main             | log_requests         | [1001282585] GET /api/signals/sse/stream
2025-12-28 10:01:28 | INFO     | app.main             | log_requests         | [1001282585] ✗ GET /api/signals/sse/stream - 404 (0ms)
2025-12-28 10:01:33 | DEBUG    | app.main             | log_requests         | [1001332649] GET /api/signals/sse/stream
2025-12-28 10:01:33 | INFO     | app.main             | log_requests         | [1001332649] ✗ GET /api/signals/sse/stream - 404 (0ms)
2025-12-28 10:01:38 | DEBUG    | app.main             | log_requests         | [1001385785] GET /api/signals/sse/stream
2025-12-28 10:01:38 | INFO     | app.main             | log_requests         | [1001385785] ✗ GET /api/signals/sse/stream - 404 (0ms)
2025-12-28 10:01:43 | DEBUG    | app.main             | log_requests         | [1001435908] GET /api/signals/sse/stream
2025-12-28 10:01:43 | INFO     | app.main             | log_requests         | [1001435908] ✗ GET /api/signals/sse/stream - 404 (0ms)
2025-12-28 10:01:48 | DEBUG    | app.main             | log_requests         | [1001488953] GET /api/signals/sse/stream
2025-12-28 10:01:48 | INFO     | app.main             | log_requests         | [1001488953] ✗ GET /api/signals/sse/stream - 404 (0ms)
2025-12-28 10:01:49 | DEBUG    | app.main             | log_requests         | [1001497940] GET /api/indicator/cache-stats
2025-12-28 10:01:49 | INFO     | app.main             | log_requests         | [1001497940] ✔ GET /api/indicator/cache-stats - 200 (29ms)
2025-12-28 10:01:54 | DEBUG    | app.main             | log_requests         | [1001542108] GET /api/signals/sse/stream
2025-12-28 10:01:54 | INFO     | app.main             | log_requests         | [1001542108] ✗ GET /api/signals/sse/stream - 404 (0ms)
2025-12-28 10:01:59 | DEBUG    | app.main             | log_requests         | [1001592235] GET /api/signals/sse/stream
2025-12-28 10:01:59 | INFO     | app.main             | log_requests         | [1001592235] ✗ GET /api/signals/sse/stream - 404 (0ms)
2025-12-28 10:02:04 | DEBUG    | app.main             | log_requests         | [1002045286] GET /api/signals/sse/stream
2025-12-28 10:02:04 | INFO     | app.main             | log_requests         | [1002045286] ✗ GET /api/signals/sse/stream - 404 (0ms)
2025-12-28 10:02:09 | DEBUG    | app.main             | log_requests         | [1002095406] GET /api/signals/sse/stream
2025-12-28 10:02:09 | INFO     | app.main             | log_requests         | [1002095406] ✗ GET /api/signals/sse/stream - 404 (0ms)
2025-12-28 10:02:14 | DEBUG    | app.main             | log_requests         | [1002148561] GET /api/signals/sse/stream
2025-12-28 10:02:14 | INFO     | app.main             | log_requests         | [1002148561] ✗ GET /api/signals/sse/stream - 404 (0ms)
2025-12-28 10:02:19 | DEBUG    | app.main             | log_requests         | [1002197945] GET /api/indicator/cache-stats
2025-12-28 10:02:19 | INFO     | app.main             | log_requests         | [1002197945] ✔ GET /api/indicator/cache-stats - 200 (0ms)
2025-12-28 10:02:20 | DEBUG    | app.main             | log_requests         | [1002201628] GET /api/signals/sse/stream
2025-12-28 10:02:20 | INFO     | app.main             | log_requests         | [1002201628] ✗ GET /api/signals/sse/stream - 404 (0ms)
2025-12-28 10:02:25 | DEBUG    | app.main             | log_requests         | [1002254094] GET /api/signals/sse/stream
2025-12-28 10:02:25 | INFO     | app.main             | log_requests         | [1002254094] ✗ GET /api/signals/sse/stream - 404 (0ms)
2025-12-28 10:02:31 | DEBUG    | app.main             | log_requests         | [1002317056] GET /api/signals/sse/stream
2025-12-28 10:02:31 | INFO     | app.main             | log_requests         | [1002317056] ✗ GET /api/signals/sse/stream - 404 (1ms)
2025-12-28 10:02:37 | DEBUG    | app.main             | log_requests         | [1002374037] GET /api/signals/sse/stream
2025-12-28 10:02:37 | INFO     | app.main             | log_requests         | [1002374037] ✗ GET /api/signals/sse/stream - 404 (0ms)
2025-12-28 10:02:43 | DEBUG    | app.main             | log_requests         | [1002437043] GET /api/signals/sse/stream
2025-12-28 10:02:43 | INFO     | app.main             | log_requests         | [1002437043] ✗ GET /api/signals/sse/stream - 404 (1ms)
2025-12-28 10:02:49 | DEBUG    | app.main             | log_requests         | [1002494041] GET /api/signals/sse/stream
2025-12-28 10:02:49 | INFO     | app.main             | log_requests         | [1002494041] ✗ GET /api/signals/sse/stream - 404 (1ms)
2025-12-28 10:02:50 | DEBUG    | app.main             | log_requests         | [1002507038] GET /api/indicator/cache-stats
2025-12-28 10:02:50 | INFO     | app.main             | log_requests         | [1002507038] ✔ GET /api/indicator/cache-stats - 200 (1ms)
2025-12-28 10:02:55 | DEBUG    | app.main             | log_requests         | [1002554030] GET /api/signals/sse/stream
2025-12-28 10:02:55 | INFO     | app.main             | log_requests         | [1002554030] ✗ GET /api/signals/sse/stream - 404 (1ms)
2025-12-28 10:03:01 | DEBUG    | app.main             | log_requests         | [1003017036] GET /api/signals/sse/stream
2025-12-28 10:03:01 | INFO     | app.main             | log_requests         | [1003017036] ✗ GET /api/signals/sse/stream - 404 (1ms)
2025-12-28 10:03:07 | DEBUG    | app.main             | log_requests         | [1003074038] GET /api/signals/sse/stream
2025-12-28 10:03:07 | INFO     | app.main             | log_requests         | [1003074038] ✗ GET /api/signals/sse/stream - 404 (1ms)
2025-12-28 10:03:13 | DEBUG    | app.main             | log_requests         | [1003137033] GET /api/signals/sse/stream
2025-12-28 10:03:13 | INFO     | app.main             | log_requests         | [1003137033] ✗ GET /api/signals/sse/stream - 404 (0ms)
2025-12-28 10:03:19 | DEBUG    | app.main             | log_requests         | [1003194029] GET /api/signals/sse/stream
2025-12-28 10:03:19 | INFO     | app.main             | log_requests         | [1003194029] ✗ GET /api/signals/sse/stream - 404 (1ms)
2025-12-28 10:03:20 | DEBUG    | app.main             | log_requests         | [1003207050] GET /api/indicator/cache-stats
2025-12-28 10:03:20 | INFO     | app.main             | log_requests         | [1003207050] ✔ GET /api/indicator/cache-stats - 200 (0ms)
2025-12-28 10:03:25 | DEBUG    | app.main             | log_requests         | [1003254027] GET /api/signals/sse/stream
2025-12-28 10:03:25 | INFO     | app.main             | log_requests         | [1003254027] ✗ GET /api/signals/sse/stream - 404 (1ms)
2025-12-28 10:03:31 | DEBUG    | app.main             | log_requests         | [1003317054] GET /api/signals/sse/stream
2025-12-28 10:03:31 | INFO     | app.main             | log_requests         | [1003317054] ✗ GET /api/signals/sse/stream - 404 (1ms)
2025-12-28 10:03:37 | DEBUG    | app.main             | log_requests         | [1003374031] GET /api/signals/sse/stream
2025-12-28 10:03:37 | INFO     | app.main             | log_requests         | [1003374031] ✗ GET /api/signals/sse/stream - 404 (1ms)
2025-12-28 10:03:43 | DEBUG    | app.main             | log_requests         | [1003437030] GET /api/signals/sse/stream
2025-12-28 10:03:43 | INFO     | app.main             | log_requests         | [1003437030] ✗ GET /api/signals/sse/stream - 404 (1ms)
2025-12-28 10:03:49 | DEBUG    | app.main             | log_requests         | [1003494026] GET /api/signals/sse/stream
2025-12-28 10:03:49 | INFO     | app.main             | log_requests         | [1003494026] ✗ GET /api/signals/sse/stream - 404 (1ms)
2025-12-28 10:03:52 | DEBUG    | app.main             | log_requests         | [1003527037] GET /api/indicator/cache-stats
2025-12-28 10:03:52 | INFO     | app.main             | log_requests         | [1003527037] ✔ GET /api/indicator/cache-stats - 200 (1ms)
2025-12-28 10:03:55 | DEBUG    | app.main             | log_requests         | [1003554012] GET /api/signals/sse/stream
2025-12-28 10:03:55 | INFO     | app.main             | log_requests         | [1003554012] ✗ GET /api/signals/sse/stream - 404 (1ms)
2025-12-28 10:04:01 | DEBUG    | app.main             | log_requests         | [1004017051] GET /api/signals/sse/stream
2025-12-28 10:04:01 | INFO     | app.main             | log_requests         | [1004017051] ✗ GET /api/signals/sse/stream - 404 (0ms)
2025-12-28 10:04:07 | DEBUG    | app.main             | log_requests         | [1004074024] GET /api/signals/sse/stream
2025-12-28 10:04:07 | INFO     | app.main             | log_requests         | [1004074024] ✗ GET /api/signals/sse/stream - 404 (1ms)
2025-12-28 10:04:13 | DEBUG    | app.main             | log_requests         | [1004137031] GET /api/signals/sse/stream
2025-12-28 10:04:13 | INFO     | app.main             | log_requests         | [1004137031] ✗ GET /api/signals/sse/stream - 404 (1ms)
2025-12-28 10:04:19 | DEBUG    | app.main             | log_requests         | [1004193995] GET /api/signals/sse/stream
2025-12-28 10:04:19 | INFO     | app.main             | log_requests         | [1004193995] ✗ GET /api/signals/sse/stream - 404 (0ms)
2025-12-28 10:04:25 | DEBUG    | app.main             | log_requests         | [1004257152] GET /api/signals/sse/stream
2025-12-28 10:04:25 | INFO     | app.main             | log_requests         | [1004257152] ✗ GET /api/signals/sse/stream - 404 (0ms)
2025-12-28 10:04:31 | DEBUG    | app.main             | log_requests         | [1004314053] GET /api/signals/sse/stream
2025-12-28 10:04:31 | INFO     | app.main             | log_requests         | [1004314053] ✗ GET /api/signals/sse/stream - 404 (0ms)
2025-12-28 10:04:37 | DEBUG    | app.main             | log_requests         | [1004377106] GET /api/signals/sse/stream
2025-12-28 10:04:37 | INFO     | app.main             | log_requests         | [1004377106] ✗ GET /api/signals/sse/stream - 404 (0ms)
2025-12-28 10:04:43 | DEBUG    | app.main             | log_requests         | [1004433996] GET /api/signals/sse/stream
2025-12-28 10:04:43 | INFO     | app.main             | log_requests         | [1004433996] ✗ GET /api/signals/sse/stream - 404 (0ms)
2025-12-28 10:04:49 | DEBUG    | app.main             | log_requests         | [1004497159] GET /api/signals/sse/stream
2025-12-28 10:04:49 | INFO     | app.main             | log_requests         | [1004497159] ✗ GET /api/signals/sse/stream - 404 (0ms)
2025-12-28 10:04:52 | DEBUG    | app.main             | log_requests         | [1004524001] GET /api/indicator/cache-stats
2025-12-28 10:04:52 | INFO     | app.main             | log_requests         | [1004524001] ✔ GET /api/indicator/cache-stats - 200 (0ms)
2025-12-28 10:04:55 | DEBUG    | app.main             | log_requests         | [1004557181] GET /api/signals/sse/stream
2025-12-28 10:04:55 | INFO     | app.main             | log_requests         | [1004557181] ✗ GET /api/signals/sse/stream - 404 (0ms)
2025-12-28 10:05:01 | DEBUG    | app.main             | log_requests         | [1005014132] GET /api/signals/sse/stream
2025-12-28 10:05:01 | INFO     | app.main             | log_requests         | [1005014132] ✗ GET /api/signals/sse/stream - 404 (0ms)
2025-12-28 10:05:07 | DEBUG    | app.main             | log_requests         | [1005077011] GET /api/signals/sse/stream
2025-12-28 10:05:07 | INFO     | app.main             | log_requests         | [1005077011] ✗ GET /api/signals/sse/stream - 404 (0ms)
2025-12-28 10:05:13 | DEBUG    | app.main             | log_requests         | [1005134115] GET /api/signals/sse/stream
2025-12-28 10:05:13 | INFO     | app.main             | log_requests         | [1005134115] ✗ GET /api/signals/sse/stream - 404 (0ms)
2025-12-28 10:05:19 | DEBUG    | app.main             | log_requests         | [1005197042] GET /api/signals/sse/stream
2025-12-28 10:05:19 | INFO     | app.main             | log_requests         | [1005197042] ✗ GET /api/signals/sse/stream - 404 (0ms)
2025-12-28 10:05:25 | DEBUG    | app.main             | log_requests         | [1005254131] GET /api/signals/sse/stream
2025-12-28 10:05:25 | INFO     | app.main             | log_requests         | [1005254131] ✗ GET /api/signals/sse/stream - 404 (0ms)
2025-12-28 10:05:31 | DEBUG    | app.main             | log_requests         | [1005317039] GET /api/signals/sse/stream
2025-12-28 10:05:31 | INFO     | app.main             | log_requests         | [1005317039] ✗ GET /api/signals/sse/stream - 404 (0ms)
2025-12-28 10:05:37 | DEBUG    | app.main             | log_requests         | [1005374052] GET /api/signals/sse/stream
2025-12-28 10:05:37 | INFO     | app.main             | log_requests         | [1005374052] ✗ GET /api/signals/sse/stream - 404 (0ms)
2025-12-28 10:05:43 | DEBUG    | app.main             | log_requests         | [1005437143] GET /api/signals/sse/stream
2025-12-28 10:05:43 | INFO     | app.main             | log_requests         | [1005437143] ✗ GET /api/signals/sse/stream - 404 (0ms)
2025-12-28 10:05:49 | DEBUG    | app.main             | log_requests         | [1005494065] GET /api/signals/sse/stream
2025-12-28 10:05:49 | INFO     | app.main             | log_requests         | [1005494065] ✗ GET /api/signals/sse/stream - 404 (0ms)
2025-12-28 10:05:52 | DEBUG    | app.main             | log_requests         | [1005526988] GET /api/indicator/cache-stats
2025-12-28 10:05:52 | INFO     | app.main             | log_requests         | [1005526988] ✔ GET /api/indicator/cache-stats - 200 (0ms)
2025-12-28 10:05:55 | DEBUG    | app.main             | log_requests         | [1005554060] GET /api/signals/sse/stream
2025-12-28 10:05:55 | INFO     | app.main             | log_requests         | [1005554060] ✗ GET /api/signals/sse/stream - 404 (0ms)
2025-12-28 10:06:01 | DEBUG    | app.main             | log_requests         | [1006017039] GET /api/signals/sse/stream
2025-12-28 10:06:01 | INFO     | app.main             | log_requests         | [1006017039] ✗ GET /api/signals/sse/stream - 404 (0ms)
2025-12-28 10:06:07 | DEBUG    | app.main             | log_requests         | [1006074094] GET /api/signals/sse/stream
2025-12-28 10:06:07 | INFO     | app.main             | log_requests         | [1006074094] ✗ GET /api/signals/sse/stream - 404 (0ms)
2025-12-28 10:06:13 | DEBUG    | app.main             | log_requests         | [1006137115] GET /api/signals/sse/stream
2025-12-28 10:06:13 | INFO     | app.main             | log_requests         | [1006137115] ✗ GET /api/signals/sse/stream - 404 (0ms)
2025-12-28 10:06:19 | DEBUG    | app.main             | log_requests         | [1006194003] GET /api/signals/sse/stream
2025-12-28 10:06:19 | INFO     | app.main             | log_requests         | [1006194003] ✗ GET /api/signals/sse/stream - 404 (0ms)
2025-12-28 10:06:25 | DEBUG    | app.main             | log_requests         | [1006257170] GET /api/signals/sse/stream
2025-12-28 10:06:25 | INFO     | app.main             | log_requests         | [1006257170] ✗ GET /api/signals/sse/stream - 404 (0ms)
2025-12-28 10:06:31 | DEBUG    | app.main             | log_requests         | [1006313999] GET /api/signals/sse/stream
2025-12-28 10:06:31 | INFO     | app.main             | log_requests         | [1006313999] ✗ GET /api/signals/sse/stream - 404 (0ms)
2025-12-28 10:06:37 | DEBUG    | app.main             | log_requests         | [1006377026] GET /api/signals/sse/stream
2025-12-28 10:06:37 | INFO     | app.main             | log_requests         | [1006377026] ✗ GET /api/signals/sse/stream - 404 (0ms)
2025-12-28 10:06:43 | DEBUG    | app.main             | log_requests         | [1006434052] GET /api/signals/sse/stream
2025-12-28 10:06:43 | INFO     | app.main             | log_requests         | [1006434052] ✗ GET /api/signals/sse/stream - 404 (0ms)
2025-12-28 10:06:49 | DEBUG    | app.main             | log_requests         | [1006497147] GET /api/signals/sse/stream
2025-12-28 10:06:49 | INFO     | app.main             | log_requests         | [1006497147] ✗ GET /api/signals/sse/stream - 404 (0ms)
2025-12-28 10:06:52 | DEBUG    | app.main             | log_requests         | [1006524139] GET /api/indicator/cache-stats
2025-12-28 10:06:52 | INFO     | app.main             | log_requests         | [1006524139] ✔ GET /api/indicator/cache-stats - 200 (0ms)
2025-12-28 10:06:55 | DEBUG    | app.main             | log_requests         | [1006557040] GET /api/signals/sse/stream
2025-12-28 10:06:55 | INFO     | app.main             | log_requests         | [1006557040] ✗ GET /api/signals/sse/stream - 404 (1ms)
2025-12-28 10:07:01 | DEBUG    | app.main             | log_requests         | [1007014063] GET /api/signals/sse/stream
2025-12-28 10:07:01 | INFO     | app.main             | log_requests         | [1007014063] ✗ GET /api/signals/sse/stream - 404 (0ms)
2025-12-28 10:07:07 | DEBUG    | app.main             | log_requests         | [1007077024] GET /api/signals/sse/stream
2025-12-28 10:07:07 | INFO     | app.main             | log_requests         | [1007077024] ✗ GET /api/signals/sse/stream - 404 (0ms)
2025-12-28 10:07:13 | DEBUG    | app.main             | log_requests         | [1007134056] GET /api/signals/sse/stream
2025-12-28 10:07:13 | INFO     | app.main             | log_requests         | [1007134056] ✗ GET /api/signals/sse/stream - 404 (0ms)
2025-12-28 10:07:19 | DEBUG    | app.main             | log_requests         | [1007197123] GET /api/signals/sse/stream
2025-12-28 10:07:19 | INFO     | app.main             | log_requests         | [1007197123] ✗ GET /api/signals/sse/stream - 404 (0ms)
2025-12-28 10:07:25 | DEBUG    | app.main             | log_requests         | [1007254117] GET /api/signals/sse/stream
2025-12-28 10:07:25 | INFO     | app.main             | log_requests         | [1007254117] ✗ GET /api/signals/sse/stream - 404 (0ms)
2025-12-28 10:07:31 | DEBUG    | app.main             | log_requests         | [1007317130] GET /api/signals/sse/stream
2025-12-28 10:07:31 | INFO     | app.main             | log_requests         | [1007317130] ✗ GET /api/signals/sse/stream - 404 (0ms)
2025-12-28 10:07:37 | DEBUG    | app.main             | log_requests         | [1007374133] GET /api/signals/sse/stream
2025-12-28 10:07:37 | INFO     | app.main             | log_requests         | [1007374133] ✗ GET /api/signals/sse/stream - 404 (0ms)
2025-12-28 10:07:43 | DEBUG    | app.main             | log_requests         | [1007437251] GET /api/signals/sse/stream
2025-12-28 10:07:43 | INFO     | app.main             | log_requests         | [1007437251] ✗ GET /api/signals/sse/stream - 404 (4ms)
2025-12-28 10:07:49 | DEBUG    | app.main             | log_requests         | [1007494006] GET /api/signals/sse/stream
2025-12-28 10:07:49 | INFO     | app.main             | log_requests         | [1007494006] ✗ GET /api/signals/sse/stream - 404 (0ms)
2025-12-28 10:07:52 | DEBUG    | app.main             | log_requests         | [1007527058] GET /api/indicator/cache-stats
2025-12-28 10:07:52 | INFO     | app.main             | log_requests         | [1007527058] ✔ GET /api/indicator/cache-stats - 200 (0ms)
2025-12-28 10:07:55 | DEBUG    | app.main             | log_requests         | [1007554019] GET /api/signals/sse/stream
2025-12-28 10:07:55 | INFO     | app.main             | log_requests         | [1007554019] ✗ GET /api/signals/sse/stream - 404 (0ms)
2025-12-28 10:07:59 | DEBUG    | app.main             | log_requests         | [1007596256] GET /
2025-12-28 10:07:59 | INFO     | app.main             | log_requests         | [1007596256] ✔ GET / - 200 (0ms)
2025-12-28 10:08:01 | DEBUG    | app.main             | log_requests         | [1008017045] GET /api/signals/sse/stream
2025-12-28 10:08:01 | INFO     | app.main             | log_requests         | [1008017045] ✗ GET /api/signals/sse/stream - 404 (0ms)
2025-12-28 10:08:07 | DEBUG    | app.main             | log_requests         | [1008074034] GET /api/signals/sse/stream
2025-12-28 10:08:07 | INFO     | app.main             | log_requests         | [1008074034] ✗ GET /api/signals/sse/stream - 404 (0ms)
2025-12-28 10:08:13 | DEBUG    | app.main             | log_requests         | [1008137052] GET /api/signals/sse/stream
2025-12-28 10:08:13 | INFO     | app.main             | log_requests         | [1008137052] ✗ GET /api/signals/sse/stream - 404 (0ms)
2025-12-28 10:08:19 | DEBUG    | app.main             | log_requests         | [1008193998] GET /api/signals/sse/stream
2025-12-28 10:08:19 | INFO     | app.main             | log_requests         | [1008193998] ✗ GET /api/signals/sse/stream - 404 (0ms)
2025-12-28 10:08:25 | DEBUG    | app.main             | log_requests         | [1008257073] GET /api/signals/sse/stream
2025-12-28 10:08:25 | INFO     | app.main             | log_requests         | [1008257073] ✗ GET /api/signals/sse/stream - 404 (0ms)
2025-12-28 10:08:31 | DEBUG    | app.main             | log_requests         | [1008314045] GET /api/signals/sse/stream
2025-12-28 10:08:31 | INFO     | app.main             | log_requests         | [1008314045] ✗ GET /api/signals/sse/stream - 404 (0ms)
2025-12-28 10:08:37 | DEBUG    | app.main             | log_requests         | [1008377143] GET /api/signals/sse/stream
2025-12-28 10:08:37 | INFO     | app.main             | log_requests         | [1008377143] ✗ GET /api/signals/sse/stream - 404 (0ms)
2025-12-28 10:08:43 | DEBUG    | app.main             | log_requests         | [1008434108] GET /api/signals/sse/stream
2025-12-28 10:08:43 | INFO     | app.main             | log_requests         | [1008434108] ✗ GET /api/signals/sse/stream - 404 (0ms)
2025-12-28 10:08:49 | DEBUG    | app.main             | log_requests         | [1008497037] GET /api/signals/sse/stream
2025-12-28 10:08:49 | INFO     | app.main             | log_requests         | [1008497037] ✗ GET /api/signals/sse/stream - 404 (0ms)
2025-12-28 10:08:52 | DEBUG    | app.main             | log_requests         | [1008524084] GET /api/indicator/cache-stats
2025-12-28 10:08:52 | INFO     | app.main             | log_requests         | [1008524084] ✔ GET /api/indicator/cache-stats - 200 (0ms)
2025-12-28 10:08:55 | DEBUG    | app.main             | log_requests         | [1008557173] GET /api/signals/sse/stream
2025-12-28 10:08:55 | INFO     | app.main             | log_requests         | [1008557173] ✗ GET /api/signals/sse/stream - 404 (0ms)
2025-12-28 10:09:01 | DEBUG    | app.main             | log_requests         | [1009014094] GET /api/signals/sse/stream
2025-12-28 10:09:01 | INFO     | app.main             | log_requests         | [1009014094] ✗ GET /api/signals/sse/stream - 404 (0ms)
2025-12-28 10:09:07 | DEBUG    | app.main             | log_requests         | [1009077145] GET /api/signals/sse/stream
2025-12-28 10:09:07 | INFO     | app.main             | log_requests         | [1009077145] ✗ GET /api/signals/sse/stream - 404 (0ms)
2025-12-28 10:09:13 | DEBUG    | app.main             | log_requests         | [1009134005] GET /api/signals/sse/stream
2025-12-28 10:09:13 | INFO     | app.main             | log_requests         | [1009134005] ✗ GET /api/signals/sse/stream - 404 (0ms)
2025-12-28 10:09:19 | DEBUG    | app.main             | log_requests         | [1009197067] GET /api/signals/sse/stream
2025-12-28 10:09:19 | INFO     | app.main             | log_requests         | [1009197067] ✗ GET /api/signals/sse/stream - 404 (0ms)
2025-12-28 10:09:25 | DEBUG    | app.main             | log_requests         | [1009254015] GET /api/signals/sse/stream
2025-12-28 10:09:25 | INFO     | app.main             | log_requests         | [1009254015] ✗ GET /api/signals/sse/stream - 404 (0ms)
2025-12-28 10:09:31 | DEBUG    | app.main             | log_requests         | [1009317088] GET /api/signals/sse/stream
2025-12-28 10:09:31 | INFO     | app.main             | log_requests         | [1009317088] ✗ GET /api/signals/sse/stream - 404 (0ms)
2025-12-28 10:09:37 | DEBUG    | app.main             | log_requests         | [1009374083] GET /api/signals/sse/stream
2025-12-28 10:09:37 | INFO     | app.main             | log_requests         | [1009374083] ✗ GET /api/signals/sse/stream - 404 (0ms)
2025-12-28 10:09:43 | DEBUG    | app.main             | log_requests         | [1009437125] GET /api/signals/sse/stream
2025-12-28 10:09:43 | INFO     | app.main             | log_requests         | [1009437125] ✗ GET /api/signals/sse/stream - 404 (0ms)
2025-12-28 10:09:49 | DEBUG    | app.main             | log_requests         | [1009494140] GET /api/signals/sse/stream
2025-12-28 10:09:49 | INFO     | app.main             | log_requests         | [1009494140] ✗ GET /api/signals/sse/stream - 404 (0ms)
2025-12-28 10:09:52 | DEBUG    | app.main             | log_requests         | [1009527131] GET /api/indicator/cache-stats
2025-12-28 10:09:52 | INFO     | app.main             | log_requests         | [1009527131] ✔ GET /api/indicator/cache-stats - 200 (0ms)
2025-12-28 10:09:55 | DEBUG    | app.main             | log_requests         | [1009554027] GET /api/signals/sse/stream
2025-12-28 10:09:55 | INFO     | app.main             | log_requests         | [1009554027] ✗ GET /api/signals/sse/stream - 404 (0ms)
2025-12-28 10:10:01 | DEBUG    | app.main             | log_requests         | [1010017056] GET /api/signals/sse/stream
2025-12-28 10:10:01 | INFO     | app.main             | log_requests         | [1010017056] ✗ GET /api/signals/sse/stream - 404 (0ms)
2025-12-28 10:10:07 | DEBUG    | app.main             | log_requests         | [1010074050] GET /api/signals/sse/stream
2025-12-28 10:10:07 | INFO     | app.main             | log_requests         | [1010074050] ✗ GET /api/signals/sse/stream - 404 (0ms)
2025-12-28 10:10:13 | DEBUG    | app.main             | log_requests         | [1010137161] GET /api/signals/sse/stream
2025-12-28 10:10:13 | INFO     | app.main             | log_requests         | [1010137161] ✗ GET /api/signals/sse/stream - 404 (0ms)
2025-12-28 10:10:19 | DEBUG    | app.main             | log_requests         | [1010194049] GET /api/signals/sse/stream
2025-12-28 10:10:19 | INFO     | app.main             | log_requests         | [1010194049] ✗ GET /api/signals/sse/stream - 404 (0ms)
2025-12-28 10:10:25 | DEBUG    | app.main             | log_requests         | [1010257090] GET /api/signals/sse/stream
2025-12-28 10:10:25 | INFO     | app.main             | log_requests         | [1010257090] ✗ GET /api/signals/sse/stream - 404 (0ms)
2025-12-28 10:10:27 | DEBUG    | app.main             | log_requests         | [1010276678] GET /
2025-12-28 10:10:27 | INFO     | app.main             | log_requests         | [1010276678] ✔ GET / - 200 (0ms)
2025-12-28 10:10:31 | DEBUG    | app.main             | log_requests         | [1010314028] GET /api/signals/sse/stream
2025-12-28 10:10:31 | INFO     | app.main             | log_requests         | [1010314028] ✗ GET /api/signals/sse/stream - 404 (0ms)
2025-12-28 10:10:37 | DEBUG    | app.main             | log_requests         | [1010377146] GET /api/signals/sse/stream
2025-12-28 10:10:37 | INFO     | app.main             | log_requests         | [1010377146] ✗ GET /api/signals/sse/stream - 404 (0ms)
2025-12-28 10:10:43 | DEBUG    | app.main             | log_requests         | [1010434085] GET /api/signals/sse/stream
2025-12-28 10:10:43 | INFO     | app.main             | log_requests         | [1010434085] ✗ GET /api/signals/sse/stream - 404 (0ms)
2025-12-28 10:10:49 | DEBUG    | app.main             | log_requests         | [1010497231] GET /api/signals/sse/stream
2025-12-28 10:10:49 | INFO     | app.main             | log_requests         | [1010497231] ✗ GET /api/signals/sse/stream - 404 (0ms)
2025-12-28 10:10:52 | DEBUG    | app.main             | log_requests         | [1010524130] GET /api/indicator/cache-stats
2025-12-28 10:10:52 | INFO     | app.main             | log_requests         | [1010524130] ✔ GET /api/indicator/cache-stats - 200 (0ms)
2025-12-28 10:10:55 | DEBUG    | app.main             | log_requests         | [1010557085] GET /api/signals/sse/stream
2025-12-28 10:10:55 | INFO     | app.main             | log_requests         | [1010557085] ✗ GET /api/signals/sse/stream - 404 (0ms)
2025-12-28 10:11:01 | DEBUG    | app.main             | log_requests         | [1011013994] GET /api/signals/sse/stream
2025-12-28 10:11:01 | INFO     | app.main             | log_requests         | [1011013994] ✗ GET /api/signals/sse/stream - 404 (0ms)
2025-12-28 10:11:07 | DEBUG    | app.main             | log_requests         | [1011077128] GET /api/signals/sse/stream
2025-12-28 10:11:07 | INFO     | app.main             | log_requests         | [1011077128] ✗ GET /api/signals/sse/stream - 404 (0ms)
2025-12-28 10:11:13 | DEBUG    | app.main             | log_requests         | [1011134018] GET /api/signals/sse/stream
2025-12-28 10:11:13 | INFO     | app.main             | log_requests         | [1011134018] ✗ GET /api/signals/sse/stream - 404 (0ms)
2025-12-28 10:11:19 | DEBUG    | app.main             | log_requests         | [1011197094] GET /api/signals/sse/stream
2025-12-28 10:11:19 | INFO     | app.main             | log_requests         | [1011197094] ✗ GET /api/signals/sse/stream - 404 (0ms)
2025-12-28 10:11:25 | DEBUG    | app.main             | log_requests         | [1011254084] GET /api/signals/sse/stream
2025-12-28 10:11:25 | INFO     | app.main             | log_requests         | [1011254084] ✗ GET /api/signals/sse/stream - 404 (0ms)
2025-12-28 10:11:31 | DEBUG    | app.main             | log_requests         | [1011317044] GET /api/signals/sse/stream
2025-12-28 10:11:31 | INFO     | app.main             | log_requests         | [1011317044] ✗ GET /api/signals/sse/stream - 404 (0ms)
2025-12-28 10:11:37 | DEBUG    | app.main             | log_requests         | [1011374103] GET /api/signals/sse/stream
2025-12-28 10:11:37 | INFO     | app.main             | log_requests         | [1011374103] ✗ GET /api/signals/sse/stream - 404 (0ms)
2025-12-28 10:11:43 | DEBUG    | app.main             | log_requests         | [1011437060] GET /api/signals/sse/stream
2025-12-28 10:11:43 | INFO     | app.main             | log_requests         | [1011437060] ✗ GET /api/signals/sse/stream - 404 (0ms)
2025-12-28 10:11:49 | DEBUG    | app.main             | log_requests         | [1011494111] GET /api/signals/sse/stream
2025-12-28 10:11:49 | INFO     | app.main             | log_requests         | [1011494111] ✗ GET /api/signals/sse/stream - 404 (0ms)
2025-12-28 10:11:52 | DEBUG    | app.main             | log_requests         | [1011527040] GET /api/indicator/cache-stats
2025-12-28 10:11:52 | INFO     | app.main             | log_requests         | [1011527040] ✔ GET /api/indicator/cache-stats - 200 (0ms)
2025-12-28 10:11:55 | DEBUG    | app.main             | log_requests         | [1011554038] GET /api/signals/sse/stream
2025-12-28 10:11:55 | INFO     | app.main             | log_requests         | [1011554038] ✗ GET /api/signals/sse/stream - 404 (0ms)
2025-12-28 10:12:01 | DEBUG    | app.main             | log_requests         | [1012017091] GET /api/signals/sse/stream
2025-12-28 10:12:01 | INFO     | app.main             | log_requests         | [1012017091] ✗ GET /api/signals/sse/stream - 404 (0ms)
2025-12-28 10:12:07 | DEBUG    | app.main             | log_requests         | [1012073990] GET /api/signals/sse/stream
2025-12-28 10:12:07 | INFO     | app.main             | log_requests         | [1012073990] ✗ GET /api/signals/sse/stream - 404 (0ms)
2025-12-28 10:12:13 | DEBUG    | app.main             | log_requests         | [1012137097] GET /api/signals/sse/stream
2025-12-28 10:12:13 | INFO     | app.main             | log_requests         | [1012137097] ✗ GET /api/signals/sse/stream - 404 (0ms)
2025-12-28 10:12:19 | DEBUG    | app.main             | log_requests         | [1012194129] GET /api/signals/sse/stream
2025-12-28 10:12:19 | INFO     | app.main             | log_requests         | [1012194129] ✗ GET /api/signals/sse/stream - 404 (0ms)
2025-12-28 10:12:25 | DEBUG    | app.main             | log_requests         | [1012257071] GET /api/signals/sse/stream
2025-12-28 10:12:25 | INFO     | app.main             | log_requests         | [1012257071] ✗ GET /api/signals/sse/stream - 404 (0ms)
2025-12-28 10:12:31 | DEBUG    | app.main             | log_requests         | [1012313993] GET /api/signals/sse/stream
2025-12-28 10:12:31 | INFO     | app.main             | log_requests         | [1012313993] ✗ GET /api/signals/sse/stream - 404 (0ms)
2025-12-28 10:12:37 | DEBUG    | app.main             | log_requests         | [1012377097] GET /api/signals/sse/stream
2025-12-28 10:12:37 | INFO     | app.main             | log_requests         | [1012377097] ✗ GET /api/signals/sse/stream - 404 (0ms)
2025-12-28 10:12:43 | DEBUG    | app.main             | log_requests         | [1012434049] GET /api/signals/sse/stream
2025-12-28 10:12:43 | INFO     | app.main             | log_requests         | [1012434049] ✗ GET /api/signals/sse/stream - 404 (0ms)
2025-12-28 10:12:49 | DEBUG    | app.main             | log_requests         | [1012497135] GET /api/signals/sse/stream
2025-12-28 10:12:49 | INFO     | app.main             | log_requests         | [1012497135] ✗ GET /api/signals/sse/stream - 404 (0ms)
2025-12-28 10:12:52 | DEBUG    | app.main             | log_requests         | [1012523988] GET /api/indicator/cache-stats
2025-12-28 10:12:52 | INFO     | app.main             | log_requests         | [1012523988] ✔ GET /api/indicator/cache-stats - 200 (0ms)
2025-12-28 10:12:55 | DEBUG    | app.main             | log_requests         | [1012557138] GET /api/signals/sse/stream
2025-12-28 10:12:55 | INFO     | app.main             | log_requests         | [1012557138] ✗ GET /api/signals/sse/stream - 404 (0ms)
2025-12-28 10:13:01 | DEBUG    | app.main             | log_requests         | [1013014019] GET /api/signals/sse/stream
2025-12-28 10:13:01 | INFO     | app.main             | log_requests         | [1013014019] ✗ GET /api/signals/sse/stream - 404 (0ms)
2025-12-28 10:13:07 | DEBUG    | app.main             | log_requests         | [1013077077] GET /api/signals/sse/stream
2025-12-28 10:13:07 | INFO     | app.main             | log_requests         | [1013077077] ✗ GET /api/signals/sse/stream - 404 (0ms)
2025-12-28 10:13:13 | DEBUG    | app.main             | log_requests         | [1013133993] GET /api/signals/sse/stream
2025-12-28 10:13:13 | INFO     | app.main             | log_requests         | [1013133993] ✗ GET /api/signals/sse/stream - 404 (0ms)
2025-12-28 10:13:19 | DEBUG    | app.main             | log_requests         | [1013197067] GET /api/signals/sse/stream
2025-12-28 10:13:19 | INFO     | app.main             | log_requests         | [1013197067] ✗ GET /api/signals/sse/stream - 404 (0ms)
2025-12-28 10:13:25 | DEBUG    | app.main             | log_requests         | [1013254024] GET /api/signals/sse/stream
2025-12-28 10:13:25 | INFO     | app.main             | log_requests         | [1013254024] ✗ GET /api/signals/sse/stream - 404 (0ms)
2025-12-28 10:13:31 | DEBUG    | app.main             | log_requests         | [1013317049] GET /api/signals/sse/stream
2025-12-28 10:13:31 | INFO     | app.main             | log_requests         | [1013317049] ✗ GET /api/signals/sse/stream - 404 (0ms)
2025-12-28 10:13:37 | DEBUG    | app.main             | log_requests         | [1013374016] GET /api/signals/sse/stream
2025-12-28 10:13:37 | INFO     | app.main             | log_requests         | [1013374016] ✗ GET /api/signals/sse/stream - 404 (0ms)
2025-12-28 10:13:43 | DEBUG    | app.main             | log_requests         | [1013437043] GET /api/signals/sse/stream
2025-12-28 10:13:43 | INFO     | app.main             | log_requests         | [1013437043] ✗ GET /api/signals/sse/stream - 404 (0ms)
2025-12-28 10:13:49 | DEBUG    | app.main             | log_requests         | [1013494023] GET /api/signals/sse/stream
2025-12-28 10:13:49 | INFO     | app.main             | log_requests         | [1013494023] ✗ GET /api/signals/sse/stream - 404 (0ms)
2025-12-28 10:13:52 | DEBUG    | app.main             | log_requests         | [1013527098] GET /api/indicator/cache-stats
2025-12-28 10:13:52 | INFO     | app.main             | log_requests         | [1013527098] ✔ GET /api/indicator/cache-stats - 200 (0ms)
2025-12-28 10:13:55 | DEBUG    | app.main             | log_requests         | [1013553994] GET /api/signals/sse/stream
2025-12-28 10:13:55 | INFO     | app.main             | log_requests         | [1013553994] ✗ GET /api/signals/sse/stream - 404 (0ms)
2025-12-28 10:14:01 | DEBUG    | app.main             | log_requests         | [1014017112] GET /api/signals/sse/stream
2025-12-28 10:14:01 | INFO     | app.main             | log_requests         | [1014017112] ✗ GET /api/signals/sse/stream - 404 (0ms)
2025-12-28 10:14:07 | DEBUG    | app.main             | log_requests         | [1014074033] GET /api/signals/sse/stream
2025-12-28 10:14:07 | INFO     | app.main             | log_requests         | [1014074033] ✗ GET /api/signals/sse/stream - 404 (0ms)
2025-12-28 10:14:13 | DEBUG    | app.main             | log_requests         | [1014137173] GET /api/signals/sse/stream
2025-12-28 10:14:13 | INFO     | app.main             | log_requests         | [1014137173] ✗ GET /api/signals/sse/stream - 404 (0ms)
2025-12-28 10:14:13 | INFO     | app.main             | lifespan             | ============================================================
2025-12-28 10:14:13 | INFO     | app.main             | lifespan             | KOMAS TRADING SERVER - SHUTDOWN
2025-12-28 10:14:13 | INFO     | app.main             | lifespan             | ============================================================
2025-12-28 10:14:14 | WARNING  | app.main             | <module>             | ✗ Failed to load main routes: No module named 'app.api.routes'
2025-12-28 10:14:14 | WARNING  | app.main             | <module>             | ✗ Failed to load optimizer routes: No module named 'app.api.optimizer_routes'
2025-12-28 10:14:14 | INFO     | app.main             | <module>             | ✔ Loaded: data routes
2025-12-28 10:14:15 | INFO     | app.main             | <module>             | ✔ Loaded: indicator routes
2025-12-28 10:14:15 | INFO     | app.main             | <module>             | ✔ Loaded: TRG preset routes
2025-12-28 10:14:15 | INFO     | app.main             | <module>             | ✔ Loaded: Dominant preset routes (/api/presets/*)
2025-12-28 10:14:15 | INFO     | app.main             | <module>             | ✔ Loaded: Signal score routes (/api/signal-score/*)
2025-12-28 10:14:15 | INFO     | app.main             | lifespan             | ============================================================
2025-12-28 10:14:15 | INFO     | app.main             | lifespan             | KOMAS TRADING SERVER v4.0 - STARTING
2025-12-28 10:14:15 | INFO     | app.main             | lifespan             | Log file: C:\Users\Administrator\Desktop\komass\backend\logs\komas_2025-12-28.log
2025-12-28 10:14:15 | INFO     | app.main             | lifespan             | Error log: C:\Users\Administrator\Desktop\komass\backend\logs\errors_2025-12-28.log
2025-12-28 10:14:15 | INFO     | app.main             | lifespan             | ============================================================
2025-12-28 10:14:15 | WARNING  | app.main             | <module>             | ✗ Failed to load main routes: No module named 'app.api.routes'
2025-12-28 10:14:15 | WARNING  | app.main             | <module>             | ✗ Failed to load optimizer routes: No module named 'app.api.optimizer_routes'
2025-12-28 10:14:16 | INFO     | app.main             | <module>             | ✔ Loaded: data routes
2025-12-28 10:14:16 | INFO     | app.main             | <module>             | ✔ Loaded: indicator routes
2025-12-28 10:14:16 | INFO     | app.main             | <module>             | ✔ Loaded: TRG preset routes
2025-12-28 10:14:16 | INFO     | app.main             | <module>             | ✔ Loaded: Dominant preset routes (/api/presets/*)
2025-12-28 10:14:16 | INFO     | app.main             | <module>             | ✔ Loaded: Signal score routes (/api/signal-score/*)
2025-12-28 10:14:16 | INFO     | app.main             | lifespan             | ============================================================
2025-12-28 10:14:16 | INFO     | app.main             | lifespan             | KOMAS TRADING SERVER v4.0 - STARTING
2025-12-28 10:14:16 | INFO     | app.main             | lifespan             | Log file: C:\Users\Administrator\Desktop\komass\backend\logs\komas_2025-12-28.log
2025-12-28 10:14:16 | INFO     | app.main             | lifespan             | Error log: C:\Users\Administrator\Desktop\komass\backend\logs\errors_2025-12-28.log
2025-12-28 10:14:16 | INFO     | app.main             | lifespan             | ============================================================
2025-12-28 10:14:17 | WARNING  | app.main             | <module>             | ✗ Failed to load main routes: No module named 'app.api.routes'
2025-12-28 10:14:17 | WARNING  | app.main             | <module>             | ✗ Failed to load optimizer routes: No module named 'app.api.optimizer_routes'
2025-12-28 10:14:17 | INFO     | app.main             | <module>             | ✔ Loaded: data routes
2025-12-28 10:14:17 | INFO     | app.main             | <module>             | ✔ Loaded: indicator routes
2025-12-28 10:14:17 | INFO     | app.main             | <module>             | ✔ Loaded: TRG preset routes
2025-12-28 10:14:17 | INFO     | app.main             | <module>             | ✔ Loaded: Dominant preset routes (/api/presets/*)
2025-12-28 10:14:17 | INFO     | app.main             | <module>             | ✔ Loaded: Signal score routes (/api/signal-score/*)
2025-12-28 10:14:17 | INFO     | app.main             | lifespan             | ============================================================
2025-12-28 10:14:17 | INFO     | app.main             | lifespan             | KOMAS TRADING SERVER v4.0 - STARTING
2025-12-28 10:14:17 | INFO     | app.main             | lifespan             | Log file: C:\Users\Administrator\Desktop\komass\backend\logs\komas_2025-12-28.log
2025-12-28 10:14:17 | INFO     | app.main             | lifespan             | Error log: C:\Users\Administrator\Desktop\komass\backend\logs\errors_2025-12-28.log
2025-12-28 10:14:17 | INFO     | app.main             | lifespan             | ============================================================
2025-12-28 10:14:19 | DEBUG    | app.main             | log_requests         | [1014194089] GET /api/signals/sse/stream
2025-12-28 10:14:19 | INFO     | app.main             | log_requests         | [1014194089] ✗ GET /api/signals/sse/stream - 404 (0ms)
2025-12-28 10:14:25 | DEBUG    | app.main             | log_requests         | [1014257044] GET /api/signals/sse/stream
2025-12-28 10:14:25 | INFO     | app.main             | log_requests         | [1014257044] ✗ GET /api/signals/sse/stream - 404 (0ms)
2025-12-28 10:14:31 | DEBUG    | app.main             | log_requests         | [1014314028] GET /api/signals/sse/stream
2025-12-28 10:14:31 | INFO     | app.main             | log_requests         | [1014314028] ✗ GET /api/signals/sse/stream - 404 (0ms)
2025-12-28 10:14:37 | DEBUG    | app.main             | log_requests         | [1014377047] GET /api/signals/sse/stream
2025-12-28 10:14:37 | INFO     | app.main             | log_requests         | [1014377047] ✗ GET /api/signals/sse/stream - 404 (1ms)
2025-12-28 10:14:43 | DEBUG    | app.main             | log_requests         | [1014434022] GET /api/signals/sse/stream
2025-12-28 10:14:43 | INFO     | app.main             | log_requests         | [1014434022] ✗ GET /api/signals/sse/stream - 404 (1ms)
2025-12-28 10:14:49 | DEBUG    | app.main             | log_requests         | [1014497055] GET /api/signals/sse/stream
2025-12-28 10:14:49 | INFO     | app.main             | log_requests         | [1014497055] ✗ GET /api/signals/sse/stream - 404 (1ms)
2025-12-28 10:14:52 | DEBUG    | app.main             | log_requests         | [1014524036] GET /api/indicator/cache-stats
2025-12-28 10:14:52 | INFO     | app.main             | log_requests         | [1014524036] ✔ GET /api/indicator/cache-stats - 200 (1ms)
2025-12-28 10:14:55 | DEBUG    | app.main             | log_requests         | [1014557055] GET /api/signals/sse/stream
2025-12-28 10:14:55 | INFO     | app.main             | log_requests         | [1014557055] ✗ GET /api/signals/sse/stream - 404 (1ms)
2025-12-28 10:15:01 | DEBUG    | app.main             | log_requests         | [1015014021] GET /api/signals/sse/stream
2025-12-28 10:15:01 | INFO     | app.main             | log_requests         | [1015014021] ✗ GET /api/signals/sse/stream - 404 (1ms)
2025-12-28 10:15:07 | DEBUG    | app.main             | log_requests         | [1015077035] GET /api/signals/sse/stream
2025-12-28 10:15:07 | INFO     | app.main             | log_requests         | [1015077035] ✗ GET /api/signals/sse/stream - 404 (0ms)
2025-12-28 10:15:13 | DEBUG    | app.main             | log_requests         | [1015134032] GET /api/signals/sse/stream
2025-12-28 10:15:13 | INFO     | app.main             | log_requests         | [1015134032] ✗ GET /api/signals/sse/stream - 404 (1ms)
2025-12-28 10:15:19 | DEBUG    | app.main             | log_requests         | [1015197052] GET /api/signals/sse/stream
2025-12-28 10:15:19 | INFO     | app.main             | log_requests         | [1015197052] ✗ GET /api/signals/sse/stream - 404 (0ms)
2025-12-28 10:15:25 | DEBUG    | app.main             | log_requests         | [1015254038] GET /api/signals/sse/stream
2025-12-28 10:15:25 | INFO     | app.main             | log_requests         | [1015254038] ✗ GET /api/signals/sse/stream - 404 (0ms)
2025-12-28 10:15:31 | DEBUG    | app.main             | log_requests         | [1015317039] GET /api/signals/sse/stream
2025-12-28 10:15:31 | INFO     | app.main             | log_requests         | [1015317039] ✗ GET /api/signals/sse/stream - 404 (1ms)
2025-12-28 10:15:37 | DEBUG    | app.main             | log_requests         | [1015374043] GET /api/signals/sse/stream
2025-12-28 10:15:37 | INFO     | app.main             | log_requests         | [1015374043] ✗ GET /api/signals/sse/stream - 404 (3ms)
2025-12-28 10:15:43 | DEBUG    | app.main             | log_requests         | [1015437059] GET /api/signals/sse/stream
2025-12-28 10:15:43 | INFO     | app.main             | log_requests         | [1015437059] ✗ GET /api/signals/sse/stream - 404 (1ms)
2025-12-28 10:15:49 | DEBUG    | app.main             | log_requests         | [1015494092] GET /api/signals/sse/stream
2025-12-28 10:15:49 | INFO     | app.main             | log_requests         | [1015494092] ✗ GET /api/signals/sse/stream - 404 (0ms)
2025-12-28 10:15:52 | DEBUG    | app.main             | log_requests         | [1015527011] GET /api/indicator/cache-stats
2025-12-28 10:15:52 | INFO     | app.main             | log_requests         | [1015527011] ✔ GET /api/indicator/cache-stats - 200 (0ms)
2025-12-28 10:15:55 | DEBUG    | app.main             | log_requests         | [1015554065] GET /api/signals/sse/stream
2025-12-28 10:15:55 | INFO     | app.main             | log_requests         | [1015554065] ✗ GET /api/signals/sse/stream - 404 (0ms)
2025-12-28 10:16:01 | DEBUG    | app.main             | log_requests         | [1016017098] GET /api/signals/sse/stream
2025-12-28 10:16:01 | INFO     | app.main             | log_requests         | [1016017098] ✗ GET /api/signals/sse/stream - 404 (0ms)
2025-12-28 10:16:07 | DEBUG    | app.main             | log_requests         | [1016074080] GET /api/signals/sse/stream
2025-12-28 10:16:07 | INFO     | app.main             | log_requests         | [1016074080] ✗ GET /api/signals/sse/stream - 404 (0ms)
2025-12-28 10:16:13 | DEBUG    | app.main             | log_requests         | [1016137195] GET /api/signals/sse/stream
2025-12-28 10:16:13 | INFO     | app.main             | log_requests         | [1016137195] ✗ GET /api/signals/sse/stream - 404 (0ms)
2025-12-28 10:16:19 | DEBUG    | app.main             | log_requests         | [1016194077] GET /api/signals/sse/stream
2025-12-28 10:16:19 | INFO     | app.main             | log_requests         | [1016194077] ✗ GET /api/signals/sse/stream - 404 (0ms)
2025-12-28 10:16:25 | DEBUG    | app.main             | log_requests         | [1016257150] GET /api/signals/sse/stream
2025-12-28 10:16:25 | INFO     | app.main             | log_requests         | [1016257150] ✗ GET /api/signals/sse/stream - 404 (0ms)
2025-12-28 10:16:31 | DEBUG    | app.main             | log_requests         | [1016314098] GET /api/signals/sse/stream
2025-12-28 10:16:31 | INFO     | app.main             | log_requests         | [1016314098] ✗ GET /api/signals/sse/stream - 404 (0ms)
2025-12-28 10:16:37 | DEBUG    | app.main             | log_requests         | [1016377069] GET /api/signals/sse/stream
2025-12-28 10:16:37 | INFO     | app.main             | log_requests         | [1016377069] ✗ GET /api/signals/sse/stream - 404 (0ms)
2025-12-28 10:16:43 | DEBUG    | app.main             | log_requests         | [1016434135] GET /api/signals/sse/stream
2025-12-28 10:16:43 | INFO     | app.main             | log_requests         | [1016434135] ✗ GET /api/signals/sse/stream - 404 (0ms)
2025-12-28 10:16:49 | DEBUG    | app.main             | log_requests         | [1016497081] GET /api/signals/sse/stream
2025-12-28 10:16:49 | INFO     | app.main             | log_requests         | [1016497081] ✗ GET /api/signals/sse/stream - 404 (0ms)
2025-12-28 10:16:52 | DEBUG    | app.main             | log_requests         | [1016524056] GET /api/indicator/cache-stats
2025-12-28 10:16:52 | INFO     | app.main             | log_requests         | [1016524056] ✔ GET /api/indicator/cache-stats - 200 (0ms)
2025-12-28 10:16:55 | DEBUG    | app.main             | log_requests         | [1016557134] GET /api/signals/sse/stream
2025-12-28 10:16:55 | INFO     | app.main             | log_requests         | [1016557134] ✗ GET /api/signals/sse/stream - 404 (0ms)
2025-12-28 10:17:01 | DEBUG    | app.main             | log_requests         | [1017014092] GET /api/signals/sse/stream
2025-12-28 10:17:01 | INFO     | app.main             | log_requests         | [1017014092] ✗ GET /api/signals/sse/stream - 404 (0ms)
2025-12-28 10:17:07 | DEBUG    | app.main             | log_requests         | [1017077121] GET /api/signals/sse/stream
2025-12-28 10:17:07 | INFO     | app.main             | log_requests         | [1017077121] ✗ GET /api/signals/sse/stream - 404 (0ms)
2025-12-28 10:17:13 | DEBUG    | app.main             | log_requests         | [1017134110] GET /api/signals/sse/stream
2025-12-28 10:17:13 | INFO     | app.main             | log_requests         | [1017134110] ✗ GET /api/signals/sse/stream - 404 (0ms)
2025-12-28 10:17:19 | DEBUG    | app.main             | log_requests         | [1017197009] GET /api/signals/sse/stream
2025-12-28 10:17:19 | INFO     | app.main             | log_requests         | [1017197009] ✗ GET /api/signals/sse/stream - 404 (0ms)
2025-12-28 10:17:25 | DEBUG    | app.main             | log_requests         | [1017254016] GET /api/signals/sse/stream
2025-12-28 10:17:25 | INFO     | app.main             | log_requests         | [1017254016] ✗ GET /api/signals/sse/stream - 404 (0ms)
2025-12-28 10:17:31 | DEBUG    | app.main             | log_requests         | [1017317084] GET /api/signals/sse/stream
2025-12-28 10:17:31 | INFO     | app.main             | log_requests         | [1017317084] ✗ GET /api/signals/sse/stream - 404 (0ms)
2025-12-28 10:17:37 | DEBUG    | app.main             | log_requests         | [1017374164] GET /api/signals/sse/stream
2025-12-28 10:17:37 | INFO     | app.main             | log_requests         | [1017374164] ✗ GET /api/signals/sse/stream - 404 (0ms)
2025-12-28 10:17:43 | DEBUG    | app.main             | log_requests         | [1017437136] GET /api/signals/sse/stream
2025-12-28 10:17:43 | INFO     | app.main             | log_requests         | [1017437136] ✗ GET /api/signals/sse/stream - 404 (0ms)
2025-12-28 10:17:49 | DEBUG    | app.main             | log_requests         | [1017494020] GET /api/signals/sse/stream
2025-12-28 10:17:49 | INFO     | app.main             | log_requests         | [1017494020] ✗ GET /api/signals/sse/stream - 404 (0ms)
2025-12-28 10:17:52 | DEBUG    | app.main             | log_requests         | [1017527060] GET /api/indicator/cache-stats
2025-12-28 10:17:52 | INFO     | app.main             | log_requests         | [1017527060] ✔ GET /api/indicator/cache-stats - 200 (0ms)
2025-12-28 10:17:55 | DEBUG    | app.main             | log_requests         | [1017554103] GET /api/signals/sse/stream
2025-12-28 10:17:55 | INFO     | app.main             | log_requests         | [1017554103] ✗ GET /api/signals/sse/stream - 404 (0ms)
2025-12-28 10:18:01 | DEBUG    | app.main             | log_requests         | [1018017175] GET /api/signals/sse/stream
2025-12-28 10:18:01 | INFO     | app.main             | log_requests         | [1018017175] ✗ GET /api/signals/sse/stream - 404 (0ms)
2025-12-28 10:18:07 | DEBUG    | app.main             | log_requests         | [1018074042] GET /api/signals/sse/stream
2025-12-28 10:18:07 | INFO     | app.main             | log_requests         | [1018074042] ✗ GET /api/signals/sse/stream - 404 (5ms)
2025-12-28 10:18:07 | INFO     | app.main             | lifespan             | ============================================================
2025-12-28 10:18:07 | INFO     | app.main             | lifespan             | KOMAS TRADING SERVER - SHUTDOWN
2025-12-28 10:18:07 | INFO     | app.main             | lifespan             | ============================================================
2025-12-28 10:18:08 | WARNING  | app.main             | <module>             | ✗ Failed to load main routes: No module named 'app.api.routes'
2025-12-28 10:18:08 | WARNING  | app.main             | <module>             | ✗ Failed to load optimizer routes: No module named 'app.api.optimizer_routes'
2025-12-28 10:18:08 | INFO     | app.main             | <module>             | ✔ Loaded: data routes
2025-12-28 10:18:08 | INFO     | app.main             | <module>             | ✔ Loaded: indicator routes
2025-12-28 10:18:08 | INFO     | app.main             | <module>             | ✔ Loaded: TRG preset routes
2025-12-28 10:18:08 | INFO     | app.main             | <module>             | ✔ Loaded: Dominant preset routes (/api/presets/*)
2025-12-28 10:18:08 | INFO     | app.main             | <module>             | ✔ Loaded: Signal score routes (/api/signal-score/*)
2025-12-28 10:18:08 | INFO     | app.main             | <module>             | ✔ Loaded: Filter routes (/api/filters/*)
2025-12-28 10:18:08 | INFO     | app.main             | lifespan             | ============================================================
2025-12-28 10:18:08 | INFO     | app.main             | lifespan             | KOMAS TRADING SERVER v4.0 - STARTING
2025-12-28 10:18:08 | INFO     | app.main             | lifespan             | Log file: C:\Users\Administrator\Desktop\komass\backend\logs\komas_2025-12-28.log
2025-12-28 10:18:08 | INFO     | app.main             | lifespan             | Error log: C:\Users\Administrator\Desktop\komass\backend\logs\errors_2025-12-28.log
2025-12-28 10:18:08 | INFO     | app.main             | lifespan             | ============================================================
2025-12-28 10:18:09 | WARNING  | app.main             | <module>             | ✗ Failed to load main routes: No module named 'app.api.routes'
2025-12-28 10:18:09 | WARNING  | app.main             | <module>             | ✗ Failed to load optimizer routes: No module named 'app.api.optimizer_routes'
2025-12-28 10:18:10 | INFO     | app.main             | <module>             | ✔ Loaded: data routes
2025-12-28 10:18:10 | INFO     | app.main             | <module>             | ✔ Loaded: indicator routes
2025-12-28 10:18:10 | INFO     | app.main             | <module>             | ✔ Loaded: TRG preset routes
2025-12-28 10:18:10 | INFO     | app.main             | <module>             | ✔ Loaded: Dominant preset routes (/api/presets/*)
2025-12-28 10:18:10 | INFO     | app.main             | <module>             | ✔ Loaded: Signal score routes (/api/signal-score/*)
2025-12-28 10:18:10 | INFO     | app.main             | <module>             | ✔ Loaded: Filter routes (/api/filters/*)
2025-12-28 10:18:10 | INFO     | app.main             | lifespan             | ============================================================
2025-12-28 10:18:10 | INFO     | app.main             | lifespan             | KOMAS TRADING SERVER v4.0 - STARTING
2025-12-28 10:18:10 | INFO     | app.main             | lifespan             | Log file: C:\Users\Administrator\Desktop\komass\backend\logs\komas_2025-12-28.log
2025-12-28 10:18:10 | INFO     | app.main             | lifespan             | Error log: C:\Users\Administrator\Desktop\komass\backend\logs\errors_2025-12-28.log
2025-12-28 10:18:10 | INFO     | app.main             | lifespan             | ============================================================
2025-12-28 10:18:13 | DEBUG    | app.main             | log_requests         | [1018137099] GET /api/signals/sse/stream
2025-12-28 10:18:13 | INFO     | app.main             | log_requests         | [1018137099] ✗ GET /api/signals/sse/stream - 404 (0ms)
2025-12-28 10:18:19 | DEBUG    | app.main             | log_requests         | [1018194034] GET /api/signals/sse/stream
2025-12-28 10:18:19 | INFO     | app.main             | log_requests         | [1018194034] ✗ GET /api/signals/sse/stream - 404 (1ms)
2025-12-28 10:18:25 | DEBUG    | app.main             | log_requests         | [1018257030] GET /api/signals/sse/stream
2025-12-28 10:18:25 | INFO     | app.main             | log_requests         | [1018257030] ✗ GET /api/signals/sse/stream - 404 (0ms)
2025-12-28 10:18:31 | DEBUG    | app.main             | log_requests         | [1018314038] GET /api/signals/sse/stream
2025-12-28 10:18:31 | INFO     | app.main             | log_requests         | [1018314038] ✗ GET /api/signals/sse/stream - 404 (1ms)
2025-12-28 10:18:37 | DEBUG    | app.main             | log_requests         | [1018377102] GET /api/signals/sse/stream
2025-12-28 10:18:37 | INFO     | app.main             | log_requests         | [1018377102] ✗ GET /api/signals/sse/stream - 404 (1ms)
2025-12-28 10:18:43 | DEBUG    | app.main             | log_requests         | [1018434543] GET /api/signals/sse/stream
2025-12-28 10:18:43 | INFO     | app.main             | log_requests         | [1018434543] ✗ GET /api/signals/sse/stream - 404 (1ms)
2025-12-28 10:18:49 | DEBUG    | app.main             | log_requests         | [1018497044] GET /api/signals/sse/stream
2025-12-28 10:18:49 | INFO     | app.main             | log_requests         | [1018497044] ✗ GET /api/signals/sse/stream - 404 (1ms)
2025-12-28 10:18:52 | DEBUG    | app.main             | log_requests         | [1018524039] GET /api/indicator/cache-stats
2025-12-28 10:18:52 | INFO     | app.main             | log_requests         | [1018524039] ✔ GET /api/indicator/cache-stats - 200 (1ms)
2025-12-28 10:18:55 | DEBUG    | app.main             | log_requests         | [1018557063] GET /api/signals/sse/stream
2025-12-28 10:18:55 | INFO     | app.main             | log_requests         | [1018557063] ✗ GET /api/signals/sse/stream - 404 (1ms)
2025-12-28 10:19:01 | DEBUG    | app.main             | log_requests         | [1019014037] GET /api/signals/sse/stream
2025-12-28 10:19:01 | INFO     | app.main             | log_requests         | [1019014037] ✗ GET /api/signals/sse/stream - 404 (0ms)
2025-12-28 10:19:07 | DEBUG    | app.main             | log_requests         | [1019077057] GET /api/signals/sse/stream
2025-12-28 10:19:07 | INFO     | app.main             | log_requests         | [1019077057] ✗ GET /api/signals/sse/stream - 404 (1ms)
2025-12-28 10:19:13 | DEBUG    | app.main             | log_requests         | [1019134028] GET /api/signals/sse/stream
2025-12-28 10:19:13 | INFO     | app.main             | log_requests         | [1019134028] ✗ GET /api/signals/sse/stream - 404 (1ms)
2025-12-28 10:19:19 | DEBUG    | app.main             | log_requests         | [1019197048] GET /api/signals/sse/stream
2025-12-28 10:19:19 | INFO     | app.main             | log_requests         | [1019197048] ✗ GET /api/signals/sse/stream - 404 (0ms)
2025-12-28 10:19:25 | DEBUG    | app.main             | log_requests         | [1019254027] GET /api/signals/sse/stream
2025-12-28 10:19:25 | INFO     | app.main             | log_requests         | [1019254027] ✗ GET /api/signals/sse/stream - 404 (0ms)
2025-12-28 10:19:31 | DEBUG    | app.main             | log_requests         | [1019317045] GET /api/signals/sse/stream
2025-12-28 10:19:31 | INFO     | app.main             | log_requests         | [1019317045] ✗ GET /api/signals/sse/stream - 404 (0ms)
2025-12-28 10:19:37 | DEBUG    | app.main             | log_requests         | [1019374038] GET /api/signals/sse/stream
2025-12-28 10:19:37 | INFO     | app.main             | log_requests         | [1019374038] ✗ GET /api/signals/sse/stream - 404 (1ms)
2025-12-28 10:19:43 | DEBUG    | app.main             | log_requests         | [1019437034] GET /api/signals/sse/stream
2025-12-28 10:19:43 | INFO     | app.main             | log_requests         | [1019437034] ✗ GET /api/signals/sse/stream - 404 (1ms)
2025-12-28 10:19:49 | DEBUG    | app.main             | log_requests         | [1019494032] GET /api/signals/sse/stream
2025-12-28 10:19:49 | INFO     | app.main             | log_requests         | [1019494032] ✗ GET /api/signals/sse/stream - 404 (1ms)
2025-12-28 10:19:52 | DEBUG    | app.main             | log_requests         | [1019527053] GET /api/indicator/cache-stats
2025-12-28 10:19:52 | INFO     | app.main             | log_requests         | [1019527053] ✔ GET /api/indicator/cache-stats - 200 (1ms)
2025-12-28 10:19:55 | DEBUG    | app.main             | log_requests         | [1019554037] GET /api/signals/sse/stream
2025-12-28 10:19:55 | INFO     | app.main             | log_requests         | [1019554037] ✗ GET /api/signals/sse/stream - 404 (0ms)
2025-12-28 10:20:01 | DEBUG    | app.main             | log_requests         | [1020017049] GET /api/signals/sse/stream
2025-12-28 10:20:01 | INFO     | app.main             | log_requests         | [1020017049] ✗ GET /api/signals/sse/stream - 404 (0ms)
2025-12-28 10:20:07 | DEBUG    | app.main             | log_requests         | [1020074037] GET /api/signals/sse/stream
2025-12-28 10:20:07 | INFO     | app.main             | log_requests         | [1020074037] ✗ GET /api/signals/sse/stream - 404 (1ms)
2025-12-28 10:20:13 | DEBUG    | app.main             | log_requests         | [1020137029] GET /api/signals/sse/stream
2025-12-28 10:20:13 | INFO     | app.main             | log_requests         | [1020137029] ✗ GET /api/signals/sse/stream - 404 (0ms)
2025-12-28 10:20:19 | DEBUG    | app.main             | log_requests         | [1020194030] GET /api/signals/sse/stream
2025-12-28 10:20:19 | INFO     | app.main             | log_requests         | [1020194030] ✗ GET /api/signals/sse/stream - 404 (0ms)
2025-12-28 10:20:25 | DEBUG    | app.main             | log_requests         | [1020257031] GET /api/signals/sse/stream
2025-12-28 10:20:25 | INFO     | app.main             | log_requests         | [1020257031] ✗ GET /api/signals/sse/stream - 404 (1ms)
2025-12-28 10:20:31 | DEBUG    | app.main             | log_requests         | [1020314040] GET /api/signals/sse/stream
2025-12-28 10:20:31 | INFO     | app.main             | log_requests         | [1020314040] ✗ GET /api/signals/sse/stream - 404 (1ms)
2025-12-28 10:20:37 | DEBUG    | app.main             | log_requests         | [1020377045] GET /api/signals/sse/stream
2025-12-28 10:20:37 | INFO     | app.main             | log_requests         | [1020377045] ✗ GET /api/signals/sse/stream - 404 (1ms)
2025-12-28 10:20:43 | DEBUG    | app.main             | log_requests         | [1020434034] GET /api/signals/sse/stream
2025-12-28 10:20:43 | INFO     | app.main             | log_requests         | [1020434034] ✗ GET /api/signals/sse/stream - 404 (0ms)
2025-12-28 10:20:49 | DEBUG    | app.main             | log_requests         | [1020497034] GET /api/signals/sse/stream
2025-12-28 10:20:49 | INFO     | app.main             | log_requests         | [1020497034] ✗ GET /api/signals/sse/stream - 404 (2ms)
2025-12-28 10:20:52 | DEBUG    | app.main             | log_requests         | [1020524025] GET /api/indicator/cache-stats
2025-12-28 10:20:52 | INFO     | app.main             | log_requests         | [1020524025] ✔ GET /api/indicator/cache-stats - 200 (0ms)
2025-12-28 10:20:55 | DEBUG    | app.main             | log_requests         | [1020557049] GET /api/signals/sse/stream
2025-12-28 10:20:55 | INFO     | app.main             | log_requests         | [1020557049] ✗ GET /api/signals/sse/stream - 404 (2ms)
2025-12-28 10:21:01 | DEBUG    | app.main             | log_requests         | [1021014031] GET /api/signals/sse/stream
2025-12-28 10:21:01 | INFO     | app.main             | log_requests         | [1021014031] ✗ GET /api/signals/sse/stream - 404 (0ms)
2025-12-28 10:21:07 | DEBUG    | app.main             | log_requests         | [1021077031] GET /api/signals/sse/stream
2025-12-28 10:21:07 | INFO     | app.main             | log_requests         | [1021077031] ✗ GET /api/signals/sse/stream - 404 (1ms)
2025-12-28 10:21:13 | DEBUG    | app.main             | log_requests         | [1021134030] GET /api/signals/sse/stream
2025-12-28 10:21:13 | INFO     | app.main             | log_requests         | [1021134030] ✗ GET /api/signals/sse/stream - 404 (2ms)
2025-12-28 10:21:19 | DEBUG    | app.main             | log_requests         | [1021197048] GET /api/signals/sse/stream
2025-12-28 10:21:19 | INFO     | app.main             | log_requests         | [1021197048] ✗ GET /api/signals/sse/stream - 404 (1ms)
2025-12-28 10:21:25 | DEBUG    | app.main             | log_requests         | [1021254033] GET /api/signals/sse/stream
2025-12-28 10:21:25 | INFO     | app.main             | log_requests         | [1021254033] ✗ GET /api/signals/sse/stream - 404 (0ms)
2025-12-28 10:21:31 | DEBUG    | app.main             | log_requests         | [1021317039] GET /api/signals/sse/stream
2025-12-28 10:21:31 | INFO     | app.main             | log_requests         | [1021317039] ✗ GET /api/signals/sse/stream - 404 (0ms)
2025-12-28 10:21:37 | DEBUG    | app.main             | log_requests         | [1021374029] GET /api/signals/sse/stream
2025-12-28 10:21:37 | INFO     | app.main             | log_requests         | [1021374029] ✗ GET /api/signals/sse/stream - 404 (0ms)
2025-12-28 10:21:43 | DEBUG    | app.main             | log_requests         | [1021437028] GET /api/signals/sse/stream
2025-12-28 10:21:43 | INFO     | app.main             | log_requests         | [1021437028] ✗ GET /api/signals/sse/stream - 404 (1ms)
2025-12-28 10:21:49 | DEBUG    | app.main             | log_requests         | [1021494018] GET /api/signals/sse/stream
2025-12-28 10:21:49 | INFO     | app.main             | log_requests         | [1021494018] ✗ GET /api/signals/sse/stream - 404 (1ms)
2025-12-28 10:21:52 | DEBUG    | app.main             | log_requests         | [1021527040] GET /api/indicator/cache-stats
2025-12-28 10:21:52 | INFO     | app.main             | log_requests         | [1021527040] ✔ GET /api/indicator/cache-stats - 200 (0ms)
2025-12-28 10:21:55 | DEBUG    | app.main             | log_requests         | [1021554035] GET /api/signals/sse/stream
2025-12-28 10:21:55 | INFO     | app.main             | log_requests         | [1021554035] ✗ GET /api/signals/sse/stream - 404 (1ms)
2025-12-28 10:22:01 | DEBUG    | app.main             | log_requests         | [1022017041] GET /api/signals/sse/stream
2025-12-28 10:22:01 | INFO     | app.main             | log_requests         | [1022017041] ✗ GET /api/signals/sse/stream - 404 (1ms)
2025-12-28 10:22:07 | DEBUG    | app.main             | log_requests         | [1022074044] GET /api/signals/sse/stream
2025-12-28 10:22:07 | INFO     | app.main             | log_requests         | [1022074044] ✗ GET /api/signals/sse/stream - 404 (1ms)
2025-12-28 10:22:13 | DEBUG    | app.main             | log_requests         | [1022137029] GET /api/signals/sse/stream
2025-12-28 10:22:13 | INFO     | app.main             | log_requests         | [1022137029] ✗ GET /api/signals/sse/stream - 404 (0ms)
2025-12-28 10:22:19 | DEBUG    | app.main             | log_requests         | [1022194024] GET /api/signals/sse/stream
2025-12-28 10:22:19 | INFO     | app.main             | log_requests         | [1022194024] ✗ GET /api/signals/sse/stream - 404 (0ms)
2025-12-28 10:22:25 | DEBUG    | app.main             | log_requests         | [1022257059] GET /api/signals/sse/stream
2025-12-28 10:22:25 | INFO     | app.main             | log_requests         | [1022257059] ✗ GET /api/signals/sse/stream - 404 (0ms)
2025-12-28 10:22:31 | DEBUG    | app.main             | log_requests         | [1022314031] GET /api/signals/sse/stream
2025-12-28 10:22:31 | INFO     | app.main             | log_requests         | [1022314031] ✗ GET /api/signals/sse/stream - 404 (1ms)
2025-12-28 10:22:37 | DEBUG    | app.main             | log_requests         | [1022377061] GET /api/signals/sse/stream
2025-12-28 10:22:37 | INFO     | app.main             | log_requests         | [1022377061] ✗ GET /api/signals/sse/stream - 404 (1ms)
2025-12-28 10:22:43 | DEBUG    | app.main             | log_requests         | [1022434038] GET /api/signals/sse/stream
2025-12-28 10:22:43 | INFO     | app.main             | log_requests         | [1022434038] ✗ GET /api/signals/sse/stream - 404 (1ms)
2025-12-28 10:22:49 | DEBUG    | app.main             | log_requests         | [1022497039] GET /api/signals/sse/stream
2025-12-28 10:22:49 | INFO     | app.main             | log_requests         | [1022497039] ✗ GET /api/signals/sse/stream - 404 (1ms)
2025-12-28 10:22:52 | DEBUG    | app.main             | log_requests         | [1022524039] GET /api/indicator/cache-stats
2025-12-28 10:22:52 | INFO     | app.main             | log_requests         | [1022524039] ✔ GET /api/indicator/cache-stats - 200 (0ms)
2025-12-28 10:22:55 | DEBUG    | app.main             | log_requests         | [1022557041] GET /api/signals/sse/stream
2025-12-28 10:22:55 | INFO     | app.main             | log_requests         | [1022557041] ✗ GET /api/signals/sse/stream - 404 (0ms)
2025-12-28 10:23:01 | DEBUG    | app.main             | log_requests         | [1023014029] GET /api/signals/sse/stream
2025-12-28 10:23:01 | INFO     | app.main             | log_requests         | [1023014029] ✗ GET /api/signals/sse/stream - 404 (1ms)
2025-12-28 10:23:07 | DEBUG    | app.main             | log_requests         | [1023077053] GET /api/signals/sse/stream
2025-12-28 10:23:07 | INFO     | app.main             | log_requests         | [1023077053] ✗ GET /api/signals/sse/stream - 404 (0ms)
2025-12-28 10:23:13 | DEBUG    | app.main             | log_requests         | [1023134020] GET /api/signals/sse/stream
2025-12-28 10:23:13 | INFO     | app.main             | log_requests         | [1023134020] ✗ GET /api/signals/sse/stream - 404 (1ms)
2025-12-28 10:23:19 | DEBUG    | app.main             | log_requests         | [1023197050] GET /api/signals/sse/stream
2025-12-28 10:23:19 | INFO     | app.main             | log_requests         | [1023197050] ✗ GET /api/signals/sse/stream - 404 (1ms)
2025-12-28 10:23:25 | DEBUG    | app.main             | log_requests         | [1023254030] GET /api/signals/sse/stream
2025-12-28 10:23:25 | INFO     | app.main             | log_requests         | [1023254030] ✗ GET /api/signals/sse/stream - 404 (1ms)
2025-12-28 10:23:31 | DEBUG    | app.main             | log_requests         | [1023317053] GET /api/signals/sse/stream
2025-12-28 10:23:31 | INFO     | app.main             | log_requests         | [1023317053] ✗ GET /api/signals/sse/stream - 404 (0ms)
2025-12-28 10:23:36 | DEBUG    | app.main             | log_requests         | [1023364313] GET /
2025-12-28 10:23:36 | INFO     | app.main             | log_requests         | [1023364313] ✔ GET / - 200 (1ms)
2025-12-28 10:23:37 | DEBUG    | app.main             | log_requests         | [1023374029] GET /api/signals/sse/stream
2025-12-28 10:23:37 | INFO     | app.main             | log_requests         | [1023374029] ✗ GET /api/signals/sse/stream - 404 (1ms)
2025-12-28 10:23:43 | DEBUG    | app.main             | log_requests         | [1023437058] GET /api/signals/sse/stream
2025-12-28 10:23:43 | INFO     | app.main             | log_requests         | [1023437058] ✗ GET /api/signals/sse/stream - 404 (1ms)
2025-12-28 10:23:49 | DEBUG    | app.main             | log_requests         | [1023494028] GET /api/signals/sse/stream
2025-12-28 10:23:49 | INFO     | app.main             | log_requests         | [1023494028] ✗ GET /api/signals/sse/stream - 404 (1ms)
2025-12-28 10:23:52 | DEBUG    | app.main             | log_requests         | [1023527057] GET /api/indicator/cache-stats
2025-12-28 10:23:52 | INFO     | app.main             | log_requests         | [1023527057] ✔ GET /api/indicator/cache-stats - 200 (1ms)
2025-12-28 10:23:55 | DEBUG    | app.main             | log_requests         | [1023554027] GET /api/signals/sse/stream
2025-12-28 10:23:55 | INFO     | app.main             | log_requests         | [1023554027] ✗ GET /api/signals/sse/stream - 404 (0ms)
2025-12-28 10:24:01 | DEBUG    | app.main             | log_requests         | [1024017043] GET /api/signals/sse/stream
2025-12-28 10:24:01 | INFO     | app.main             | log_requests         | [1024017043] ✗ GET /api/signals/sse/stream - 404 (1ms)
2025-12-28 10:24:07 | DEBUG    | app.main             | log_requests         | [1024074023] GET /api/signals/sse/stream
2025-12-28 10:24:07 | INFO     | app.main             | log_requests         | [1024074023] ✗ GET /api/signals/sse/stream - 404 (1ms)
2025-12-28 10:24:13 | DEBUG    | app.main             | log_requests         | [1024137055] GET /api/signals/sse/stream
2025-12-28 10:24:13 | INFO     | app.main             | log_requests         | [1024137055] ✗ GET /api/signals/sse/stream - 404 (1ms)
2025-12-28 10:24:19 | DEBUG    | app.main             | log_requests         | [1024194024] GET /api/signals/sse/stream
2025-12-28 10:24:19 | INFO     | app.main             | log_requests         | [1024194024] ✗ GET /api/signals/sse/stream - 404 (1ms)
2025-12-28 10:24:21 | DEBUG    | app.main             | log_requests         | [1024212794] GET /robots.txt
2025-12-28 10:24:21 | INFO     | app.main             | log_requests         | [1024212794] ✗ GET /robots.txt - 404 (1ms)
2025-12-28 10:24:25 | DEBUG    | app.main             | log_requests         | [1024257045] GET /api/signals/sse/stream
2025-12-28 10:24:25 | INFO     | app.main             | log_requests         | [1024257045] ✗ GET /api/signals/sse/stream - 404 (1ms)
2025-12-28 10:24:29 | DEBUG    | app.main             | log_requests         | [1024294137] GET /ads.txt
2025-12-28 10:24:29 | INFO     | app.main             | log_requests         | [1024294137] ✗ GET /ads.txt - 404 (1ms)
2025-12-28 10:24:31 | DEBUG    | app.main             | log_requests         | [1024314018] GET /api/signals/sse/stream
2025-12-28 10:24:31 | INFO     | app.main             | log_requests         | [1024314018] ✗ GET /api/signals/sse/stream - 404 (1ms)
2025-12-28 10:24:37 | DEBUG    | app.main             | log_requests         | [1024377044] GET /api/signals/sse/stream
2025-12-28 10:24:37 | INFO     | app.main             | log_requests         | [1024377044] ✗ GET /api/signals/sse/stream - 404 (0ms)
2025-12-28 10:24:43 | DEBUG    | app.main             | log_requests         | [1024434023] GET /api/signals/sse/stream
2025-12-28 10:24:43 | INFO     | app.main             | log_requests         | [1024434023] ✗ GET /api/signals/sse/stream - 404 (0ms)
2025-12-28 10:24:49 | DEBUG    | app.main             | log_requests         | [1024497037] GET /api/signals/sse/stream
2025-12-28 10:24:49 | INFO     | app.main             | log_requests         | [1024497037] ✗ GET /api/signals/sse/stream - 404 (1ms)
2025-12-28 10:24:52 | DEBUG    | app.main             | log_requests         | [1024524035] GET /api/indicator/cache-stats
2025-12-28 10:24:52 | INFO     | app.main             | log_requests         | [1024524035] ✔ GET /api/indicator/cache-stats - 200 (0ms)
2025-12-28 10:24:55 | DEBUG    | app.main             | log_requests         | [1024557030] GET /api/signals/sse/stream
2025-12-28 10:24:55 | INFO     | app.main             | log_requests         | [1024557030] ✗ GET /api/signals/sse/stream - 404 (1ms)
2025-12-28 10:25:01 | DEBUG    | app.main             | log_requests         | [1025014026] GET /api/signals/sse/stream
2025-12-28 10:25:01 | INFO     | app.main             | log_requests         | [1025014026] ✗ GET /api/signals/sse/stream - 404 (0ms)
2025-12-28 10:25:07 | DEBUG    | app.main             | log_requests         | [1025077064] GET /api/signals/sse/stream
2025-12-28 10:25:07 | INFO     | app.main             | log_requests         | [1025077064] ✗ GET /api/signals/sse/stream - 404 (1ms)
2025-12-28 10:25:13 | DEBUG    | app.main             | log_requests         | [1025134017] GET /api/signals/sse/stream
2025-12-28 10:25:13 | INFO     | app.main             | log_requests         | [1025134017] ✗ GET /api/signals/sse/stream - 404 (1ms)
2025-12-28 10:25:19 | DEBUG    | app.main             | log_requests         | [1025197042] GET /api/signals/sse/stream
2025-12-28 10:25:19 | INFO     | app.main             | log_requests         | [1025197042] ✗ GET /api/signals/sse/stream - 404 (1ms)
2025-12-28 10:25:25 | DEBUG    | app.main             | log_requests         | [1025254033] GET /api/signals/sse/stream
2025-12-28 10:25:25 | INFO     | app.main             | log_requests         | [1025254033] ✗ GET /api/signals/sse/stream - 404 (1ms)
2025-12-28 10:25:31 | DEBUG    | app.main             | log_requests         | [1025317041] GET /api/signals/sse/stream
2025-12-28 10:25:31 | INFO     | app.main             | log_requests         | [1025317041] ✗ GET /api/signals/sse/stream - 404 (0ms)
2025-12-28 10:25:37 | DEBUG    | app.main             | log_requests         | [1025374027] GET /api/signals/sse/stream
2025-12-28 10:25:37 | INFO     | app.main             | log_requests         | [1025374027] ✗ GET /api/signals/sse/stream - 404 (0ms)
2025-12-28 10:25:43 | DEBUG    | app.main             | log_requests         | [1025437037] GET /api/signals/sse/stream
2025-12-28 10:25:43 | INFO     | app.main             | log_requests         | [1025437037] ✗ GET /api/signals/sse/stream - 404 (0ms)
2025-12-28 10:25:49 | DEBUG    | app.main             | log_requests         | [1025494024] GET /api/signals/sse/stream
2025-12-28 10:25:49 | INFO     | app.main             | log_requests         | [1025494024] ✗ GET /api/signals/sse/stream - 404 (1ms)
2025-12-28 10:25:52 | DEBUG    | app.main             | log_requests         | [1025527048] GET /api/indicator/cache-stats
2025-12-28 10:25:52 | INFO     | app.main             | log_requests         | [1025527048] ✔ GET /api/indicator/cache-stats - 200 (1ms)
2025-12-28 10:25:55 | DEBUG    | app.main             | log_requests         | [1025554034] GET /api/signals/sse/stream
2025-12-28 10:25:55 | INFO     | app.main             | log_requests         | [1025554034] ✗ GET /api/signals/sse/stream - 404 (1ms)
2025-12-28 10:26:01 | DEBUG    | app.main             | log_requests         | [1026017036] GET /api/signals/sse/stream
2025-12-28 10:26:01 | INFO     | app.main             | log_requests         | [1026017036] ✗ GET /api/signals/sse/stream - 404 (1ms)
2025-12-28 10:26:07 | DEBUG    | app.main             | log_requests         | [1026074030] GET /api/signals/sse/stream
2025-12-28 10:26:07 | INFO     | app.main             | log_requests         | [1026074030] ✗ GET /api/signals/sse/stream - 404 (0ms)
2025-12-28 10:26:13 | DEBUG    | app.main             | log_requests         | [1026137035] GET /api/signals/sse/stream
2025-12-28 10:26:13 | INFO     | app.main             | log_requests         | [1026137035] ✗ GET /api/signals/sse/stream - 404 (0ms)
2025-12-28 10:26:19 | DEBUG    | app.main             | log_requests         | [1026194023] GET /api/signals/sse/stream
2025-12-28 10:26:19 | INFO     | app.main             | log_requests         | [1026194023] ✗ GET /api/signals/sse/stream - 404 (1ms)
2025-12-28 10:26:25 | DEBUG    | app.main             | log_requests         | [1026257037] GET /api/signals/sse/stream
2025-12-28 10:26:25 | INFO     | app.main             | log_requests         | [1026257037] ✗ GET /api/signals/sse/stream - 404 (1ms)
2025-12-28 10:26:31 | DEBUG    | app.main             | log_requests         | [1026314024] GET /api/signals/sse/stream
2025-12-28 10:26:31 | INFO     | app.main             | log_requests         | [1026314024] ✗ GET /api/signals/sse/stream - 404 (1ms)
2025-12-28 10:26:37 | DEBUG    | app.main             | log_requests         | [1026377032] GET /api/signals/sse/stream
2025-12-28 10:26:37 | INFO     | app.main             | log_requests         | [1026377032] ✗ GET /api/signals/sse/stream - 404 (1ms)
2025-12-28 10:26:43 | DEBUG    | app.main             | log_requests         | [1026434028] GET /api/signals/sse/stream
2025-12-28 10:26:43 | INFO     | app.main             | log_requests         | [1026434028] ✗ GET /api/signals/sse/stream - 404 (0ms)
2025-12-28 10:26:49 | DEBUG    | app.main             | log_requests         | [1026497021] GET /api/signals/sse/stream
2025-12-28 10:26:49 | INFO     | app.main             | log_requests         | [1026497021] ✗ GET /api/signals/sse/stream - 404 (1ms)
2025-12-28 10:26:52 | DEBUG    | app.main             | log_requests         | [1026524034] GET /api/indicator/cache-stats
2025-12-28 10:26:52 | INFO     | app.main             | log_requests         | [1026524034] ✔ GET /api/indicator/cache-stats - 200 (1ms)
2025-12-28 10:26:55 | DEBUG    | app.main             | log_requests         | [1026557034] GET /api/signals/sse/stream
2025-12-28 10:26:55 | INFO     | app.main             | log_requests         | [1026557034] ✗ GET /api/signals/sse/stream - 404 (1ms)
2025-12-28 10:27:01 | DEBUG    | app.main             | log_requests         | [1027014032] GET /api/signals/sse/stream
2025-12-28 10:27:01 | INFO     | app.main             | log_requests         | [1027014032] ✗ GET /api/signals/sse/stream - 404 (1ms)
2025-12-28 10:27:07 | DEBUG    | app.main             | log_requests         | [1027077048] GET /api/signals/sse/stream
2025-12-28 10:27:07 | INFO     | app.main             | log_requests         | [1027077048] ✗ GET /api/signals/sse/stream - 404 (1ms)
2025-12-28 10:27:13 | DEBUG    | app.main             | log_requests         | [1027134033] GET /api/signals/sse/stream
2025-12-28 10:27:13 | INFO     | app.main             | log_requests         | [1027134033] ✗ GET /api/signals/sse/stream - 404 (1ms)
2025-12-28 10:27:19 | DEBUG    | app.main             | log_requests         | [1027197050] GET /api/signals/sse/stream
2025-12-28 10:27:19 | INFO     | app.main             | log_requests         | [1027197050] ✗ GET /api/signals/sse/stream - 404 (0ms)
2025-12-28 10:27:25 | DEBUG    | app.main             | log_requests         | [1027254022] GET /api/signals/sse/stream
2025-12-28 10:27:25 | INFO     | app.main             | log_requests         | [1027254022] ✗ GET /api/signals/sse/stream - 404 (1ms)
2025-12-28 10:27:31 | DEBUG    | app.main             | log_requests         | [1027317019] GET /api/signals/sse/stream
2025-12-28 10:27:31 | INFO     | app.main             | log_requests         | [1027317019] ✗ GET /api/signals/sse/stream - 404 (1ms)
2025-12-28 10:27:37 | DEBUG    | app.main             | log_requests         | [1027374021] GET /api/signals/sse/stream
2025-12-28 10:27:37 | INFO     | app.main             | log_requests         | [1027374021] ✗ GET /api/signals/sse/stream - 404 (0ms)
2025-12-28 10:27:43 | DEBUG    | app.main             | log_requests         | [1027437041] GET /api/signals/sse/stream
2025-12-28 10:27:43 | INFO     | app.main             | log_requests         | [1027437041] ✗ GET /api/signals/sse/stream - 404 (1ms)
2025-12-28 10:27:49 | DEBUG    | app.main             | log_requests         | [1027494034] GET /api/signals/sse/stream
2025-12-28 10:27:49 | INFO     | app.main             | log_requests         | [1027494034] ✗ GET /api/signals/sse/stream - 404 (1ms)
2025-12-28 10:27:52 | DEBUG    | app.main             | log_requests         | [1027527038] GET /api/indicator/cache-stats
2025-12-28 10:27:52 | INFO     | app.main             | log_requests         | [1027527038] ✔ GET /api/indicator/cache-stats - 200 (0ms)
2025-12-28 10:27:55 | DEBUG    | app.main             | log_requests         | [1027554025] GET /api/signals/sse/stream
2025-12-28 10:27:55 | INFO     | app.main             | log_requests         | [1027554025] ✗ GET /api/signals/sse/stream - 404 (0ms)
2025-12-28 10:28:01 | DEBUG    | app.main             | log_requests         | [1028017055] GET /api/signals/sse/stream
2025-12-28 10:28:01 | INFO     | app.main             | log_requests         | [1028017055] ✗ GET /api/signals/sse/stream - 404 (0ms)
2025-12-28 10:28:07 | DEBUG    | app.main             | log_requests         | [1028074016] GET /api/signals/sse/stream
2025-12-28 10:28:07 | INFO     | app.main             | log_requests         | [1028074016] ✗ GET /api/signals/sse/stream - 404 (0ms)
2025-12-28 10:28:13 | DEBUG    | app.main             | log_requests         | [1028137031] GET /api/signals/sse/stream
2025-12-28 10:28:13 | INFO     | app.main             | log_requests         | [1028137031] ✗ GET /api/signals/sse/stream - 404 (1ms)
2025-12-28 10:28:19 | DEBUG    | app.main             | log_requests         | [1028194035] GET /api/signals/sse/stream
2025-12-28 10:28:19 | INFO     | app.main             | log_requests         | [1028194035] ✗ GET /api/signals/sse/stream - 404 (1ms)
2025-12-28 10:28:25 | DEBUG    | app.main             | log_requests         | [1028257037] GET /api/signals/sse/stream
2025-12-28 10:28:25 | INFO     | app.main             | log_requests         | [1028257037] ✗ GET /api/signals/sse/stream - 404 (0ms)
2025-12-28 10:28:31 | DEBUG    | app.main             | log_requests         | [1028314027] GET /api/signals/sse/stream
2025-12-28 10:28:31 | INFO     | app.main             | log_requests         | [1028314027] ✗ GET /api/signals/sse/stream - 404 (1ms)
2025-12-28 10:28:37 | DEBUG    | app.main             | log_requests         | [1028377050] GET /api/signals/sse/stream
2025-12-28 10:28:37 | INFO     | app.main             | log_requests         | [1028377050] ✗ GET /api/signals/sse/stream - 404 (0ms)
2025-12-28 10:28:43 | DEBUG    | app.main             | log_requests         | [1028434032] GET /api/signals/sse/stream
2025-12-28 10:28:43 | INFO     | app.main             | log_requests         | [1028434032] ✗ GET /api/signals/sse/stream - 404 (1ms)
2025-12-28 10:28:49 | DEBUG    | app.main             | log_requests         | [1028497034] GET /api/signals/sse/stream
2025-12-28 10:28:49 | INFO     | app.main             | log_requests         | [1028497034] ✗ GET /api/signals/sse/stream - 404 (1ms)
2025-12-28 10:28:52 | DEBUG    | app.main             | log_requests         | [1028524038] GET /api/indicator/cache-stats
2025-12-28 10:28:52 | INFO     | app.main             | log_requests         | [1028524038] ✔ GET /api/indicator/cache-stats - 200 (1ms)
2025-12-28 10:28:55 | DEBUG    | app.main             | log_requests         | [1028557033] GET /api/signals/sse/stream
2025-12-28 10:28:55 | INFO     | app.main             | log_requests         | [1028557033] ✗ GET /api/signals/sse/stream - 404 (0ms)
2025-12-28 10:29:01 | DEBUG    | app.main             | log_requests         | [1029014029] GET /api/signals/sse/stream
2025-12-28 10:29:01 | INFO     | app.main             | log_requests         | [1029014029] ✗ GET /api/signals/sse/stream - 404 (0ms)
2025-12-28 10:29:07 | DEBUG    | app.main             | log_requests         | [1029077045] GET /api/signals/sse/stream
2025-12-28 10:29:07 | INFO     | app.main             | log_requests         | [1029077045] ✗ GET /api/signals/sse/stream - 404 (1ms)
2025-12-28 10:29:13 | DEBUG    | app.main             | log_requests         | [1029134023] GET /api/signals/sse/stream
2025-12-28 10:29:13 | INFO     | app.main             | log_requests         | [1029134023] ✗ GET /api/signals/sse/stream - 404 (1ms)
2025-12-28 10:29:19 | DEBUG    | app.main             | log_requests         | [1029197039] GET /api/signals/sse/stream
2025-12-28 10:29:19 | INFO     | app.main             | log_requests         | [1029197039] ✗ GET /api/signals/sse/stream - 404 (0ms)
2025-12-28 10:29:25 | DEBUG    | app.main             | log_requests         | [1029254016] GET /api/signals/sse/stream
2025-12-28 10:29:25 | INFO     | app.main             | log_requests         | [1029254016] ✗ GET /api/signals/sse/stream - 404 (1ms)
2025-12-28 10:29:31 | DEBUG    | app.main             | log_requests         | [1029317061] GET /api/signals/sse/stream
2025-12-28 10:29:31 | INFO     | app.main             | log_requests         | [1029317061] ✗ GET /api/signals/sse/stream - 404 (1ms)
2025-12-28 10:29:36 | DEBUG    | app.main             | log_requests         | [1029361281] GET /
2025-12-28 10:29:36 | INFO     | app.main             | log_requests         | [1029361281] ✔ GET / - 200 (2ms)
2025-12-28 10:29:37 | DEBUG    | app.main             | log_requests         | [1029374030] GET /api/signals/sse/stream
2025-12-28 10:29:37 | INFO     | app.main             | log_requests         | [1029374030] ✗ GET /api/signals/sse/stream - 404 (1ms)
2025-12-28 10:29:43 | DEBUG    | app.main             | log_requests         | [1029437035] GET /api/signals/sse/stream
2025-12-28 10:29:43 | INFO     | app.main             | log_requests         | [1029437035] ✗ GET /api/signals/sse/stream - 404 (1ms)
2025-12-28 10:29:49 | DEBUG    | app.main             | log_requests         | [1029494026] GET /api/signals/sse/stream
2025-12-28 10:29:49 | INFO     | app.main             | log_requests         | [1029494026] ✗ GET /api/signals/sse/stream - 404 (1ms)
2025-12-28 10:29:52 | DEBUG    | app.main             | log_requests         | [1029527046] GET /api/indicator/cache-stats
2025-12-28 10:29:52 | INFO     | app.main             | log_requests         | [1029527046] ✔ GET /api/indicator/cache-stats - 200 (1ms)
2025-12-28 10:29:55 | DEBUG    | app.main             | log_requests         | [1029554038] GET /api/signals/sse/stream
2025-12-28 10:29:55 | INFO     | app.main             | log_requests         | [1029554038] ✗ GET /api/signals/sse/stream - 404 (1ms)
2025-12-28 10:30:01 | DEBUG    | app.main             | log_requests         | [1030017043] GET /api/signals/sse/stream
2025-12-28 10:30:01 | INFO     | app.main             | log_requests         | [1030017043] ✗ GET /api/signals/sse/stream - 404 (0ms)
2025-12-28 10:30:07 | DEBUG    | app.main             | log_requests         | [1030074018] GET /api/signals/sse/stream
2025-12-28 10:30:07 | INFO     | app.main             | log_requests         | [1030074018] ✗ GET /api/signals/sse/stream - 404 (1ms)
2025-12-28 10:30:13 | DEBUG    | app.main             | log_requests         | [1030137038] GET /api/signals/sse/stream
2025-12-28 10:30:13 | INFO     | app.main             | log_requests         | [1030137038] ✗ GET /api/signals/sse/stream - 404 (0ms)
2025-12-28 10:30:19 | DEBUG    | app.main             | log_requests         | [1030194043] GET /api/signals/sse/stream
2025-12-28 10:30:19 | INFO     | app.main             | log_requests         | [1030194043] ✗ GET /api/signals/sse/stream - 404 (0ms)
2025-12-28 10:30:25 | DEBUG    | app.main             | log_requests         | [1030257039] GET /api/signals/sse/stream
2025-12-28 10:30:25 | INFO     | app.main             | log_requests         | [1030257039] ✗ GET /api/signals/sse/stream - 404 (1ms)
2025-12-28 10:30:31 | DEBUG    | app.main             | log_requests         | [1030314024] GET /api/signals/sse/stream
2025-12-28 10:30:31 | INFO     | app.main             | log_requests         | [1030314024] ✗ GET /api/signals/sse/stream - 404 (1ms)
2025-12-28 10:30:37 | DEBUG    | app.main             | log_requests         | [1030377040] GET /api/signals/sse/stream
2025-12-28 10:30:37 | INFO     | app.main             | log_requests         | [1030377040] ✗ GET /api/signals/sse/stream - 404 (1ms)
2025-12-28 10:30:43 | DEBUG    | app.main             | log_requests         | [1030434018] GET /api/signals/sse/stream
2025-12-28 10:30:43 | INFO     | app.main             | log_requests         | [1030434018] ✗ GET /api/signals/sse/stream - 404 (0ms)
2025-12-28 10:30:49 | DEBUG    | app.main             | log_requests         | [1030497042] GET /api/signals/sse/stream
2025-12-28 10:30:49 | INFO     | app.main             | log_requests         | [1030497042] ✗ GET /api/signals/sse/stream - 404 (1ms)
2025-12-28 10:30:52 | DEBUG    | app.main             | log_requests         | [1030524034] GET /api/indicator/cache-stats
2025-12-28 10:30:52 | INFO     | app.main             | log_requests         | [1030524034] ✔ GET /api/indicator/cache-stats - 200 (0ms)
2025-12-28 10:30:55 | DEBUG    | app.main             | log_requests         | [1030557031] GET /api/signals/sse/stream
2025-12-28 10:30:55 | INFO     | app.main             | log_requests         | [1030557031] ✗ GET /api/signals/sse/stream - 404 (1ms)
2025-12-28 10:31:01 | DEBUG    | app.main             | log_requests         | [1031014024] GET /api/signals/sse/stream
2025-12-28 10:31:01 | INFO     | app.main             | log_requests         | [1031014024] ✗ GET /api/signals/sse/stream - 404 (1ms)
2025-12-28 10:31:07 | DEBUG    | app.main             | log_requests         | [1031077036] GET /api/signals/sse/stream
2025-12-28 10:31:07 | INFO     | app.main             | log_requests         | [1031077036] ✗ GET /api/signals/sse/stream - 404 (1ms)
2025-12-28 10:31:13 | DEBUG    | app.main             | log_requests         | [1031134030] GET /api/signals/sse/stream
2025-12-28 10:31:13 | INFO     | app.main             | log_requests         | [1031134030] ✗ GET /api/signals/sse/stream - 404 (1ms)
2025-12-28 10:31:19 | DEBUG    | app.main             | log_requests         | [1031197049] GET /api/signals/sse/stream
2025-12-28 10:31:19 | INFO     | app.main             | log_requests         | [1031197049] ✗ GET /api/signals/sse/stream - 404 (0ms)
2025-12-28 10:31:25 | DEBUG    | app.main             | log_requests         | [1031254038] GET /api/signals/sse/stream
2025-12-28 10:31:25 | INFO     | app.main             | log_requests         | [1031254038] ✗ GET /api/signals/sse/stream - 404 (1ms)
2025-12-28 10:31:31 | DEBUG    | app.main             | log_requests         | [1031317044] GET /api/signals/sse/stream
2025-12-28 10:31:31 | INFO     | app.main             | log_requests         | [1031317044] ✗ GET /api/signals/sse/stream - 404 (0ms)
2025-12-28 10:31:37 | DEBUG    | app.main             | log_requests         | [1031374028] GET /api/signals/sse/stream
2025-12-28 10:31:37 | INFO     | app.main             | log_requests         | [1031374028] ✗ GET /api/signals/sse/stream - 404 (0ms)
2025-12-28 10:31:43 | DEBUG    | app.main             | log_requests         | [1031437049] GET /api/signals/sse/stream
2025-12-28 10:31:43 | INFO     | app.main             | log_requests         | [1031437049] ✗ GET /api/signals/sse/stream - 404 (1ms)
2025-12-28 10:31:49 | DEBUG    | app.main             | log_requests         | [1031494027] GET /api/signals/sse/stream
2025-12-28 10:31:49 | INFO     | app.main             | log_requests         | [1031494027] ✗ GET /api/signals/sse/stream - 404 (0ms)
2025-12-28 10:31:52 | DEBUG    | app.main             | log_requests         | [1031527143] GET /api/indicator/cache-stats
2025-12-28 10:31:52 | INFO     | app.main             | log_requests         | [1031527143] ✔ GET /api/indicator/cache-stats - 200 (0ms)
2025-12-28 10:31:55 | DEBUG    | app.main             | log_requests         | [1031554043] GET /api/signals/sse/stream
2025-12-28 10:31:55 | INFO     | app.main             | log_requests         | [1031554043] ✗ GET /api/signals/sse/stream - 404 (1ms)
2025-12-28 10:32:01 | DEBUG    | app.main             | log_requests         | [1032017046] GET /api/signals/sse/stream
2025-12-28 10:32:01 | INFO     | app.main             | log_requests         | [1032017046] ✗ GET /api/signals/sse/stream - 404 (2ms)
2025-12-28 10:32:07 | DEBUG    | app.main             | log_requests         | [1032074028] GET /api/signals/sse/stream
2025-12-28 10:32:07 | INFO     | app.main             | log_requests         | [1032074028] ✗ GET /api/signals/sse/stream - 404 (1ms)
2025-12-28 10:32:13 | DEBUG    | app.main             | log_requests         | [1032137028] GET /api/signals/sse/stream
2025-12-28 10:32:13 | INFO     | app.main             | log_requests         | [1032137028] ✗ GET /api/signals/sse/stream - 404 (2ms)
2025-12-28 10:32:19 | DEBUG    | app.main             | log_requests         | [1032194033] GET /api/signals/sse/stream
2025-12-28 10:32:19 | INFO     | app.main             | log_requests         | [1032194033] ✗ GET /api/signals/sse/stream - 404 (1ms)
2025-12-28 10:32:25 | DEBUG    | app.main             | log_requests         | [1032257047] GET /api/signals/sse/stream
2025-12-28 10:32:25 | INFO     | app.main             | log_requests         | [1032257047] ✗ GET /api/signals/sse/stream - 404 (1ms)
2025-12-28 10:32:31 | DEBUG    | app.main             | log_requests         | [1032314023] GET /api/signals/sse/stream
2025-12-28 10:32:31 | INFO     | app.main             | log_requests         | [1032314023] ✗ GET /api/signals/sse/stream - 404 (1ms)
2025-12-28 10:32:37 | DEBUG    | app.main             | log_requests         | [1032377040] GET /api/signals/sse/stream
2025-12-28 10:32:37 | INFO     | app.main             | log_requests         | [1032377040] ✗ GET /api/signals/sse/stream - 404 (1ms)
2025-12-28 10:32:43 | DEBUG    | app.main             | log_requests         | [1032434028] GET /api/signals/sse/stream
2025-12-28 10:32:43 | INFO     | app.main             | log_requests         | [1032434028] ✗ GET /api/signals/sse/stream - 404 (0ms)
2025-12-28 10:32:49 | DEBUG    | app.main             | log_requests         | [1032497035] GET /api/signals/sse/stream
2025-12-28 10:32:49 | INFO     | app.main             | log_requests         | [1032497035] ✗ GET /api/signals/sse/stream - 404 (1ms)
2025-12-28 10:32:52 | DEBUG    | app.main             | log_requests         | [1032524021] GET /api/indicator/cache-stats
2025-12-28 10:32:52 | INFO     | app.main             | log_requests         | [1032524021] ✔ GET /api/indicator/cache-stats - 200 (0ms)
2025-12-28 10:32:55 | DEBUG    | app.main             | log_requests         | [1032557044] GET /api/signals/sse/stream
2025-12-28 10:32:55 | INFO     | app.main             | log_requests         | [1032557044] ✗ GET /api/signals/sse/stream - 404 (0ms)
2025-12-28 10:33:01 | DEBUG    | app.main             | log_requests         | [1033014038] GET /api/signals/sse/stream
2025-12-28 10:33:01 | INFO     | app.main             | log_requests         | [1033014038] ✗ GET /api/signals/sse/stream - 404 (0ms)
2025-12-28 10:33:07 | DEBUG    | app.main             | log_requests         | [1033077032] GET /api/signals/sse/stream
2025-12-28 10:33:07 | INFO     | app.main             | log_requests         | [1033077032] ✗ GET /api/signals/sse/stream - 404 (1ms)
2025-12-28 10:33:13 | DEBUG    | app.main             | log_requests         | [1033134029] GET /api/signals/sse/stream
2025-12-28 10:33:13 | INFO     | app.main             | log_requests         | [1033134029] ✗ GET /api/signals/sse/stream - 404 (0ms)
2025-12-28 10:33:19 | DEBUG    | app.main             | log_requests         | [1033197026] GET /api/signals/sse/stream
2025-12-28 10:33:19 | INFO     | app.main             | log_requests         | [1033197026] ✗ GET /api/signals/sse/stream - 404 (0ms)
2025-12-28 10:33:25 | DEBUG    | app.main             | log_requests         | [1033254045] GET /api/signals/sse/stream
2025-12-28 10:33:25 | INFO     | app.main             | log_requests         | [1033254045] ✗ GET /api/signals/sse/stream - 404 (2ms)
2025-12-28 10:33:31 | DEBUG    | app.main             | log_requests         | [1033317038] GET /api/signals/sse/stream
2025-12-28 10:33:31 | INFO     | app.main             | log_requests         | [1033317038] ✗ GET /api/signals/sse/stream - 404 (1ms)
2025-12-28 10:33:37 | DEBUG    | app.main             | log_requests         | [1033374026] GET /api/signals/sse/stream
2025-12-28 10:33:37 | INFO     | app.main             | log_requests         | [1033374026] ✗ GET /api/signals/sse/stream - 404 (0ms)
2025-12-28 10:33:43 | DEBUG    | app.main             | log_requests         | [1033437047] GET /api/signals/sse/stream
2025-12-28 10:33:43 | INFO     | app.main             | log_requests         | [1033437047] ✗ GET /api/signals/sse/stream - 404 (1ms)
2025-12-28 10:33:49 | DEBUG    | app.main             | log_requests         | [1033494029] GET /api/signals/sse/stream
2025-12-28 10:33:49 | INFO     | app.main             | log_requests         | [1033494029] ✗ GET /api/signals/sse/stream - 404 (1ms)
2025-12-28 10:33:52 | DEBUG    | app.main             | log_requests         | [1033527038] GET /api/indicator/cache-stats
2025-12-28 10:33:52 | INFO     | app.main             | log_requests         | [1033527038] ✔ GET /api/indicator/cache-stats - 200 (1ms)
2025-12-28 10:33:55 | DEBUG    | app.main             | log_requests         | [1033554021] GET /api/signals/sse/stream
2025-12-28 10:33:55 | INFO     | app.main             | log_requests         | [1033554021] ✗ GET /api/signals/sse/stream - 404 (2ms)
2025-12-28 10:34:01 | DEBUG    | app.main             | log_requests         | [1034017043] GET /api/signals/sse/stream
2025-12-28 10:34:01 | INFO     | app.main             | log_requests         | [1034017043] ✗ GET /api/signals/sse/stream - 404 (1ms)
2025-12-28 10:34:07 | DEBUG    | app.main             | log_requests         | [1034074030] GET /api/signals/sse/stream
2025-12-28 10:34:07 | INFO     | app.main             | log_requests         | [1034074030] ✗ GET /api/signals/sse/stream - 404 (1ms)
2025-12-28 10:34:13 | DEBUG    | app.main             | log_requests         | [1034137038] GET /api/signals/sse/stream
2025-12-28 10:34:13 | INFO     | app.main             | log_requests         | [1034137038] ✗ GET /api/signals/sse/stream - 404 (1ms)
2025-12-28 10:34:19 | DEBUG    | app.main             | log_requests         | [1034194028] GET /api/signals/sse/stream
2025-12-28 10:34:19 | INFO     | app.main             | log_requests         | [1034194028] ✗ GET /api/signals/sse/stream - 404 (1ms)
2025-12-28 10:34:25 | DEBUG    | app.main             | log_requests         | [1034257036] GET /api/signals/sse/stream
2025-12-28 10:34:25 | INFO     | app.main             | log_requests         | [1034257036] ✗ GET /api/signals/sse/stream - 404 (0ms)
2025-12-28 10:34:31 | DEBUG    | app.main             | log_requests         | [1034314036] GET /api/signals/sse/stream
2025-12-28 10:34:31 | INFO     | app.main             | log_requests         | [1034314036] ✗ GET /api/signals/sse/stream - 404 (1ms)
2025-12-28 10:34:37 | DEBUG    | app.main             | log_requests         | [1034377037] GET /api/signals/sse/stream
2025-12-28 10:34:37 | INFO     | app.main             | log_requests         | [1034377037] ✗ GET /api/signals/sse/stream - 404 (1ms)
2025-12-28 10:34:43 | DEBUG    | app.main             | log_requests         | [1034434043] GET /api/signals/sse/stream
2025-12-28 10:34:43 | INFO     | app.main             | log_requests         | [1034434043] ✗ GET /api/signals/sse/stream - 404 (1ms)
2025-12-28 10:34:49 | DEBUG    | app.main             | log_requests         | [1034497032] GET /api/signals/sse/stream
2025-12-28 10:34:49 | INFO     | app.main             | log_requests         | [1034497032] ✗ GET /api/signals/sse/stream - 404 (1ms)
2025-12-28 10:34:52 | DEBUG    | app.main             | log_requests         | [1034524037] GET /api/indicator/cache-stats
2025-12-28 10:34:52 | INFO     | app.main             | log_requests         | [1034524037] ✔ GET /api/indicator/cache-stats - 200 (1ms)
2025-12-28 10:34:55 | DEBUG    | app.main             | log_requests         | [1034557047] GET /api/signals/sse/stream
2025-12-28 10:34:55 | INFO     | app.main             | log_requests         | [1034557047] ✗ GET /api/signals/sse/stream - 404 (0ms)
2025-12-28 10:35:01 | DEBUG    | app.main             | log_requests         | [1035014024] GET /api/signals/sse/stream
2025-12-28 10:35:01 | INFO     | app.main             | log_requests         | [1035014024] ✗ GET /api/signals/sse/stream - 404 (2ms)
2025-12-28 10:35:07 | DEBUG    | app.main             | log_requests         | [1035077059] GET /api/signals/sse/stream
2025-12-28 10:35:07 | INFO     | app.main             | log_requests         | [1035077059] ✗ GET /api/signals/sse/stream - 404 (0ms)
2025-12-28 10:35:13 | DEBUG    | app.main             | log_requests         | [1035134026] GET /api/signals/sse/stream
2025-12-28 10:35:13 | INFO     | app.main             | log_requests         | [1035134026] ✗ GET /api/signals/sse/stream - 404 (1ms)
2025-12-28 10:35:19 | DEBUG    | app.main             | log_requests         | [1035197027] GET /api/signals/sse/stream
2025-12-28 10:35:19 | INFO     | app.main             | log_requests         | [1035197027] ✗ GET /api/signals/sse/stream - 404 (1ms)
2025-12-28 10:35:25 | DEBUG    | app.main             | log_requests         | [1035254040] GET /api/signals/sse/stream
2025-12-28 10:35:25 | INFO     | app.main             | log_requests         | [1035254040] ✗ GET /api/signals/sse/stream - 404 (0ms)
2025-12-28 10:35:31 | DEBUG    | app.main             | log_requests         | [1035317029] GET /api/signals/sse/stream
2025-12-28 10:35:31 | INFO     | app.main             | log_requests         | [1035317029] ✗ GET /api/signals/sse/stream - 404 (1ms)
2025-12-28 10:35:37 | DEBUG    | app.main             | log_requests         | [1035374044] GET /api/signals/sse/stream
2025-12-28 10:35:37 | INFO     | app.main             | log_requests         | [1035374044] ✗ GET /api/signals/sse/stream - 404 (1ms)
2025-12-28 10:35:43 | DEBUG    | app.main             | log_requests         | [1035437028] GET /api/signals/sse/stream
2025-12-28 10:35:43 | INFO     | app.main             | log_requests         | [1035437028] ✗ GET /api/signals/sse/stream - 404 (1ms)
2025-12-28 10:35:49 | DEBUG    | app.main             | log_requests         | [1035494032] GET /api/signals/sse/stream
2025-12-28 10:35:49 | INFO     | app.main             | log_requests         | [1035494032] ✗ GET /api/signals/sse/stream - 404 (1ms)
2025-12-28 10:35:52 | DEBUG    | app.main             | log_requests         | [1035527055] GET /api/indicator/cache-stats
2025-12-28 10:35:52 | INFO     | app.main             | log_requests         | [1035527055] ✔ GET /api/indicator/cache-stats - 200 (1ms)
2025-12-28 10:35:55 | DEBUG    | app.main             | log_requests         | [1035554032] GET /api/signals/sse/stream
2025-12-28 10:35:55 | INFO     | app.main             | log_requests         | [1035554032] ✗ GET /api/signals/sse/stream - 404 (0ms)
2025-12-28 10:36:01 | DEBUG    | app.main             | log_requests         | [1036017049] GET /api/signals/sse/stream
2025-12-28 10:36:01 | INFO     | app.main             | log_requests         | [1036017049] ✗ GET /api/signals/sse/stream - 404 (1ms)
2025-12-28 10:36:07 | DEBUG    | app.main             | log_requests         | [1036074027] GET /api/signals/sse/stream
2025-12-28 10:36:07 | INFO     | app.main             | log_requests         | [1036074027] ✗ GET /api/signals/sse/stream - 404 (1ms)
2025-12-28 10:36:13 | DEBUG    | app.main             | log_requests         | [1036137035] GET /api/signals/sse/stream
2025-12-28 10:36:13 | INFO     | app.main             | log_requests         | [1036137035] ✗ GET /api/signals/sse/stream - 404 (2ms)
2025-12-28 10:36:19 | DEBUG    | app.main             | log_requests         | [1036194026] GET /api/signals/sse/stream
2025-12-28 10:36:19 | INFO     | app.main             | log_requests         | [1036194026] ✗ GET /api/signals/sse/stream - 404 (1ms)
2025-12-28 10:36:25 | DEBUG    | app.main             | log_requests         | [1036257035] GET /api/signals/sse/stream
2025-12-28 10:36:25 | INFO     | app.main             | log_requests         | [1036257035] ✗ GET /api/signals/sse/stream - 404 (0ms)
2025-12-28 10:36:31 | DEBUG    | app.main             | log_requests         | [1036314029] GET /api/signals/sse/stream
2025-12-28 10:36:31 | INFO     | app.main             | log_requests         | [1036314029] ✗ GET /api/signals/sse/stream - 404 (0ms)
2025-12-28 10:36:37 | DEBUG    | app.main             | log_requests         | [1036377034] GET /api/signals/sse/stream
2025-12-28 10:36:37 | INFO     | app.main             | log_requests         | [1036377034] ✗ GET /api/signals/sse/stream - 404 (1ms)
2025-12-28 10:36:43 | DEBUG    | app.main             | log_requests         | [1036434021] GET /api/signals/sse/stream
2025-12-28 10:36:43 | INFO     | app.main             | log_requests         | [1036434021] ✗ GET /api/signals/sse/stream - 404 (0ms)
2025-12-28 10:36:49 | DEBUG    | app.main             | log_requests         | [1036497038] GET /api/signals/sse/stream
2025-12-28 10:36:49 | INFO     | app.main             | log_requests         | [1036497038] ✗ GET /api/signals/sse/stream - 404 (1ms)
2025-12-28 10:36:52 | DEBUG    | app.main             | log_requests         | [1036524019] GET /api/indicator/cache-stats
2025-12-28 10:36:52 | INFO     | app.main             | log_requests         | [1036524019] ✔ GET /api/indicator/cache-stats - 200 (1ms)
2025-12-28 10:36:55 | DEBUG    | app.main             | log_requests         | [1036557045] GET /api/signals/sse/stream
2025-12-28 10:36:55 | INFO     | app.main             | log_requests         | [1036557045] ✗ GET /api/signals/sse/stream - 404 (1ms)
2025-12-28 10:37:01 | DEBUG    | app.main             | log_requests         | [1037014023] GET /api/signals/sse/stream
2025-12-28 10:37:01 | INFO     | app.main             | log_requests         | [1037014023] ✗ GET /api/signals/sse/stream - 404 (1ms)
2025-12-28 10:37:07 | DEBUG    | app.main             | log_requests         | [1037077051] GET /api/signals/sse/stream
2025-12-28 10:37:07 | INFO     | app.main             | log_requests         | [1037077051] ✗ GET /api/signals/sse/stream - 404 (0ms)
2025-12-28 10:37:13 | DEBUG    | app.main             | log_requests         | [1037134026] GET /api/signals/sse/stream
2025-12-28 10:37:13 | INFO     | app.main             | log_requests         | [1037134026] ✗ GET /api/signals/sse/stream - 404 (1ms)
2025-12-28 10:37:19 | DEBUG    | app.main             | log_requests         | [1037197043] GET /api/signals/sse/stream
2025-12-28 10:37:19 | INFO     | app.main             | log_requests         | [1037197043] ✗ GET /api/signals/sse/stream - 404 (1ms)
2025-12-28 10:37:25 | DEBUG    | app.main             | log_requests         | [1037254021] GET /api/signals/sse/stream
2025-12-28 10:37:25 | INFO     | app.main             | log_requests         | [1037254021] ✗ GET /api/signals/sse/stream - 404 (1ms)
2025-12-28 10:37:31 | DEBUG    | app.main             | log_requests         | [1037317040] GET /api/signals/sse/stream
2025-12-28 10:37:31 | INFO     | app.main             | log_requests         | [1037317040] ✗ GET /api/signals/sse/stream - 404 (1ms)
2025-12-28 10:37:37 | DEBUG    | app.main             | log_requests         | [1037374032] GET /api/signals/sse/stream
2025-12-28 10:37:37 | INFO     | app.main             | log_requests         | [1037374032] ✗ GET /api/signals/sse/stream - 404 (1ms)
2025-12-28 10:37:43 | DEBUG    | app.main             | log_requests         | [1037437029] GET /api/signals/sse/stream
2025-12-28 10:37:43 | INFO     | app.main             | log_requests         | [1037437029] ✗ GET /api/signals/sse/stream - 404 (1ms)
2025-12-28 10:37:49 | DEBUG    | app.main             | log_requests         | [1037494026] GET /api/signals/sse/stream
2025-12-28 10:37:49 | INFO     | app.main             | log_requests         | [1037494026] ✗ GET /api/signals/sse/stream - 404 (1ms)
2025-12-28 10:37:52 | DEBUG    | app.main             | log_requests         | [1037527040] GET /api/indicator/cache-stats
2025-12-28 10:37:52 | INFO     | app.main             | log_requests         | [1037527040] ✔ GET /api/indicator/cache-stats - 200 (1ms)
2025-12-28 10:37:55 | DEBUG    | app.main             | log_requests         | [1037554036] GET /api/signals/sse/stream
2025-12-28 10:37:55 | INFO     | app.main             | log_requests         | [1037554036] ✗ GET /api/signals/sse/stream - 404 (1ms)
2025-12-28 10:38:01 | DEBUG    | app.main             | log_requests         | [1038017027] GET /api/signals/sse/stream
2025-12-28 10:38:01 | INFO     | app.main             | log_requests         | [1038017027] ✗ GET /api/signals/sse/stream - 404 (1ms)
2025-12-28 10:38:07 | DEBUG    | app.main             | log_requests         | [1038074028] GET /api/signals/sse/stream
2025-12-28 10:38:07 | INFO     | app.main             | log_requests         | [1038074028] ✗ GET /api/signals/sse/stream - 404 (0ms)
2025-12-28 10:38:13 | DEBUG    | app.main             | log_requests         | [1038137053] GET /api/signals/sse/stream
2025-12-28 10:38:13 | INFO     | app.main             | log_requests         | [1038137053] ✗ GET /api/signals/sse/stream - 404 (1ms)
2025-12-28 10:38:19 | DEBUG    | app.main             | log_requests         | [1038194032] GET /api/signals/sse/stream
2025-12-28 10:38:19 | INFO     | app.main             | log_requests         | [1038194032] ✗ GET /api/signals/sse/stream - 404 (1ms)
2025-12-28 10:38:25 | DEBUG    | app.main             | log_requests         | [1038257027] GET /api/signals/sse/stream
2025-12-28 10:38:25 | INFO     | app.main             | log_requests         | [1038257027] ✗ GET /api/signals/sse/stream - 404 (1ms)
2025-12-28 10:38:31 | DEBUG    | app.main             | log_requests         | [1038314034] GET /api/signals/sse/stream
2025-12-28 10:38:31 | INFO     | app.main             | log_requests         | [1038314034] ✗ GET /api/signals/sse/stream - 404 (1ms)
2025-12-28 10:38:37 | DEBUG    | app.main             | log_requests         | [1038377060] GET /api/signals/sse/stream
2025-12-28 10:38:37 | INFO     | app.main             | log_requests         | [1038377060] ✗ GET /api/signals/sse/stream - 404 (0ms)
2025-12-28 10:38:43 | DEBUG    | app.main             | log_requests         | [1038434027] GET /api/signals/sse/stream
2025-12-28 10:38:43 | INFO     | app.main             | log_requests         | [1038434027] ✗ GET /api/signals/sse/stream - 404 (0ms)
2025-12-28 10:38:49 | DEBUG    | app.main             | log_requests         | [1038497042] GET /api/signals/sse/stream
2025-12-28 10:38:49 | INFO     | app.main             | log_requests         | [1038497042] ✗ GET /api/signals/sse/stream - 404 (1ms)
2025-12-28 10:38:52 | DEBUG    | app.main             | log_requests         | [1038524042] GET /api/indicator/cache-stats
2025-12-28 10:38:52 | INFO     | app.main             | log_requests         | [1038524042] ✔ GET /api/indicator/cache-stats - 200 (1ms)
2025-12-28 10:38:52 | DEBUG    | app.main             | log_requests         | [1038526620] GET /ip
2025-12-28 10:38:52 | INFO     | app.main             | log_requests         | [1038526620] ✗ GET /ip - 404 (59ms)
2025-12-28 10:38:55 | DEBUG    | app.main             | log_requests         | [1038557056] GET /api/signals/sse/stream
2025-12-28 10:38:55 | INFO     | app.main             | log_requests         | [1038557056] ✗ GET /api/signals/sse/stream - 404 (1ms)
2025-12-28 10:39:01 | DEBUG    | app.main             | log_requests         | [1039014022] GET /api/signals/sse/stream
2025-12-28 10:39:01 | INFO     | app.main             | log_requests         | [1039014022] ✗ GET /api/signals/sse/stream - 404 (0ms)
2025-12-28 10:39:07 | DEBUG    | app.main             | log_requests         | [1039077036] GET /api/signals/sse/stream
2025-12-28 10:39:07 | INFO     | app.main             | log_requests         | [1039077036] ✗ GET /api/signals/sse/stream - 404 (0ms)
2025-12-28 10:39:13 | DEBUG    | app.main             | log_requests         | [1039134030] GET /api/signals/sse/stream
2025-12-28 10:39:13 | INFO     | app.main             | log_requests         | [1039134030] ✗ GET /api/signals/sse/stream - 404 (0ms)
2025-12-28 10:39:19 | DEBUG    | app.main             | log_requests         | [1039197042] GET /api/signals/sse/stream
2025-12-28 10:39:19 | INFO     | app.main             | log_requests         | [1039197042] ✗ GET /api/signals/sse/stream - 404 (0ms)
2025-12-28 10:39:25 | DEBUG    | app.main             | log_requests         | [1039254030] GET /api/signals/sse/stream
2025-12-28 10:39:25 | INFO     | app.main             | log_requests         | [1039254030] ✗ GET /api/signals/sse/stream - 404 (1ms)
2025-12-28 10:39:31 | DEBUG    | app.main             | log_requests         | [1039317032] GET /api/signals/sse/stream
2025-12-28 10:39:31 | INFO     | app.main             | log_requests         | [1039317032] ✗ GET /api/signals/sse/stream - 404 (1ms)
2025-12-28 10:39:37 | DEBUG    | app.main             | log_requests         | [1039374040] GET /api/signals/sse/stream
2025-12-28 10:39:37 | INFO     | app.main             | log_requests         | [1039374040] ✗ GET /api/signals/sse/stream - 404 (1ms)
2025-12-28 10:39:43 | DEBUG    | app.main             | log_requests         | [1039437041] GET /api/signals/sse/stream
2025-12-28 10:39:43 | INFO     | app.main             | log_requests         | [1039437041] ✗ GET /api/signals/sse/stream - 404 (1ms)
2025-12-28 10:39:49 | DEBUG    | app.main             | log_requests         | [1039494030] GET /api/signals/sse/stream
2025-12-28 10:39:49 | INFO     | app.main             | log_requests         | [1039494030] ✗ GET /api/signals/sse/stream - 404 (1ms)
2025-12-28 10:39:52 | DEBUG    | app.main             | log_requests         | [1039527054] GET /api/indicator/cache-stats
2025-12-28 10:39:52 | INFO     | app.main             | log_requests         | [1039527054] ✔ GET /api/indicator/cache-stats - 200 (0ms)
2025-12-28 10:39:55 | DEBUG    | app.main             | log_requests         | [1039554016] GET /api/signals/sse/stream
2025-12-28 10:39:55 | INFO     | app.main             | log_requests         | [1039554016] ✗ GET /api/signals/sse/stream - 404 (1ms)
2025-12-28 10:40:01 | DEBUG    | app.main             | log_requests         | [1040017021] GET /api/signals/sse/stream
2025-12-28 10:40:01 | INFO     | app.main             | log_requests         | [1040017021] ✗ GET /api/signals/sse/stream - 404 (1ms)
2025-12-28 10:40:07 | DEBUG    | app.main             | log_requests         | [1040074029] GET /api/signals/sse/stream
2025-12-28 10:40:07 | INFO     | app.main             | log_requests         | [1040074029] ✗ GET /api/signals/sse/stream - 404 (1ms)
2025-12-28 10:40:13 | DEBUG    | app.main             | log_requests         | [1040137036] GET /api/signals/sse/stream
2025-12-28 10:40:13 | INFO     | app.main             | log_requests         | [1040137036] ✗ GET /api/signals/sse/stream - 404 (1ms)
2025-12-28 10:40:19 | DEBUG    | app.main             | log_requests         | [1040194025] GET /api/signals/sse/stream
2025-12-28 10:40:19 | INFO     | app.main             | log_requests         | [1040194025] ✗ GET /api/signals/sse/stream - 404 (1ms)
2025-12-28 10:40:25 | DEBUG    | app.main             | log_requests         | [1040257017] GET /api/signals/sse/stream
2025-12-28 10:40:25 | INFO     | app.main             | log_requests         | [1040257017] ✗ GET /api/signals/sse/stream - 404 (1ms)
2025-12-28 10:40:31 | DEBUG    | app.main             | log_requests         | [1040314027] GET /api/signals/sse/stream
2025-12-28 10:40:31 | INFO     | app.main             | log_requests         | [1040314027] ✗ GET /api/signals/sse/stream - 404 (1ms)
2025-12-28 10:40:37 | DEBUG    | app.main             | log_requests         | [1040377054] GET /api/signals/sse/stream
2025-12-28 10:40:37 | INFO     | app.main             | log_requests         | [1040377054] ✗ GET /api/signals/sse/stream - 404 (1ms)
2025-12-28 10:40:43 | DEBUG    | app.main             | log_requests         | [1040434025] GET /api/signals/sse/stream
2025-12-28 10:40:43 | INFO     | app.main             | log_requests         | [1040434025] ✗ GET /api/signals/sse/stream - 404 (0ms)
2025-12-28 10:40:49 | DEBUG    | app.main             | log_requests         | [1040497037] GET /api/signals/sse/stream
2025-12-28 10:40:49 | INFO     | app.main             | log_requests         | [1040497037] ✗ GET /api/signals/sse/stream - 404 (0ms)
2025-12-28 10:40:52 | DEBUG    | app.main             | log_requests         | [1040524021] GET /api/indicator/cache-stats
2025-12-28 10:40:52 | INFO     | app.main             | log_requests         | [1040524021] ✔ GET /api/indicator/cache-stats - 200 (1ms)
2025-12-28 10:40:55 | DEBUG    | app.main             | log_requests         | [1040557050] GET /api/signals/sse/stream
2025-12-28 10:40:55 | INFO     | app.main             | log_requests         | [1040557050] ✗ GET /api/signals/sse/stream - 404 (1ms)
2025-12-28 10:41:01 | DEBUG    | app.main             | log_requests         | [1041014018] GET /api/signals/sse/stream
2025-12-28 10:41:01 | INFO     | app.main             | log_requests         | [1041014018] ✗ GET /api/signals/sse/stream - 404 (1ms)
2025-12-28 10:41:07 | DEBUG    | app.main             | log_requests         | [1041077047] GET /api/signals/sse/stream
2025-12-28 10:41:07 | INFO     | app.main             | log_requests         | [1041077047] ✗ GET /api/signals/sse/stream - 404 (1ms)
2025-12-28 10:41:13 | DEBUG    | app.main             | log_requests         | [1041134023] GET /api/signals/sse/stream
2025-12-28 10:41:13 | INFO     | app.main             | log_requests         | [1041134023] ✗ GET /api/signals/sse/stream - 404 (0ms)
2025-12-28 10:41:19 | DEBUG    | app.main             | log_requests         | [1041197054] GET /api/signals/sse/stream
2025-12-28 10:41:19 | INFO     | app.main             | log_requests         | [1041197054] ✗ GET /api/signals/sse/stream - 404 (2ms)
2025-12-28 10:41:25 | DEBUG    | app.main             | log_requests         | [1041254013] GET /api/signals/sse/stream
2025-12-28 10:41:25 | INFO     | app.main             | log_requests         | [1041254013] ✗ GET /api/signals/sse/stream - 404 (0ms)
2025-12-28 10:41:31 | DEBUG    | app.main             | log_requests         | [1041317034] GET /api/signals/sse/stream
2025-12-28 10:41:31 | INFO     | app.main             | log_requests         | [1041317034] ✗ GET /api/signals/sse/stream - 404 (1ms)
2025-12-28 10:41:37 | DEBUG    | app.main             | log_requests         | [1041374029] GET /api/signals/sse/stream
2025-12-28 10:41:37 | INFO     | app.main             | log_requests         | [1041374029] ✗ GET /api/signals/sse/stream - 404 (0ms)
2025-12-28 10:41:43 | DEBUG    | app.main             | log_requests         | [1041437023] GET /api/signals/sse/stream
2025-12-28 10:41:43 | INFO     | app.main             | log_requests         | [1041437023] ✗ GET /api/signals/sse/stream - 404 (1ms)
2025-12-28 10:41:49 | DEBUG    | app.main             | log_requests         | [1041494027] GET /api/signals/sse/stream
2025-12-28 10:41:49 | INFO     | app.main             | log_requests         | [1041494027] ✗ GET /api/signals/sse/stream - 404 (1ms)
2025-12-28 10:41:52 | DEBUG    | app.main             | log_requests         | [1041527032] GET /api/indicator/cache-stats
2025-12-28 10:41:52 | INFO     | app.main             | log_requests         | [1041527032] ✔ GET /api/indicator/cache-stats - 200 (0ms)
2025-12-28 10:41:55 | DEBUG    | app.main             | log_requests         | [1041554032] GET /api/signals/sse/stream
2025-12-28 10:41:55 | INFO     | app.main             | log_requests         | [1041554032] ✗ GET /api/signals/sse/stream - 404 (1ms)
2025-12-28 10:42:01 | DEBUG    | app.main             | log_requests         | [1042017049] GET /api/signals/sse/stream
2025-12-28 10:42:01 | INFO     | app.main             | log_requests         | [1042017049] ✗ GET /api/signals/sse/stream - 404 (1ms)
2025-12-28 10:42:07 | DEBUG    | app.main             | log_requests         | [1042074018] GET /api/signals/sse/stream
2025-12-28 10:42:07 | INFO     | app.main             | log_requests         | [1042074018] ✗ GET /api/signals/sse/stream - 404 (1ms)
2025-12-28 10:42:13 | DEBUG    | app.main             | log_requests         | [1042137031] GET /api/signals/sse/stream
2025-12-28 10:42:13 | INFO     | app.main             | log_requests         | [1042137031] ✗ GET /api/signals/sse/stream - 404 (0ms)
2025-12-28 10:42:19 | DEBUG    | app.main             | log_requests         | [1042194027] GET /api/signals/sse/stream
2025-12-28 10:42:19 | INFO     | app.main             | log_requests         | [1042194027] ✗ GET /api/signals/sse/stream - 404 (1ms)
2025-12-28 10:42:25 | DEBUG    | app.main             | log_requests         | [1042257045] GET /api/signals/sse/stream
2025-12-28 10:42:25 | INFO     | app.main             | log_requests         | [1042257045] ✗ GET /api/signals/sse/stream - 404 (0ms)
2025-12-28 10:42:31 | DEBUG    | app.main             | log_requests         | [1042314024] GET /api/signals/sse/stream
2025-12-28 10:42:31 | INFO     | app.main             | log_requests         | [1042314024] ✗ GET /api/signals/sse/stream - 404 (0ms)
2025-12-28 10:42:37 | DEBUG    | app.main             | log_requests         | [1042377036] GET /api/signals/sse/stream
2025-12-28 10:42:37 | INFO     | app.main             | log_requests         | [1042377036] ✗ GET /api/signals/sse/stream - 404 (1ms)
2025-12-28 10:42:43 | DEBUG    | app.main             | log_requests         | [1042434012] GET /api/signals/sse/stream
2025-12-28 10:42:43 | INFO     | app.main             | log_requests         | [1042434012] ✗ GET /api/signals/sse/stream - 404 (1ms)
2025-12-28 10:42:49 | DEBUG    | app.main             | log_requests         | [1042497031] GET /api/signals/sse/stream
2025-12-28 10:42:49 | INFO     | app.main             | log_requests         | [1042497031] ✗ GET /api/signals/sse/stream - 404 (1ms)
2025-12-28 10:42:52 | DEBUG    | app.main             | log_requests         | [1042524022] GET /api/indicator/cache-stats
2025-12-28 10:42:52 | INFO     | app.main             | log_requests         | [1042524022] ✔ GET /api/indicator/cache-stats - 200 (1ms)
2025-12-28 10:42:55 | DEBUG    | app.main             | log_requests         | [1042557033] GET /api/signals/sse/stream
2025-12-28 10:42:55 | INFO     | app.main             | log_requests         | [1042557033] ✗ GET /api/signals/sse/stream - 404 (0ms)
2025-12-28 10:43:01 | DEBUG    | app.main             | log_requests         | [1043014031] GET /api/signals/sse/stream
2025-12-28 10:43:01 | INFO     | app.main             | log_requests         | [1043014031] ✗ GET /api/signals/sse/stream - 404 (1ms)
2025-12-28 10:43:07 | DEBUG    | app.main             | log_requests         | [1043077039] GET /api/signals/sse/stream
2025-12-28 10:43:07 | INFO     | app.main             | log_requests         | [1043077039] ✗ GET /api/signals/sse/stream - 404 (0ms)
2025-12-28 10:43:13 | DEBUG    | app.main             | log_requests         | [1043134038] GET /api/signals/sse/stream
2025-12-28 10:43:13 | INFO     | app.main             | log_requests         | [1043134038] ✗ GET /api/signals/sse/stream - 404 (0ms)
2025-12-28 10:43:19 | DEBUG    | app.main             | log_requests         | [1043197037] GET /api/signals/sse/stream
2025-12-28 10:43:19 | INFO     | app.main             | log_requests         | [1043197037] ✗ GET /api/signals/sse/stream - 404 (2ms)
2025-12-28 10:43:25 | DEBUG    | app.main             | log_requests         | [1043254041] GET /api/signals/sse/stream
2025-12-28 10:43:25 | INFO     | app.main             | log_requests         | [1043254041] ✗ GET /api/signals/sse/stream - 404 (0ms)
2025-12-28 10:43:31 | DEBUG    | app.main             | log_requests         | [1043317062] GET /api/signals/sse/stream
2025-12-28 10:43:31 | INFO     | app.main             | log_requests         | [1043317062] ✗ GET /api/signals/sse/stream - 404 (0ms)
2025-12-28 10:43:37 | DEBUG    | app.main             | log_requests         | [1043374028] GET /api/signals/sse/stream
2025-12-28 10:43:37 | INFO     | app.main             | log_requests         | [1043374028] ✗ GET /api/signals/sse/stream - 404 (1ms)
2025-12-28 10:43:43 | DEBUG    | app.main             | log_requests         | [1043437044] GET /api/signals/sse/stream
2025-12-28 10:43:43 | INFO     | app.main             | log_requests         | [1043437044] ✗ GET /api/signals/sse/stream - 404 (1ms)
2025-12-28 10:43:49 | DEBUG    | app.main             | log_requests         | [1043494026] GET /api/signals/sse/stream
2025-12-28 10:43:49 | INFO     | app.main             | log_requests         | [1043494026] ✗ GET /api/signals/sse/stream - 404 (1ms)
2025-12-28 10:43:52 | DEBUG    | app.main             | log_requests         | [1043527053] GET /api/indicator/cache-stats
2025-12-28 10:43:52 | INFO     | app.main             | log_requests         | [1043527053] ✔ GET /api/indicator/cache-stats - 200 (1ms)
2025-12-28 10:43:55 | DEBUG    | app.main             | log_requests         | [1043554047] GET /api/signals/sse/stream
2025-12-28 10:43:55 | INFO     | app.main             | log_requests         | [1043554047] ✗ GET /api/signals/sse/stream - 404 (1ms)
2025-12-28 10:44:01 | DEBUG    | app.main             | log_requests         | [1044017049] GET /api/signals/sse/stream
2025-12-28 10:44:01 | INFO     | app.main             | log_requests         | [1044017049] ✗ GET /api/signals/sse/stream - 404 (1ms)
2025-12-28 10:44:07 | DEBUG    | app.main             | log_requests         | [1044074032] GET /api/signals/sse/stream
2025-12-28 10:44:07 | INFO     | app.main             | log_requests         | [1044074032] ✗ GET /api/signals/sse/stream - 404 (1ms)
2025-12-28 10:44:13 | DEBUG    | app.main             | log_requests         | [1044137054] GET /api/signals/sse/stream
2025-12-28 10:44:13 | INFO     | app.main             | log_requests         | [1044137054] ✗ GET /api/signals/sse/stream - 404 (1ms)
2025-12-28 10:44:19 | DEBUG    | app.main             | log_requests         | [1044194040] GET /api/signals/sse/stream
2025-12-28 10:44:19 | INFO     | app.main             | log_requests         | [1044194040] ✗ GET /api/signals/sse/stream - 404 (1ms)
2025-12-28 10:44:25 | DEBUG    | app.main             | log_requests         | [1044257028] GET /api/signals/sse/stream
2025-12-28 10:44:25 | INFO     | app.main             | log_requests         | [1044257028] ✗ GET /api/signals/sse/stream - 404 (1ms)
2025-12-28 10:44:31 | DEBUG    | app.main             | log_requests         | [1044314042] GET /api/signals/sse/stream
2025-12-28 10:44:31 | INFO     | app.main             | log_requests         | [1044314042] ✗ GET /api/signals/sse/stream - 404 (1ms)
2025-12-28 10:44:37 | DEBUG    | app.main             | log_requests         | [1044377039] GET /api/signals/sse/stream
2025-12-28 10:44:37 | INFO     | app.main             | log_requests         | [1044377039] ✗ GET /api/signals/sse/stream - 404 (1ms)
2025-12-28 10:44:43 | DEBUG    | app.main             | log_requests         | [1044434034] GET /api/signals/sse/stream
2025-12-28 10:44:43 | INFO     | app.main             | log_requests         | [1044434034] ✗ GET /api/signals/sse/stream - 404 (1ms)
2025-12-28 10:44:49 | DEBUG    | app.main             | log_requests         | [1044497051] GET /api/signals/sse/stream
2025-12-28 10:44:49 | INFO     | app.main             | log_requests         | [1044497051] ✗ GET /api/signals/sse/stream - 404 (0ms)
2025-12-28 10:44:52 | DEBUG    | app.main             | log_requests         | [1044524028] GET /api/indicator/cache-stats
2025-12-28 10:44:52 | INFO     | app.main             | log_requests         | [1044524028] ✔ GET /api/indicator/cache-stats - 200 (1ms)
2025-12-28 10:44:55 | DEBUG    | app.main             | log_requests         | [1044557036] GET /api/signals/sse/stream
2025-12-28 10:44:55 | INFO     | app.main             | log_requests         | [1044557036] ✗ GET /api/signals/sse/stream - 404 (0ms)
2025-12-28 10:45:01 | DEBUG    | app.main             | log_requests         | [1045014042] GET /api/signals/sse/stream
2025-12-28 10:45:01 | INFO     | app.main             | log_requests         | [1045014042] ✗ GET /api/signals/sse/stream - 404 (1ms)
2025-12-28 10:45:07 | DEBUG    | app.main             | log_requests         | [1045077032] GET /api/signals/sse/stream
2025-12-28 10:45:07 | INFO     | app.main             | log_requests         | [1045077032] ✗ GET /api/signals/sse/stream - 404 (0ms)
2025-12-28 10:45:13 | DEBUG    | app.main             | log_requests         | [1045134031] GET /api/signals/sse/stream
2025-12-28 10:45:13 | INFO     | app.main             | log_requests         | [1045134031] ✗ GET /api/signals/sse/stream - 404 (1ms)
2025-12-28 10:45:19 | DEBUG    | app.main             | log_requests         | [1045197033] GET /api/signals/sse/stream
2025-12-28 10:45:19 | INFO     | app.main             | log_requests         | [1045197033] ✗ GET /api/signals/sse/stream - 404 (1ms)
2025-12-28 10:45:25 | DEBUG    | app.main             | log_requests         | [1045254027] GET /api/signals/sse/stream
2025-12-28 10:45:25 | INFO     | app.main             | log_requests         | [1045254027] ✗ GET /api/signals/sse/stream - 404 (1ms)
2025-12-28 10:45:31 | DEBUG    | app.main             | log_requests         | [1045317022] GET /api/signals/sse/stream
2025-12-28 10:45:31 | INFO     | app.main             | log_requests         | [1045317022] ✗ GET /api/signals/sse/stream - 404 (0ms)
2025-12-28 10:45:37 | DEBUG    | app.main             | log_requests         | [1045374021] GET /api/signals/sse/stream
2025-12-28 10:45:37 | INFO     | app.main             | log_requests         | [1045374021] ✗ GET /api/signals/sse/stream - 404 (0ms)
2025-12-28 10:45:43 | DEBUG    | app.main             | log_requests         | [1045437034] GET /api/signals/sse/stream
2025-12-28 10:45:43 | INFO     | app.main             | log_requests         | [1045437034] ✗ GET /api/signals/sse/stream - 404 (1ms)
2025-12-28 10:45:49 | DEBUG    | app.main             | log_requests         | [1045494032] GET /api/signals/sse/stream
2025-12-28 10:45:49 | INFO     | app.main             | log_requests         | [1045494032] ✗ GET /api/signals/sse/stream - 404 (0ms)
2025-12-28 10:45:52 | DEBUG    | app.main             | log_requests         | [1045527035] GET /api/indicator/cache-stats
2025-12-28 10:45:52 | INFO     | app.main             | log_requests         | [1045527035] ✔ GET /api/indicator/cache-stats - 200 (1ms)
2025-12-28 10:45:55 | DEBUG    | app.main             | log_requests         | [1045554028] GET /api/signals/sse/stream
2025-12-28 10:45:55 | INFO     | app.main             | log_requests         | [1045554028] ✗ GET /api/signals/sse/stream - 404 (0ms)
2025-12-28 10:46:01 | DEBUG    | app.main             | log_requests         | [1046017037] GET /api/signals/sse/stream
2025-12-28 10:46:01 | INFO     | app.main             | log_requests         | [1046017037] ✗ GET /api/signals/sse/stream - 404 (0ms)
2025-12-28 10:46:07 | DEBUG    | app.main             | log_requests         | [1046074028] GET /api/signals/sse/stream
2025-12-28 10:46:07 | INFO     | app.main             | log_requests         | [1046074028] ✗ GET /api/signals/sse/stream - 404 (1ms)
2025-12-28 10:46:13 | DEBUG    | app.main             | log_requests         | [1046137046] GET /api/signals/sse/stream
2025-12-28 10:46:13 | INFO     | app.main             | log_requests         | [1046137046] ✗ GET /api/signals/sse/stream - 404 (1ms)
2025-12-28 10:46:19 | DEBUG    | app.main             | log_requests         | [1046194041] GET /api/signals/sse/stream
2025-12-28 10:46:19 | INFO     | app.main             | log_requests         | [1046194041] ✗ GET /api/signals/sse/stream - 404 (1ms)
2025-12-28 10:46:25 | DEBUG    | app.main             | log_requests         | [1046257041] GET /api/signals/sse/stream
2025-12-28 10:46:25 | INFO     | app.main             | log_requests         | [1046257041] ✗ GET /api/signals/sse/stream - 404 (0ms)
2025-12-28 10:46:31 | DEBUG    | app.main             | log_requests         | [1046314023] GET /api/signals/sse/stream
2025-12-28 10:46:31 | INFO     | app.main             | log_requests         | [1046314023] ✗ GET /api/signals/sse/stream - 404 (1ms)
2025-12-28 10:46:37 | DEBUG    | app.main             | log_requests         | [1046377034] GET /api/signals/sse/stream
2025-12-28 10:46:37 | INFO     | app.main             | log_requests         | [1046377034] ✗ GET /api/signals/sse/stream - 404 (0ms)
2025-12-28 10:46:43 | DEBUG    | app.main             | log_requests         | [1046434020] GET /api/signals/sse/stream
2025-12-28 10:46:43 | INFO     | app.main             | log_requests         | [1046434020] ✗ GET /api/signals/sse/stream - 404 (0ms)
2025-12-28 10:46:49 | DEBUG    | app.main             | log_requests         | [1046497046] GET /api/signals/sse/stream
2025-12-28 10:46:49 | INFO     | app.main             | log_requests         | [1046497046] ✗ GET /api/signals/sse/stream - 404 (1ms)
2025-12-28 10:46:52 | DEBUG    | app.main             | log_requests         | [1046524033] GET /api/indicator/cache-stats
2025-12-28 10:46:52 | INFO     | app.main             | log_requests         | [1046524033] ✔ GET /api/indicator/cache-stats - 200 (1ms)
2025-12-28 10:46:55 | DEBUG    | app.main             | log_requests         | [1046557042] GET /api/signals/sse/stream
2025-12-28 10:46:55 | INFO     | app.main             | log_requests         | [1046557042] ✗ GET /api/signals/sse/stream - 404 (0ms)
2025-12-28 10:47:01 | DEBUG    | app.main             | log_requests         | [1047014018] GET /api/signals/sse/stream
2025-12-28 10:47:01 | INFO     | app.main             | log_requests         | [1047014018] ✗ GET /api/signals/sse/stream - 404 (1ms)
2025-12-28 10:47:07 | DEBUG    | app.main             | log_requests         | [1047077037] GET /api/signals/sse/stream
2025-12-28 10:47:07 | INFO     | app.main             | log_requests         | [1047077037] ✗ GET /api/signals/sse/stream - 404 (1ms)
2025-12-28 10:47:13 | DEBUG    | app.main             | log_requests         | [1047134016] GET /api/signals/sse/stream
2025-12-28 10:47:13 | INFO     | app.main             | log_requests         | [1047134016] ✗ GET /api/signals/sse/stream - 404 (1ms)
2025-12-28 10:47:19 | DEBUG    | app.main             | log_requests         | [1047197042] GET /api/signals/sse/stream
2025-12-28 10:47:19 | INFO     | app.main             | log_requests         | [1047197042] ✗ GET /api/signals/sse/stream - 404 (1ms)
2025-12-28 10:47:25 | DEBUG    | app.main             | log_requests         | [1047254020] GET /api/signals/sse/stream
2025-12-28 10:47:25 | INFO     | app.main             | log_requests         | [1047254020] ✗ GET /api/signals/sse/stream - 404 (0ms)
2025-12-28 10:47:31 | DEBUG    | app.main             | log_requests         | [1047317034] GET /api/signals/sse/stream
2025-12-28 10:47:31 | INFO     | app.main             | log_requests         | [1047317034] ✗ GET /api/signals/sse/stream - 404 (1ms)
2025-12-28 10:47:37 | DEBUG    | app.main             | log_requests         | [1047374024] GET /api/signals/sse/stream
2025-12-28 10:47:37 | INFO     | app.main             | log_requests         | [1047374024] ✗ GET /api/signals/sse/stream - 404 (1ms)
2025-12-28 10:47:43 | DEBUG    | app.main             | log_requests         | [1047437034] GET /api/signals/sse/stream
2025-12-28 10:47:43 | INFO     | app.main             | log_requests         | [1047437034] ✗ GET /api/signals/sse/stream - 404 (1ms)
2025-12-28 10:47:49 | DEBUG    | app.main             | log_requests         | [1047494023] GET /api/signals/sse/stream
2025-12-28 10:47:49 | INFO     | app.main             | log_requests         | [1047494023] ✗ GET /api/signals/sse/stream - 404 (0ms)
2025-12-28 10:47:52 | DEBUG    | app.main             | log_requests         | [1047527034] GET /api/indicator/cache-stats
2025-12-28 10:47:52 | INFO     | app.main             | log_requests         | [1047527034] ✔ GET /api/indicator/cache-stats - 200 (1ms)
2025-12-28 10:47:55 | DEBUG    | app.main             | log_requests         | [1047554031] GET /api/signals/sse/stream
2025-12-28 10:47:55 | INFO     | app.main             | log_requests         | [1047554031] ✗ GET /api/signals/sse/stream - 404 (0ms)
2025-12-28 10:48:01 | DEBUG    | app.main             | log_requests         | [1048017022] GET /api/signals/sse/stream
2025-12-28 10:48:01 | INFO     | app.main             | log_requests         | [1048017022] ✗ GET /api/signals/sse/stream - 404 (0ms)
2025-12-28 10:48:07 | DEBUG    | app.main             | log_requests         | [1048074022] GET /api/signals/sse/stream
2025-12-28 10:48:07 | INFO     | app.main             | log_requests         | [1048074022] ✗ GET /api/signals/sse/stream - 404 (1ms)
2025-12-28 10:48:13 | DEBUG    | app.main             | log_requests         | [1048137034] GET /api/signals/sse/stream
2025-12-28 10:48:13 | INFO     | app.main             | log_requests         | [1048137034] ✗ GET /api/signals/sse/stream - 404 (1ms)
2025-12-28 10:48:19 | DEBUG    | app.main             | log_requests         | [1048194029] GET /api/signals/sse/stream
2025-12-28 10:48:19 | INFO     | app.main             | log_requests         | [1048194029] ✗ GET /api/signals/sse/stream - 404 (1ms)
2025-12-28 10:48:25 | DEBUG    | app.main             | log_requests         | [1048257042] GET /api/signals/sse/stream
2025-12-28 10:48:25 | INFO     | app.main             | log_requests         | [1048257042] ✗ GET /api/signals/sse/stream - 404 (0ms)
2025-12-28 10:48:31 | DEBUG    | app.main             | log_requests         | [1048314020] GET /api/signals/sse/stream
2025-12-28 10:48:31 | INFO     | app.main             | log_requests         | [1048314020] ✗ GET /api/signals/sse/stream - 404 (0ms)
2025-12-28 10:48:37 | DEBUG    | app.main             | log_requests         | [1048377038] GET /api/signals/sse/stream
2025-12-28 10:48:37 | INFO     | app.main             | log_requests         | [1048377038] ✗ GET /api/signals/sse/stream - 404 (1ms)
2025-12-28 10:48:43 | DEBUG    | app.main             | log_requests         | [1048434023] GET /api/signals/sse/stream
2025-12-28 10:48:43 | INFO     | app.main             | log_requests         | [1048434023] ✗ GET /api/signals/sse/stream - 404 (1ms)
2025-12-28 10:48:49 | DEBUG    | app.main             | log_requests         | [1048497045] GET /api/signals/sse/stream
2025-12-28 10:48:49 | INFO     | app.main             | log_requests         | [1048497045] ✗ GET /api/signals/sse/stream - 404 (1ms)
2025-12-28 10:48:52 | DEBUG    | app.main             | log_requests         | [1048524040] GET /api/indicator/cache-stats
2025-12-28 10:48:52 | INFO     | app.main             | log_requests         | [1048524040] ✔ GET /api/indicator/cache-stats - 200 (0ms)
2025-12-28 10:48:55 | DEBUG    | app.main             | log_requests         | [1048557027] GET /api/signals/sse/stream
2025-12-28 10:48:55 | INFO     | app.main             | log_requests         | [1048557027] ✗ GET /api/signals/sse/stream - 404 (1ms)
2025-12-28 10:49:01 | DEBUG    | app.main             | log_requests         | [1049014026] GET /api/signals/sse/stream
2025-12-28 10:49:01 | INFO     | app.main             | log_requests         | [1049014026] ✗ GET /api/signals/sse/stream - 404 (1ms)
2025-12-28 10:49:07 | DEBUG    | app.main             | log_requests         | [1049077037] GET /api/signals/sse/stream
2025-12-28 10:49:07 | INFO     | app.main             | log_requests         | [1049077037] ✗ GET /api/signals/sse/stream - 404 (1ms)
2025-12-28 10:49:13 | DEBUG    | app.main             | log_requests         | [1049134028] GET /api/signals/sse/stream
2025-12-28 10:49:13 | INFO     | app.main             | log_requests         | [1049134028] ✗ GET /api/signals/sse/stream - 404 (1ms)
2025-12-28 10:49:19 | DEBUG    | app.main             | log_requests         | [1049197033] GET /api/signals/sse/stream
2025-12-28 10:49:19 | INFO     | app.main             | log_requests         | [1049197033] ✗ GET /api/signals/sse/stream - 404 (1ms)
2025-12-28 10:49:25 | DEBUG    | app.main             | log_requests         | [1049254027] GET /api/signals/sse/stream
2025-12-28 10:49:25 | INFO     | app.main             | log_requests         | [1049254027] ✗ GET /api/signals/sse/stream - 404 (1ms)
2025-12-28 10:49:31 | DEBUG    | app.main             | log_requests         | [1049317043] GET /api/signals/sse/stream
2025-12-28 10:49:31 | INFO     | app.main             | log_requests         | [1049317043] ✗ GET /api/signals/sse/stream - 404 (1ms)
2025-12-28 10:49:37 | DEBUG    | app.main             | log_requests         | [1049374023] GET /api/signals/sse/stream
2025-12-28 10:49:37 | INFO     | app.main             | log_requests         | [1049374023] ✗ GET /api/signals/sse/stream - 404 (1ms)
2025-12-28 10:49:43 | DEBUG    | app.main             | log_requests         | [1049437032] GET /api/signals/sse/stream
2025-12-28 10:49:43 | INFO     | app.main             | log_requests         | [1049437032] ✗ GET /api/signals/sse/stream - 404 (1ms)
2025-12-28 10:49:49 | DEBUG    | app.main             | log_requests         | [1049494015] GET /api/signals/sse/stream
2025-12-28 10:49:49 | INFO     | app.main             | log_requests         | [1049494015] ✗ GET /api/signals/sse/stream - 404 (1ms)
2025-12-28 10:49:52 | DEBUG    | app.main             | log_requests         | [1049527063] GET /api/indicator/cache-stats
2025-12-28 10:49:52 | INFO     | app.main             | log_requests         | [1049527063] ✔ GET /api/indicator/cache-stats - 200 (1ms)
2025-12-28 10:49:55 | DEBUG    | app.main             | log_requests         | [1049554018] GET /api/signals/sse/stream
2025-12-28 10:49:55 | INFO     | app.main             | log_requests         | [1049554018] ✗ GET /api/signals/sse/stream - 404 (0ms)
2025-12-28 10:50:01 | DEBUG    | app.main             | log_requests         | [1050017032] GET /api/signals/sse/stream
2025-12-28 10:50:01 | INFO     | app.main             | log_requests         | [1050017032] ✗ GET /api/signals/sse/stream - 404 (0ms)
2025-12-28 10:50:07 | DEBUG    | app.main             | log_requests         | [1050074048] GET /api/signals/sse/stream
2025-12-28 10:50:07 | INFO     | app.main             | log_requests         | [1050074048] ✗ GET /api/signals/sse/stream - 404 (1ms)
2025-12-28 10:50:13 | DEBUG    | app.main             | log_requests         | [1050137055] GET /api/signals/sse/stream
2025-12-28 10:50:13 | INFO     | app.main             | log_requests         | [1050137055] ✗ GET /api/signals/sse/stream - 404 (1ms)
2025-12-28 10:50:19 | DEBUG    | app.main             | log_requests         | [1050194023] GET /api/signals/sse/stream
2025-12-28 10:50:19 | INFO     | app.main             | log_requests         | [1050194023] ✗ GET /api/signals/sse/stream - 404 (0ms)
2025-12-28 10:50:25 | DEBUG    | app.main             | log_requests         | [1050257038] GET /api/signals/sse/stream
2025-12-28 10:50:25 | INFO     | app.main             | log_requests         | [1050257038] ✗ GET /api/signals/sse/stream - 404 (0ms)
2025-12-28 10:50:31 | DEBUG    | app.main             | log_requests         | [1050314037] GET /api/signals/sse/stream
2025-12-28 10:50:31 | INFO     | app.main             | log_requests         | [1050314037] ✗ GET /api/signals/sse/stream - 404 (1ms)
2025-12-28 10:50:37 | DEBUG    | app.main             | log_requests         | [1050377025] GET /api/signals/sse/stream
2025-12-28 10:50:37 | INFO     | app.main             | log_requests         | [1050377025] ✗ GET /api/signals/sse/stream - 404 (1ms)
2025-12-28 10:50:43 | DEBUG    | app.main             | log_requests         | [1050434018] GET /api/signals/sse/stream
2025-12-28 10:50:43 | INFO     | app.main             | log_requests         | [1050434018] ✗ GET /api/signals/sse/stream - 404 (0ms)
2025-12-28 10:50:49 | DEBUG    | app.main             | log_requests         | [1050497036] GET /api/signals/sse/stream
2025-12-28 10:50:49 | INFO     | app.main             | log_requests         | [1050497036] ✗ GET /api/signals/sse/stream - 404 (1ms)
2025-12-28 10:50:52 | DEBUG    | app.main             | log_requests         | [1050524034] GET /api/indicator/cache-stats
2025-12-28 10:50:52 | INFO     | app.main             | log_requests         | [1050524034] ✔ GET /api/indicator/cache-stats - 200 (0ms)
2025-12-28 10:50:55 | DEBUG    | app.main             | log_requests         | [1050557052] GET /api/signals/sse/stream
2025-12-28 10:50:55 | INFO     | app.main             | log_requests         | [1050557052] ✗ GET /api/signals/sse/stream - 404 (1ms)
2025-12-28 10:51:01 | DEBUG    | app.main             | log_requests         | [1051014031] GET /api/signals/sse/stream
2025-12-28 10:51:01 | INFO     | app.main             | log_requests         | [1051014031] ✗ GET /api/signals/sse/stream - 404 (0ms)
2025-12-28 10:51:07 | DEBUG    | app.main             | log_requests         | [1051077042] GET /api/signals/sse/stream
2025-12-28 10:51:07 | INFO     | app.main             | log_requests         | [1051077042] ✗ GET /api/signals/sse/stream - 404 (1ms)
2025-12-28 10:51:13 | DEBUG    | app.main             | log_requests         | [1051134038] GET /api/signals/sse/stream
2025-12-28 10:51:13 | INFO     | app.main             | log_requests         | [1051134038] ✗ GET /api/signals/sse/stream - 404 (1ms)
2025-12-28 10:51:19 | DEBUG    | app.main             | log_requests         | [1051197024] GET /api/signals/sse/stream
2025-12-28 10:51:19 | INFO     | app.main             | log_requests         | [1051197024] ✗ GET /api/signals/sse/stream - 404 (1ms)
2025-12-28 10:51:25 | DEBUG    | app.main             | log_requests         | [1051254024] GET /api/signals/sse/stream
2025-12-28 10:51:25 | INFO     | app.main             | log_requests         | [1051254024] ✗ GET /api/signals/sse/stream - 404 (1ms)
2025-12-28 10:51:31 | DEBUG    | app.main             | log_requests         | [1051317022] GET /api/signals/sse/stream
2025-12-28 10:51:31 | INFO     | app.main             | log_requests         | [1051317022] ✗ GET /api/signals/sse/stream - 404 (1ms)
2025-12-28 10:51:37 | DEBUG    | app.main             | log_requests         | [1051374033] GET /api/signals/sse/stream
2025-12-28 10:51:37 | INFO     | app.main             | log_requests         | [1051374033] ✗ GET /api/signals/sse/stream - 404 (1ms)
2025-12-28 10:51:43 | DEBUG    | app.main             | log_requests         | [1051437059] GET /api/signals/sse/stream
2025-12-28 10:51:43 | INFO     | app.main             | log_requests         | [1051437059] ✗ GET /api/signals/sse/stream - 404 (1ms)
2025-12-28 10:51:49 | DEBUG    | app.main             | log_requests         | [1051494022] GET /api/signals/sse/stream
2025-12-28 10:51:49 | INFO     | app.main             | log_requests         | [1051494022] ✗ GET /api/signals/sse/stream - 404 (1ms)
2025-12-28 10:51:52 | DEBUG    | app.main             | log_requests         | [1051527045] GET /api/indicator/cache-stats
2025-12-28 10:51:52 | INFO     | app.main             | log_requests         | [1051527045] ✔ GET /api/indicator/cache-stats - 200 (1ms)
2025-12-28 10:51:55 | DEBUG    | app.main             | log_requests         | [1051554013] GET /api/signals/sse/stream
2025-12-28 10:51:55 | INFO     | app.main             | log_requests         | [1051554013] ✗ GET /api/signals/sse/stream - 404 (0ms)
2025-12-28 10:52:01 | DEBUG    | app.main             | log_requests         | [1052017042] GET /api/signals/sse/stream
2025-12-28 10:52:01 | INFO     | app.main             | log_requests         | [1052017042] ✗ GET /api/signals/sse/stream - 404 (1ms)
2025-12-28 10:52:07 | DEBUG    | app.main             | log_requests         | [1052074024] GET /api/signals/sse/stream
2025-12-28 10:52:07 | INFO     | app.main             | log_requests         | [1052074024] ✗ GET /api/signals/sse/stream - 404 (1ms)
2025-12-28 10:52:13 | DEBUG    | app.main             | log_requests         | [1052137058] GET /api/signals/sse/stream
2025-12-28 10:52:13 | INFO     | app.main             | log_requests         | [1052137058] ✗ GET /api/signals/sse/stream - 404 (1ms)
2025-12-28 10:52:19 | DEBUG    | app.main             | log_requests         | [1052194036] GET /api/signals/sse/stream
2025-12-28 10:52:19 | INFO     | app.main             | log_requests         | [1052194036] ✗ GET /api/signals/sse/stream - 404 (0ms)
2025-12-28 10:52:25 | DEBUG    | app.main             | log_requests         | [1052257046] GET /api/signals/sse/stream
2025-12-28 10:52:25 | INFO     | app.main             | log_requests         | [1052257046] ✗ GET /api/signals/sse/stream - 404 (1ms)
2025-12-28 10:52:31 | DEBUG    | app.main             | log_requests         | [1052314027] GET /api/signals/sse/stream
2025-12-28 10:52:31 | INFO     | app.main             | log_requests         | [1052314027] ✗ GET /api/signals/sse/stream - 404 (1ms)
2025-12-28 10:52:37 | DEBUG    | app.main             | log_requests         | [1052377046] GET /api/signals/sse/stream
2025-12-28 10:52:37 | INFO     | app.main             | log_requests         | [1052377046] ✗ GET /api/signals/sse/stream - 404 (1ms)
2025-12-28 10:52:43 | DEBUG    | app.main             | log_requests         | [1052434021] GET /api/signals/sse/stream
2025-12-28 10:52:43 | INFO     | app.main             | log_requests         | [1052434021] ✗ GET /api/signals/sse/stream - 404 (1ms)
2025-12-28 10:52:49 | DEBUG    | app.main             | log_requests         | [1052497034] GET /api/signals/sse/stream
2025-12-28 10:52:49 | INFO     | app.main             | log_requests         | [1052497034] ✗ GET /api/signals/sse/stream - 404 (1ms)
2025-12-28 10:52:52 | DEBUG    | app.main             | log_requests         | [1052524025] GET /api/indicator/cache-stats
2025-12-28 10:52:52 | INFO     | app.main             | log_requests         | [1052524025] ✔ GET /api/indicator/cache-stats - 200 (1ms)
2025-12-28 10:52:55 | DEBUG    | app.main             | log_requests         | [1052557062] GET /api/signals/sse/stream
2025-12-28 10:52:55 | INFO     | app.main             | log_requests         | [1052557062] ✗ GET /api/signals/sse/stream - 404 (0ms)
2025-12-28 10:53:01 | DEBUG    | app.main             | log_requests         | [1053014025] GET /api/signals/sse/stream
2025-12-28 10:53:01 | INFO     | app.main             | log_requests         | [1053014025] ✗ GET /api/signals/sse/stream - 404 (0ms)
2025-12-28 10:53:07 | DEBUG    | app.main             | log_requests         | [1053077037] GET /api/signals/sse/stream
2025-12-28 10:53:07 | INFO     | app.main             | log_requests         | [1053077037] ✗ GET /api/signals/sse/stream - 404 (1ms)
2025-12-28 10:53:13 | DEBUG    | app.main             | log_requests         | [1053134024] GET /api/signals/sse/stream
2025-12-28 10:53:13 | INFO     | app.main             | log_requests         | [1053134024] ✗ GET /api/signals/sse/stream - 404 (1ms)
2025-12-28 10:53:19 | DEBUG    | app.main             | log_requests         | [1053197032] GET /api/signals/sse/stream
2025-12-28 10:53:19 | INFO     | app.main             | log_requests         | [1053197032] ✗ GET /api/signals/sse/stream - 404 (1ms)
2025-12-28 10:53:25 | DEBUG    | app.main             | log_requests         | [1053254027] GET /api/signals/sse/stream
2025-12-28 10:53:25 | INFO     | app.main             | log_requests         | [1053254027] ✗ GET /api/signals/sse/stream - 404 (1ms)
2025-12-28 10:53:31 | DEBUG    | app.main             | log_requests         | [1053317029] GET /api/signals/sse/stream
2025-12-28 10:53:31 | INFO     | app.main             | log_requests         | [1053317029] ✗ GET /api/signals/sse/stream - 404 (1ms)
2025-12-28 10:53:37 | DEBUG    | app.main             | log_requests         | [1053374027] GET /api/signals/sse/stream
2025-12-28 10:53:37 | INFO     | app.main             | log_requests         | [1053374027] ✗ GET /api/signals/sse/stream - 404 (1ms)
2025-12-28 10:53:43 | DEBUG    | app.main             | log_requests         | [1053437032] GET /api/signals/sse/stream
2025-12-28 10:53:43 | INFO     | app.main             | log_requests         | [1053437032] ✗ GET /api/signals/sse/stream - 404 (0ms)
2025-12-28 10:53:49 | DEBUG    | app.main             | log_requests         | [1053494038] GET /api/signals/sse/stream
2025-12-28 10:53:49 | INFO     | app.main             | log_requests         | [1053494038] ✗ GET /api/signals/sse/stream - 404 (1ms)
2025-12-28 10:53:52 | DEBUG    | app.main             | log_requests         | [1053527055] GET /api/indicator/cache-stats
2025-12-28 10:53:52 | INFO     | app.main             | log_requests         | [1053527055] ✔ GET /api/indicator/cache-stats - 200 (0ms)
2025-12-28 10:53:55 | DEBUG    | app.main             | log_requests         | [1053554027] GET /api/signals/sse/stream
2025-12-28 10:53:55 | INFO     | app.main             | log_requests         | [1053554027] ✗ GET /api/signals/sse/stream - 404 (1ms)
2025-12-28 10:54:01 | DEBUG    | app.main             | log_requests         | [1054017030] GET /api/signals/sse/stream
2025-12-28 10:54:01 | INFO     | app.main             | log_requests         | [1054017030] ✗ GET /api/signals/sse/stream - 404 (0ms)
2025-12-28 10:54:07 | DEBUG    | app.main             | log_requests         | [1054074034] GET /api/signals/sse/stream
2025-12-28 10:54:07 | INFO     | app.main             | log_requests         | [1054074034] ✗ GET /api/signals/sse/stream - 404 (1ms)
2025-12-28 10:54:13 | DEBUG    | app.main             | log_requests         | [1054137032] GET /api/signals/sse/stream
2025-12-28 10:54:13 | INFO     | app.main             | log_requests         | [1054137032] ✗ GET /api/signals/sse/stream - 404 (0ms)
2025-12-28 10:54:19 | DEBUG    | app.main             | log_requests         | [1054194022] GET /api/signals/sse/stream
2025-12-28 10:54:19 | INFO     | app.main             | log_requests         | [1054194022] ✗ GET /api/signals/sse/stream - 404 (1ms)
2025-12-28 10:54:25 | DEBUG    | app.main             | log_requests         | [1054257032] GET /api/signals/sse/stream
2025-12-28 10:54:25 | INFO     | app.main             | log_requests         | [1054257032] ✗ GET /api/signals/sse/stream - 404 (0ms)
2025-12-28 10:54:31 | DEBUG    | app.main             | log_requests         | [1054314027] GET /api/signals/sse/stream
2025-12-28 10:54:31 | INFO     | app.main             | log_requests         | [1054314027] ✗ GET /api/signals/sse/stream - 404 (0ms)
2025-12-28 10:54:37 | DEBUG    | app.main             | log_requests         | [1054377030] GET /api/signals/sse/stream
2025-12-28 10:54:37 | INFO     | app.main             | log_requests         | [1054377030] ✗ GET /api/signals/sse/stream - 404 (0ms)
2025-12-28 10:54:43 | DEBUG    | app.main             | log_requests         | [1054434024] GET /api/signals/sse/stream
2025-12-28 10:54:43 | INFO     | app.main             | log_requests         | [1054434024] ✗ GET /api/signals/sse/stream - 404 (1ms)
2025-12-28 10:54:49 | DEBUG    | app.main             | log_requests         | [1054497050] GET /api/signals/sse/stream
2025-12-28 10:54:49 | INFO     | app.main             | log_requests         | [1054497050] ✗ GET /api/signals/sse/stream - 404 (1ms)
2025-12-28 10:54:52 | DEBUG    | app.main             | log_requests         | [1054524029] GET /api/indicator/cache-stats
2025-12-28 10:54:52 | INFO     | app.main             | log_requests         | [1054524029] ✔ GET /api/indicator/cache-stats - 200 (1ms)
2025-12-28 10:54:55 | DEBUG    | app.main             | log_requests         | [1054557035] GET /api/signals/sse/stream
2025-12-28 10:54:55 | INFO     | app.main             | log_requests         | [1054557035] ✗ GET /api/signals/sse/stream - 404 (1ms)
2025-12-28 10:55:01 | DEBUG    | app.main             | log_requests         | [1055014023] GET /api/signals/sse/stream
2025-12-28 10:55:01 | INFO     | app.main             | log_requests         | [1055014023] ✗ GET /api/signals/sse/stream - 404 (2ms)
2025-12-28 10:55:07 | DEBUG    | app.main             | log_requests         | [1055077040] GET /api/signals/sse/stream
2025-12-28 10:55:07 | INFO     | app.main             | log_requests         | [1055077040] ✗ GET /api/signals/sse/stream - 404 (1ms)
2025-12-28 10:55:13 | DEBUG    | app.main             | log_requests         | [1055134035] GET /api/signals/sse/stream
2025-12-28 10:55:13 | INFO     | app.main             | log_requests         | [1055134035] ✗ GET /api/signals/sse/stream - 404 (1ms)
2025-12-28 10:55:19 | DEBUG    | app.main             | log_requests         | [1055197030] GET /api/signals/sse/stream
2025-12-28 10:55:19 | INFO     | app.main             | log_requests         | [1055197030] ✗ GET /api/signals/sse/stream - 404 (0ms)
2025-12-28 10:55:25 | DEBUG    | app.main             | log_requests         | [1055254033] GET /api/signals/sse/stream
2025-12-28 10:55:25 | INFO     | app.main             | log_requests         | [1055254033] ✗ GET /api/signals/sse/stream - 404 (0ms)
2025-12-28 10:55:31 | DEBUG    | app.main             | log_requests         | [1055317042] GET /api/signals/sse/stream
2025-12-28 10:55:31 | INFO     | app.main             | log_requests         | [1055317042] ✗ GET /api/signals/sse/stream - 404 (1ms)
2025-12-28 10:55:37 | DEBUG    | app.main             | log_requests         | [1055374029] GET /api/signals/sse/stream
2025-12-28 10:55:37 | INFO     | app.main             | log_requests         | [1055374029] ✗ GET /api/signals/sse/stream - 404 (1ms)
2025-12-28 10:55:43 | DEBUG    | app.main             | log_requests         | [1055437045] GET /api/signals/sse/stream
2025-12-28 10:55:43 | INFO     | app.main             | log_requests         | [1055437045] ✗ GET /api/signals/sse/stream - 404 (1ms)
2025-12-28 10:55:49 | DEBUG    | app.main             | log_requests         | [1055494014] GET /api/signals/sse/stream
2025-12-28 10:55:49 | INFO     | app.main             | log_requests         | [1055494014] ✗ GET /api/signals/sse/stream - 404 (1ms)
2025-12-28 10:55:52 | DEBUG    | app.main             | log_requests         | [1055527041] GET /api/indicator/cache-stats
2025-12-28 10:55:52 | INFO     | app.main             | log_requests         | [1055527041] ✔ GET /api/indicator/cache-stats - 200 (1ms)
2025-12-28 10:55:55 | DEBUG    | app.main             | log_requests         | [1055554028] GET /api/signals/sse/stream
2025-12-28 10:55:55 | INFO     | app.main             | log_requests         | [1055554028] ✗ GET /api/signals/sse/stream - 404 (1ms)
2025-12-28 10:56:01 | DEBUG    | app.main             | log_requests         | [1056017023] GET /api/signals/sse/stream
2025-12-28 10:56:01 | INFO     | app.main             | log_requests         | [1056017023] ✗ GET /api/signals/sse/stream - 404 (1ms)
2025-12-28 10:56:07 | DEBUG    | app.main             | log_requests         | [1056074028] GET /api/signals/sse/stream
2025-12-28 10:56:07 | INFO     | app.main             | log_requests         | [1056074028] ✗ GET /api/signals/sse/stream - 404 (1ms)
2025-12-28 10:56:13 | DEBUG    | app.main             | log_requests         | [1056137027] GET /api/signals/sse/stream
2025-12-28 10:56:13 | INFO     | app.main             | log_requests         | [1056137027] ✗ GET /api/signals/sse/stream - 404 (1ms)
2025-12-28 10:56:19 | DEBUG    | app.main             | log_requests         | [1056194030] GET /api/signals/sse/stream
2025-12-28 10:56:19 | INFO     | app.main             | log_requests         | [1056194030] ✗ GET /api/signals/sse/stream - 404 (1ms)
2025-12-28 10:56:25 | DEBUG    | app.main             | log_requests         | [1056257047] GET /api/signals/sse/stream
2025-12-28 10:56:25 | INFO     | app.main             | log_requests         | [1056257047] ✗ GET /api/signals/sse/stream - 404 (1ms)
2025-12-28 10:56:31 | DEBUG    | app.main             | log_requests         | [1056314026] GET /api/signals/sse/stream
2025-12-28 10:56:31 | INFO     | app.main             | log_requests         | [1056314026] ✗ GET /api/signals/sse/stream - 404 (1ms)
2025-12-28 10:56:37 | DEBUG    | app.main             | log_requests         | [1056377034] GET /api/signals/sse/stream
2025-12-28 10:56:37 | INFO     | app.main             | log_requests         | [1056377034] ✗ GET /api/signals/sse/stream - 404 (1ms)
2025-12-28 10:56:43 | DEBUG    | app.main             | log_requests         | [1056434017] GET /api/signals/sse/stream
2025-12-28 10:56:43 | INFO     | app.main             | log_requests         | [1056434017] ✗ GET /api/signals/sse/stream - 404 (1ms)
2025-12-28 10:56:49 | DEBUG    | app.main             | log_requests         | [1056497041] GET /api/signals/sse/stream
2025-12-28 10:56:49 | INFO     | app.main             | log_requests         | [1056497041] ✗ GET /api/signals/sse/stream - 404 (1ms)
2025-12-28 10:56:52 | DEBUG    | app.main             | log_requests         | [1056524025] GET /api/indicator/cache-stats
2025-12-28 10:56:52 | INFO     | app.main             | log_requests         | [1056524025] ✔ GET /api/indicator/cache-stats - 200 (0ms)
2025-12-28 10:56:55 | DEBUG    | app.main             | log_requests         | [1056557040] GET /api/signals/sse/stream
2025-12-28 10:56:55 | INFO     | app.main             | log_requests         | [1056557040] ✗ GET /api/signals/sse/stream - 404 (1ms)
2025-12-28 10:57:01 | DEBUG    | app.main             | log_requests         | [1057014028] GET /api/signals/sse/stream
2025-12-28 10:57:01 | INFO     | app.main             | log_requests         | [1057014028] ✗ GET /api/signals/sse/stream - 404 (1ms)
2025-12-28 10:57:07 | DEBUG    | app.main             | log_requests         | [1057077053] GET /api/signals/sse/stream
2025-12-28 10:57:07 | INFO     | app.main             | log_requests         | [1057077053] ✗ GET /api/signals/sse/stream - 404 (0ms)
2025-12-28 10:57:13 | DEBUG    | app.main             | log_requests         | [1057134046] GET /api/signals/sse/stream
2025-12-28 10:57:13 | INFO     | app.main             | log_requests         | [1057134046] ✗ GET /api/signals/sse/stream - 404 (0ms)
2025-12-28 10:57:19 | DEBUG    | app.main             | log_requests         | [1057197043] GET /api/signals/sse/stream
2025-12-28 10:57:19 | INFO     | app.main             | log_requests         | [1057197043] ✗ GET /api/signals/sse/stream - 404 (1ms)
2025-12-28 10:57:25 | DEBUG    | app.main             | log_requests         | [1057254034] GET /api/signals/sse/stream
2025-12-28 10:57:25 | INFO     | app.main             | log_requests         | [1057254034] ✗ GET /api/signals/sse/stream - 404 (0ms)
2025-12-28 10:57:31 | DEBUG    | app.main             | log_requests         | [1057317041] GET /api/signals/sse/stream
2025-12-28 10:57:31 | INFO     | app.main             | log_requests         | [1057317041] ✗ GET /api/signals/sse/stream - 404 (1ms)
2025-12-28 10:57:37 | DEBUG    | app.main             | log_requests         | [1057374022] GET /api/signals/sse/stream
2025-12-28 10:57:37 | INFO     | app.main             | log_requests         | [1057374022] ✗ GET /api/signals/sse/stream - 404 (1ms)
2025-12-28 10:57:43 | DEBUG    | app.main             | log_requests         | [1057437023] GET /api/signals/sse/stream
2025-12-28 10:57:43 | INFO     | app.main             | log_requests         | [1057437023] ✗ GET /api/signals/sse/stream - 404 (0ms)
2025-12-28 10:57:49 | DEBUG    | app.main             | log_requests         | [1057494030] GET /api/signals/sse/stream
2025-12-28 10:57:49 | INFO     | app.main             | log_requests         | [1057494030] ✗ GET /api/signals/sse/stream - 404 (1ms)
2025-12-28 10:57:52 | DEBUG    | app.main             | log_requests         | [1057527046] GET /api/indicator/cache-stats
2025-12-28 10:57:52 | INFO     | app.main             | log_requests         | [1057527046] ✔ GET /api/indicator/cache-stats - 200 (0ms)
2025-12-28 10:57:55 | DEBUG    | app.main             | log_requests         | [1057554022] GET /api/signals/sse/stream
2025-12-28 10:57:55 | INFO     | app.main             | log_requests         | [1057554022] ✗ GET /api/signals/sse/stream - 404 (1ms)
2025-12-28 10:58:01 | DEBUG    | app.main             | log_requests         | [1058017038] GET /api/signals/sse/stream
2025-12-28 10:58:01 | INFO     | app.main             | log_requests         | [1058017038] ✗ GET /api/signals/sse/stream - 404 (1ms)
2025-12-28 10:58:07 | DEBUG    | app.main             | log_requests         | [1058074040] GET /api/signals/sse/stream
2025-12-28 10:58:07 | INFO     | app.main             | log_requests         | [1058074040] ✗ GET /api/signals/sse/stream - 404 (2ms)
2025-12-28 10:58:13 | DEBUG    | app.main             | log_requests         | [1058137036] GET /api/signals/sse/stream
2025-12-28 10:58:13 | INFO     | app.main             | log_requests         | [1058137036] ✗ GET /api/signals/sse/stream - 404 (1ms)
2025-12-28 10:58:19 | DEBUG    | app.main             | log_requests         | [1058194016] GET /api/signals/sse/stream
2025-12-28 10:58:19 | INFO     | app.main             | log_requests         | [1058194016] ✗ GET /api/signals/sse/stream - 404 (0ms)
2025-12-28 10:58:25 | DEBUG    | app.main             | log_requests         | [1058257044] GET /api/signals/sse/stream
2025-12-28 10:58:25 | INFO     | app.main             | log_requests         | [1058257044] ✗ GET /api/signals/sse/stream - 404 (1ms)
2025-12-28 10:58:31 | DEBUG    | app.main             | log_requests         | [1058314025] GET /api/signals/sse/stream
2025-12-28 10:58:31 | INFO     | app.main             | log_requests         | [1058314025] ✗ GET /api/signals/sse/stream - 404 (1ms)
2025-12-28 10:58:37 | DEBUG    | app.main             | log_requests         | [1058377041] GET /api/signals/sse/stream
2025-12-28 10:58:37 | INFO     | app.main             | log_requests         | [1058377041] ✗ GET /api/signals/sse/stream - 404 (0ms)
2025-12-28 10:58:43 | DEBUG    | app.main             | log_requests         | [1058434024] GET /api/signals/sse/stream
2025-12-28 10:58:43 | INFO     | app.main             | log_requests         | [1058434024] ✗ GET /api/signals/sse/stream - 404 (0ms)
2025-12-28 10:58:49 | DEBUG    | app.main             | log_requests         | [1058497026] GET /api/signals/sse/stream
2025-12-28 10:58:49 | INFO     | app.main             | log_requests         | [1058497026] ✗ GET /api/signals/sse/stream - 404 (0ms)
2025-12-28 10:58:52 | DEBUG    | app.main             | log_requests         | [1058524032] GET /api/indicator/cache-stats
2025-12-28 10:58:52 | INFO     | app.main             | log_requests         | [1058524032] ✔ GET /api/indicator/cache-stats - 200 (0ms)
2025-12-28 10:58:55 | DEBUG    | app.main             | log_requests         | [1058557041] GET /api/signals/sse/stream
2025-12-28 10:58:55 | INFO     | app.main             | log_requests         | [1058557041] ✗ GET /api/signals/sse/stream - 404 (1ms)
2025-12-28 10:59:01 | DEBUG    | app.main             | log_requests         | [1059014036] GET /api/signals/sse/stream
2025-12-28 10:59:01 | INFO     | app.main             | log_requests         | [1059014036] ✗ GET /api/signals/sse/stream - 404 (0ms)
2025-12-28 10:59:07 | DEBUG    | app.main             | log_requests         | [1059077036] GET /api/signals/sse/stream
2025-12-28 10:59:07 | INFO     | app.main             | log_requests         | [1059077036] ✗ GET /api/signals/sse/stream - 404 (0ms)
2025-12-28 10:59:13 | DEBUG    | app.main             | log_requests         | [1059134032] GET /api/signals/sse/stream
2025-12-28 10:59:13 | INFO     | app.main             | log_requests         | [1059134032] ✗ GET /api/signals/sse/stream - 404 (1ms)
2025-12-28 10:59:19 | DEBUG    | app.main             | log_requests         | [1059197018] GET /api/signals/sse/stream
2025-12-28 10:59:19 | INFO     | app.main             | log_requests         | [1059197018] ✗ GET /api/signals/sse/stream - 404 (0ms)
2025-12-28 10:59:25 | DEBUG    | app.main             | log_requests         | [1059254031] GET /api/signals/sse/stream
2025-12-28 10:59:25 | INFO     | app.main             | log_requests         | [1059254031] ✗ GET /api/signals/sse/stream - 404 (1ms)
2025-12-28 10:59:31 | DEBUG    | app.main             | log_requests         | [1059317035] GET /api/signals/sse/stream
2025-12-28 10:59:31 | INFO     | app.main             | log_requests         | [1059317035] ✗ GET /api/signals/sse/stream - 404 (0ms)
2025-12-28 10:59:37 | DEBUG    | app.main             | log_requests         | [1059374036] GET /api/signals/sse/stream
2025-12-28 10:59:37 | INFO     | app.main             | log_requests         | [1059374036] ✗ GET /api/signals/sse/stream - 404 (1ms)
2025-12-28 10:59:43 | DEBUG    | app.main             | log_requests         | [1059437042] GET /api/signals/sse/stream
2025-12-28 10:59:43 | INFO     | app.main             | log_requests         | [1059437042] ✗ GET /api/signals/sse/stream - 404 (0ms)
2025-12-28 10:59:49 | DEBUG    | app.main             | log_requests         | [1059494022] GET /api/signals/sse/stream
2025-12-28 10:59:49 | INFO     | app.main             | log_requests         | [1059494022] ✗ GET /api/signals/sse/stream - 404 (1ms)
2025-12-28 10:59:52 | DEBUG    | app.main             | log_requests         | [1059527032] GET /api/indicator/cache-stats
2025-12-28 10:59:52 | INFO     | app.main             | log_requests         | [1059527032] ✔ GET /api/indicator/cache-stats - 200 (1ms)
2025-12-28 10:59:55 | DEBUG    | app.main             | log_requests         | [1059554026] GET /api/signals/sse/stream
2025-12-28 10:59:55 | INFO     | app.main             | log_requests         | [1059554026] ✗ GET /api/signals/sse/stream - 404 (1ms)
2025-12-28 11:00:01 | DEBUG    | app.main             | log_requests         | [1100017034] GET /api/signals/sse/stream
2025-12-28 11:00:01 | INFO     | app.main             | log_requests         | [1100017034] ✗ GET /api/signals/sse/stream - 404 (1ms)
2025-12-28 11:00:07 | DEBUG    | app.main             | log_requests         | [1100074019] GET /api/signals/sse/stream
2025-12-28 11:00:07 | INFO     | app.main             | log_requests         | [1100074019] ✗ GET /api/signals/sse/stream - 404 (0ms)
2025-12-28 11:00:13 | DEBUG    | app.main             | log_requests         | [1100137035] GET /api/signals/sse/stream
2025-12-28 11:00:13 | INFO     | app.main             | log_requests         | [1100137035] ✗ GET /api/signals/sse/stream - 404 (0ms)
2025-12-28 11:00:19 | DEBUG    | app.main             | log_requests         | [1100194027] GET /api/signals/sse/stream
2025-12-28 11:00:19 | INFO     | app.main             | log_requests         | [1100194027] ✗ GET /api/signals/sse/stream - 404 (1ms)
2025-12-28 11:00:25 | DEBUG    | app.main             | log_requests         | [1100257042] GET /api/signals/sse/stream
2025-12-28 11:00:25 | INFO     | app.main             | log_requests         | [1100257042] ✗ GET /api/signals/sse/stream - 404 (1ms)
2025-12-28 11:00:31 | DEBUG    | app.main             | log_requests         | [1100314026] GET /api/signals/sse/stream
2025-12-28 11:00:31 | INFO     | app.main             | log_requests         | [1100314026] ✗ GET /api/signals/sse/stream - 404 (1ms)
2025-12-28 11:00:37 | DEBUG    | app.main             | log_requests         | [1100377038] GET /api/signals/sse/stream
2025-12-28 11:00:37 | INFO     | app.main             | log_requests         | [1100377038] ✗ GET /api/signals/sse/stream - 404 (1ms)
2025-12-28 11:00:43 | DEBUG    | app.main             | log_requests         | [1100434021] GET /api/signals/sse/stream
2025-12-28 11:00:43 | INFO     | app.main             | log_requests         | [1100434021] ✗ GET /api/signals/sse/stream - 404 (1ms)
2025-12-28 11:00:49 | DEBUG    | app.main             | log_requests         | [1100497042] GET /api/signals/sse/stream
2025-12-28 11:00:49 | INFO     | app.main             | log_requests         | [1100497042] ✗ GET /api/signals/sse/stream - 404 (1ms)
2025-12-28 11:00:52 | DEBUG    | app.main             | log_requests         | [1100524021] GET /api/indicator/cache-stats
2025-12-28 11:00:52 | INFO     | app.main             | log_requests         | [1100524021] ✔ GET /api/indicator/cache-stats - 200 (1ms)
2025-12-28 11:00:55 | DEBUG    | app.main             | log_requests         | [1100557028] GET /api/signals/sse/stream
2025-12-28 11:00:55 | INFO     | app.main             | log_requests         | [1100557028] ✗ GET /api/signals/sse/stream - 404 (0ms)
2025-12-28 11:01:01 | DEBUG    | app.main             | log_requests         | [1101014018] GET /api/signals/sse/stream
2025-12-28 11:01:01 | INFO     | app.main             | log_requests         | [1101014018] ✗ GET /api/signals/sse/stream - 404 (1ms)
2025-12-28 11:01:07 | DEBUG    | app.main             | log_requests         | [1101077034] GET /api/signals/sse/stream
2025-12-28 11:01:07 | INFO     | app.main             | log_requests         | [1101077034] ✗ GET /api/signals/sse/stream - 404 (1ms)
2025-12-28 11:01:13 | DEBUG    | app.main             | log_requests         | [1101134026] GET /api/signals/sse/stream
2025-12-28 11:01:13 | INFO     | app.main             | log_requests         | [1101134026] ✗ GET /api/signals/sse/stream - 404 (1ms)
2025-12-28 11:01:19 | DEBUG    | app.main             | log_requests         | [1101197034] GET /api/signals/sse/stream
2025-12-28 11:01:19 | INFO     | app.main             | log_requests         | [1101197034] ✗ GET /api/signals/sse/stream - 404 (1ms)
2025-12-28 11:01:25 | DEBUG    | app.main             | log_requests         | [1101254020] GET /api/signals/sse/stream
2025-12-28 11:01:25 | INFO     | app.main             | log_requests         | [1101254020] ✗ GET /api/signals/sse/stream - 404 (1ms)
2025-12-28 11:01:31 | DEBUG    | app.main             | log_requests         | [1101317055] GET /api/signals/sse/stream
2025-12-28 11:01:31 | INFO     | app.main             | log_requests         | [1101317055] ✗ GET /api/signals/sse/stream - 404 (1ms)
2025-12-28 11:01:37 | DEBUG    | app.main             | log_requests         | [1101374028] GET /api/signals/sse/stream
2025-12-28 11:01:37 | INFO     | app.main             | log_requests         | [1101374028] ✗ GET /api/signals/sse/stream - 404 (1ms)
2025-12-28 11:01:43 | DEBUG    | app.main             | log_requests         | [1101437039] GET /api/signals/sse/stream
2025-12-28 11:01:43 | INFO     | app.main             | log_requests         | [1101437039] ✗ GET /api/signals/sse/stream - 404 (1ms)
2025-12-28 11:01:49 | DEBUG    | app.main             | log_requests         | [1101494019] GET /api/signals/sse/stream
2025-12-28 11:01:49 | INFO     | app.main             | log_requests         | [1101494019] ✗ GET /api/signals/sse/stream - 404 (0ms)
2025-12-28 11:01:52 | DEBUG    | app.main             | log_requests         | [1101527045] GET /api/indicator/cache-stats
2025-12-28 11:01:52 | INFO     | app.main             | log_requests         | [1101527045] ✔ GET /api/indicator/cache-stats - 200 (1ms)
2025-12-28 11:01:55 | DEBUG    | app.main             | log_requests         | [1101554040] GET /api/signals/sse/stream
2025-12-28 11:01:55 | INFO     | app.main             | log_requests         | [1101554040] ✗ GET /api/signals/sse/stream - 404 (0ms)
2025-12-28 11:02:01 | DEBUG    | app.main             | log_requests         | [1102017047] GET /api/signals/sse/stream
2025-12-28 11:02:01 | INFO     | app.main             | log_requests         | [1102017047] ✗ GET /api/signals/sse/stream - 404 (1ms)
2025-12-28 11:02:07 | DEBUG    | app.main             | log_requests         | [1102074029] GET /api/signals/sse/stream
2025-12-28 11:02:07 | INFO     | app.main             | log_requests         | [1102074029] ✗ GET /api/signals/sse/stream - 404 (1ms)
2025-12-28 11:02:13 | DEBUG    | app.main             | log_requests         | [1102137022] GET /api/signals/sse/stream
2025-12-28 11:02:13 | INFO     | app.main             | log_requests         | [1102137022] ✗ GET /api/signals/sse/stream - 404 (0ms)
2025-12-28 11:02:19 | DEBUG    | app.main             | log_requests         | [1102194041] GET /api/signals/sse/stream
2025-12-28 11:02:19 | INFO     | app.main             | log_requests         | [1102194041] ✗ GET /api/signals/sse/stream - 404 (1ms)
2025-12-28 11:02:43 | DEBUG    | app.main             | log_requests         | [1102434243] POST /
2025-12-28 11:02:43 | INFO     | app.main             | log_requests         | [1102434243] ✗ POST / - 405 (0ms)
2025-12-28 11:10:03 | DEBUG    | app.main             | log_requests         | [1110033228] GET /
2025-12-28 11:10:03 | INFO     | app.main             | log_requests         | [1110033228] ✔ GET / - 200 (0ms)
2025-12-28 11:12:34 | DEBUG    | app.main             | log_requests         | [1112343029] OPTIONS /
2025-12-28 11:12:34 | INFO     | app.main             | log_requests         | [1112343029] ✗ OPTIONS / - 405 (1ms)
2025-12-28 11:12:44 | DEBUG    | app.main             | log_requests         | [1112443545] GET /SDK/webLanguage
2025-12-28 11:12:44 | INFO     | app.main             | log_requests         | [1112443545] ✗ GET /SDK/webLanguage - 404 (1ms)
2025-12-28 11:29:27 | DEBUG    | app.main             | log_requests         | [1129278810] GET /
2025-12-28 11:29:27 | INFO     | app.main             | log_requests         | [1129278810] ✔ GET / - 200 (2ms)
2025-12-28 11:38:13 | DEBUG    | app.main             | log_requests         | [1138133521] OPTIONS /
2025-12-28 11:38:13 | INFO     | app.main             | log_requests         | [1138133521] ✗ OPTIONS / - 405 (1ms)
2025-12-28 11:38:23 | DEBUG    | app.main             | log_requests         | [1138233699] GET /SDK/webLanguage
2025-12-28 11:38:23 | INFO     | app.main             | log_requests         | [1138233699] ✗ GET /SDK/webLanguage - 404 (0ms)
2025-12-28 11:50:01 | DEBUG    | app.main             | log_requests         | [1150014985] GET /.env
2025-12-28 11:50:01 | INFO     | app.main             | log_requests         | [1150014985] ✗ GET /.env - 404 (1ms)
2025-12-28 11:50:01 | DEBUG    | app.main             | log_requests         | [1150016401] GET /api/.env
2025-12-28 11:50:01 | INFO     | app.main             | log_requests         | [1150016401] ✗ GET /api/.env - 404 (0ms)
2025-12-28 11:50:01 | DEBUG    | app.main             | log_requests         | [1150017977] GET /backend/.env
2025-12-28 11:50:01 | INFO     | app.main             | log_requests         | [1150017977] ✗ GET /backend/.env - 404 (1ms)
2025-12-28 11:50:01 | DEBUG    | app.main             | log_requests         | [1150019806] GET /admin/.env
2025-12-28 11:50:01 | INFO     | app.main             | log_requests         | [1150019806] ✗ GET /admin/.env - 404 (0ms)
2025-12-28 11:50:02 | DEBUG    | app.main             | log_requests         | [1150021090] GET /.env.example
2025-12-28 11:50:02 | INFO     | app.main             | log_requests         | [1150021090] ✗ GET /.env.example - 404 (0ms)
2025-12-28 11:50:02 | DEBUG    | app.main             | log_requests         | [1150022382] GET /app_dev.php/_profiler/phpinfo
2025-12-28 11:50:02 | INFO     | app.main             | log_requests         | [1150022382] ✗ GET /app_dev.php/_profiler/phpinfo - 404 (2ms)
2025-12-28 11:50:02 | DEBUG    | app.main             | log_requests         | [1150023692] GET /
2025-12-28 11:50:02 | INFO     | app.main             | log_requests         | [1150023692] ✔ GET / - 200 (1ms)
2025-12-28 12:04:58 | DEBUG    | app.main             | log_requests         | [1204585434] GET /
2025-12-28 12:04:58 | INFO     | app.main             | log_requests         | [1204585434] ✔ GET / - 200 (1ms)
2025-12-28 12:13:05 | DEBUG    | app.main             | log_requests         | [1213058267] GET /boaform/admin/formLogin
2025-12-28 12:13:05 | INFO     | app.main             | log_requests         | [1213058267] ✗ GET /boaform/admin/formLogin - 404 (1ms)
2025-12-28 12:15:57 | DEBUG    | app.main             | log_requests         | [1215574527] GET /
2025-12-28 12:15:57 | INFO     | app.main             | log_requests         | [1215574527] ✔ GET / - 200 (0ms)
2025-12-28 12:38:30 | DEBUG    | app.main             | log_requests         | [1238302207] GET /
2025-12-28 12:38:30 | INFO     | app.main             | log_requests         | [1238302207] ✔ GET / - 200 (1ms)
2025-12-28 12:57:29 | DEBUG    | app.main             | log_requests         | [1257293279] GET /developmentserver/metadatauploader
2025-12-28 12:57:29 | INFO     | app.main             | log_requests         | [1257293279] ✗ GET /developmentserver/metadatauploader - 404 (0ms)
2025-12-28 13:04:34 | DEBUG    | app.main             | log_requests         | [1304345486] POST /hello.world
2025-12-28 13:04:34 | INFO     | app.main             | log_requests         | [1304345486] ✗ POST /hello.world - 404 (1ms)
2025-12-28 13:04:34 | DEBUG    | app.main             | log_requests         | [1304347954] POST /
2025-12-28 13:04:34 | INFO     | app.main             | log_requests         | [1304347954] ✗ POST / - 405 (1ms)
2025-12-28 13:04:35 | DEBUG    | app.main             | log_requests         | [1304350441] GET /vendor/phpunit/phpunit/src/Util/PHP/eval-stdin.php
2025-12-28 13:04:35 | INFO     | app.main             | log_requests         | [1304350441] ✗ GET /vendor/phpunit/phpunit/src/Util/PHP/eval-stdin.php - 404 (1ms)
2025-12-28 13:04:35 | DEBUG    | app.main             | log_requests         | [1304352938] GET /vendor/phpunit/phpunit/Util/PHP/eval-stdin.php
2025-12-28 13:04:35 | INFO     | app.main             | log_requests         | [1304352938] ✗ GET /vendor/phpunit/phpunit/Util/PHP/eval-stdin.php - 404 (2ms)
2025-12-28 13:04:35 | DEBUG    | app.main             | log_requests         | [1304355430] GET /vendor/phpunit/src/Util/PHP/eval-stdin.php
2025-12-28 13:04:35 | INFO     | app.main             | log_requests         | [1304355430] ✗ GET /vendor/phpunit/src/Util/PHP/eval-stdin.php - 404 (1ms)
2025-12-28 13:04:35 | DEBUG    | app.main             | log_requests         | [1304357894] GET /vendor/phpunit/Util/PHP/eval-stdin.php
2025-12-28 13:04:35 | INFO     | app.main             | log_requests         | [1304357894] ✗ GET /vendor/phpunit/Util/PHP/eval-stdin.php - 404 (0ms)
2025-12-28 13:04:36 | DEBUG    | app.main             | log_requests         | [1304360404] GET /vendor/phpunit/phpunit/LICENSE/eval-stdin.php
2025-12-28 13:04:36 | INFO     | app.main             | log_requests         | [1304360404] ✗ GET /vendor/phpunit/phpunit/LICENSE/eval-stdin.php - 404 (1ms)
2025-12-28 13:04:36 | DEBUG    | app.main             | log_requests         | [1304362866] GET /vendor/vendor/phpunit/phpunit/src/Util/PHP/eval-stdin.php
2025-12-28 13:04:36 | INFO     | app.main             | log_requests         | [1304362866] ✗ GET /vendor/vendor/phpunit/phpunit/src/Util/PHP/eval-stdin.php - 404 (0ms)
2025-12-28 13:04:36 | DEBUG    | app.main             | log_requests         | [1304365347] GET /phpunit/phpunit/src/Util/PHP/eval-stdin.php
2025-12-28 13:04:36 | INFO     | app.main             | log_requests         | [1304365347] ✗ GET /phpunit/phpunit/src/Util/PHP/eval-stdin.php - 404 (1ms)
2025-12-28 13:04:36 | DEBUG    | app.main             | log_requests         | [1304367812] GET /phpunit/phpunit/Util/PHP/eval-stdin.php
2025-12-28 13:04:36 | INFO     | app.main             | log_requests         | [1304367812] ✗ GET /phpunit/phpunit/Util/PHP/eval-stdin.php - 404 (1ms)
2025-12-28 13:04:37 | DEBUG    | app.main             | log_requests         | [1304370307] GET /phpunit/src/Util/PHP/eval-stdin.php
2025-12-28 13:04:37 | INFO     | app.main             | log_requests         | [1304370307] ✗ GET /phpunit/src/Util/PHP/eval-stdin.php - 404 (1ms)
2025-12-28 13:04:37 | DEBUG    | app.main             | log_requests         | [1304372778] GET /phpunit/Util/PHP/eval-stdin.php
2025-12-28 13:04:37 | INFO     | app.main             | log_requests         | [1304372778] ✗ GET /phpunit/Util/PHP/eval-stdin.php - 404 (1ms)
2025-12-28 13:04:37 | DEBUG    | app.main             | log_requests         | [1304375253] GET /lib/phpunit/phpunit/src/Util/PHP/eval-stdin.php
2025-12-28 13:04:37 | INFO     | app.main             | log_requests         | [1304375253] ✗ GET /lib/phpunit/phpunit/src/Util/PHP/eval-stdin.php - 404 (2ms)
2025-12-28 13:04:37 | DEBUG    | app.main             | log_requests         | [1304377734] GET /lib/phpunit/phpunit/Util/PHP/eval-stdin.php
2025-12-28 13:04:37 | INFO     | app.main             | log_requests         | [1304377734] ✗ GET /lib/phpunit/phpunit/Util/PHP/eval-stdin.php - 404 (1ms)
2025-12-28 13:04:38 | DEBUG    | app.main             | log_requests         | [1304380237] GET /lib/phpunit/src/Util/PHP/eval-stdin.php
2025-12-28 13:04:38 | INFO     | app.main             | log_requests         | [1304380237] ✗ GET /lib/phpunit/src/Util/PHP/eval-stdin.php - 404 (1ms)
2025-12-28 13:04:38 | DEBUG    | app.main             | log_requests         | [1304382716] GET /lib/phpunit/Util/PHP/eval-stdin.php
2025-12-28 13:04:38 | INFO     | app.main             | log_requests         | [1304382716] ✗ GET /lib/phpunit/Util/PHP/eval-stdin.php - 404 (1ms)
2025-12-28 13:06:03 | DEBUG    | app.main             | log_requests         | [1306035328] GET /
2025-12-28 13:06:03 | INFO     | app.main             | log_requests         | [1306035328] ✔ GET / - 200 (1ms)
2025-12-28 13:08:13 | DEBUG    | app.main             | log_requests         | [1308131902] GET /favicon.ico
2025-12-28 13:08:13 | INFO     | app.main             | log_requests         | [1308131902] ✗ GET /favicon.ico - 404 (1ms)
2025-12-28 13:09:05 | DEBUG    | app.main             | log_requests         | [1309053635] GET /geoserver/web/
2025-12-28 13:09:05 | INFO     | app.main             | log_requests         | [1309053635] ✗ GET /geoserver/web/ - 404 (1ms)
2025-12-28 13:09:45 | DEBUG    | app.main             | log_requests         | [1309450165] GET /_vti_pvt/service.cnf
2025-12-28 13:09:45 | INFO     | app.main             | log_requests         | [1309450165] ✗ GET /_vti_pvt/service.cnf - 404 (1ms)
2025-12-28 13:10:42 | WARNING  | app.main             | <module>             | ✗ Failed to load main routes: No module named 'app.api.routes'
2025-12-28 13:10:42 | WARNING  | app.main             | <module>             | ✗ Failed to load optimizer routes: No module named 'app.api.optimizer_routes'
2025-12-28 13:10:42 | INFO     | app.main             | <module>             | ✔ Loaded: data routes
2025-12-28 13:10:43 | INFO     | app.main             | <module>             | ✔ Loaded: indicator routes
2025-12-28 13:10:43 | INFO     | app.main             | <module>             | ✔ Loaded: TRG preset routes
2025-12-28 13:10:43 | INFO     | app.main             | <module>             | ✔ Loaded: Dominant preset routes (/api/presets/*)
2025-12-28 13:10:43 | INFO     | app.main             | <module>             | ✔ Loaded: Signal score routes (/api/signal-score/*)
2025-12-28 13:10:43 | INFO     | app.main             | <module>             | ✔ Loaded: Filter routes (/api/filters/*)
2025-12-28 13:10:43 | INFO     | app.main             | lifespan             | ============================================================
2025-12-28 13:10:43 | INFO     | app.main             | lifespan             | KOMAS TRADING SERVER v4.0 - STARTING
2025-12-28 13:10:43 | INFO     | app.main             | lifespan             | Log file: C:\Users\Administrator\Desktop\komass\backend\logs\komas_2025-12-28.log
2025-12-28 13:10:43 | INFO     | app.main             | lifespan             | Error log: C:\Users\Administrator\Desktop\komass\backend\logs\errors_2025-12-28.log
2025-12-28 13:10:43 | INFO     | app.main             | lifespan             | ============================================================
2025-12-28 13:10:48 | DEBUG    | app.main             | log_requests         | [1310482721] GET /api/indicator/cache-stats
2025-12-28 13:10:48 | DEBUG    | app.main             | log_requests         | [1310482729] GET /api/signals/sse/stream
2025-12-28 13:10:48 | INFO     | app.main             | log_requests         | [1310482721] ✔ GET /api/indicator/cache-stats - 200 (0ms)
2025-12-28 13:10:48 | INFO     | app.main             | log_requests         | [1310482729] ✗ GET /api/signals/sse/stream - 404 (0ms)
2025-12-28 13:10:50 | DEBUG    | app.main             | log_requests         | [1310500252] GET /api/indicator/cache-stats
2025-12-28 13:10:50 | INFO     | app.main             | log_requests         | [1310500252] ✔ GET /api/indicator/cache-stats - 200 (0ms)
2025-12-28 13:10:50 | DEBUG    | app.main             | log_requests         | [1310500321] GET /api/indicator/cache-stats
2025-12-28 13:10:50 | INFO     | app.main             | log_requests         | [1310500321] ✔ GET /api/indicator/cache-stats - 200 (1ms)
2025-12-28 13:10:52 | DEBUG    | app.main             | log_requests         | [1310527923] GET /api/indicator/cache-stats
2025-12-28 13:10:52 | INFO     | app.main             | log_requests         | [1310527923] ✔ GET /api/indicator/cache-stats - 200 (0ms)
2025-12-28 13:10:52 | DEBUG    | app.main             | log_requests         | [1310527990] GET /api/indicator/cache-stats
2025-12-28 13:10:52 | INFO     | app.main             | log_requests         | [1310527990] ✔ GET /api/indicator/cache-stats - 200 (1ms)
2025-12-28 13:10:54 | DEBUG    | app.main             | log_requests         | [1310545682] GET /api/data/available
2025-12-28 13:11:00 | INFO     | app.main             | log_requests         | [1310545682] ✔ GET /api/data/available - 200 (5813ms)
2025-12-28 13:11:00 | DEBUG    | app.main             | log_requests         | [1311003828] GET /api/settings/presets
2025-12-28 13:11:00 | DEBUG    | app.main             | log_requests         | [1311003828] GET /api/bots/
2025-12-28 13:11:00 | INFO     | app.main             | log_requests         | [1311003828] ✗ GET /api/settings/presets - 404 (1ms)
2025-12-28 13:11:00 | INFO     | app.main             | log_requests         | [1311003828] ✗ GET /api/bots/ - 404 (1ms)
2025-12-28 13:11:00 | DEBUG    | app.main             | log_requests         | [1311003884] GET /api/data/available
2025-12-28 13:11:04 | DEBUG    | app.main             | log_requests         | [1311048925] GET /api/bots/
2025-12-28 13:11:04 | DEBUG    | app.main             | log_requests         | [1311048925] GET /api/settings/presets
2025-12-28 13:11:04 | INFO     | app.main             | log_requests         | [1311003884] ✔ GET /api/data/available - 200 (4504ms)
2025-12-28 13:11:04 | INFO     | app.main             | log_requests         | [1311048925] ✗ GET /api/bots/ - 404 (0ms)
2025-12-28 13:11:04 | INFO     | app.main             | log_requests         | [1311048925] ✗ GET /api/settings/presets - 404 (0ms)
2025-12-28 13:11:07 | DEBUG    | app.main             | log_requests         | [1311071447] GET /api/bots/
2025-12-28 13:11:07 | INFO     | app.main             | log_requests         | [1311071447] ✗ GET /api/bots/ - 404 (0ms)
2025-12-28 13:11:17 | DEBUG    | app.main             | log_requests         | [1311171483] GET /api/bots/
2025-12-28 13:11:17 | INFO     | app.main             | log_requests         | [1311171483] ✗ GET /api/bots/ - 404 (0ms)
2025-12-28 13:11:27 | DEBUG    | app.main             | log_requests         | [1311274515] GET /api/bots/
2025-12-28 13:11:27 | INFO     | app.main             | log_requests         | [1311274515] ✗ GET /api/bots/ - 404 (0ms)
2025-12-28 13:11:37 | DEBUG    | app.main             | log_requests         | [1311371608] GET /api/bots/
2025-12-28 13:11:37 | INFO     | app.main             | log_requests         | [1311371608] ✗ GET /api/bots/ - 404 (0ms)
2025-12-28 13:11:47 | DEBUG    | app.main             | log_requests         | [1311474470] GET /api/bots/
2025-12-28 13:11:47 | INFO     | app.main             | log_requests         | [1311474470] ✗ GET /api/bots/ - 404 (1ms)
2025-12-28 13:11:57 | DEBUG    | app.main             | log_requests         | [1311571474] GET /api/bots/
2025-12-28 13:11:57 | INFO     | app.main             | log_requests         | [1311571474] ✗ GET /api/bots/ - 404 (1ms)
2025-12-28 13:12:07 | DEBUG    | app.main             | log_requests         | [1312074640] GET /api/bots/
2025-12-28 13:12:07 | INFO     | app.main             | log_requests         | [1312074640] ✗ GET /api/bots/ - 404 (0ms)
2025-12-28 13:12:17 | DEBUG    | app.main             | log_requests         | [1312171559] GET /api/bots/
2025-12-28 13:12:17 | INFO     | app.main             | log_requests         | [1312171559] ✗ GET /api/bots/ - 404 (0ms)
2025-12-28 13:12:27 | DEBUG    | app.main             | log_requests         | [1312274513] GET /api/bots/
2025-12-28 13:12:27 | INFO     | app.main             | log_requests         | [1312274513] ✗ GET /api/bots/ - 404 (0ms)
2025-12-28 13:12:37 | DEBUG    | app.main             | log_requests         | [1312371490] GET /api/bots/
2025-12-28 13:12:37 | INFO     | app.main             | log_requests         | [1312371490] ✗ GET /api/bots/ - 404 (0ms)
2025-12-28 13:12:47 | DEBUG    | app.main             | log_requests         | [1312474581] GET /api/bots/
2025-12-28 13:12:47 | INFO     | app.main             | log_requests         | [1312474581] ✗ GET /api/bots/ - 404 (0ms)
2025-12-28 13:12:57 | DEBUG    | app.main             | log_requests         | [1312571532] GET /api/bots/
2025-12-28 13:12:57 | INFO     | app.main             | log_requests         | [1312571532] ✗ GET /api/bots/ - 404 (0ms)
2025-12-28 13:13:07 | DEBUG    | app.main             | log_requests         | [1313074598] GET /api/bots/
2025-12-28 13:13:07 | INFO     | app.main             | log_requests         | [1313074598] ✗ GET /api/bots/ - 404 (0ms)
2025-12-28 13:13:17 | DEBUG    | app.main             | log_requests         | [1313171512] GET /api/bots/
2025-12-28 13:13:17 | INFO     | app.main             | log_requests         | [1313171512] ✗ GET /api/bots/ - 404 (0ms)
2025-12-28 13:13:27 | DEBUG    | app.main             | log_requests         | [1313274574] GET /api/bots/
2025-12-28 13:13:27 | INFO     | app.main             | log_requests         | [1313274574] ✗ GET /api/bots/ - 404 (0ms)
2025-12-28 13:13:37 | DEBUG    | app.main             | log_requests         | [1313371518] GET /api/bots/
2025-12-28 13:13:37 | INFO     | app.main             | log_requests         | [1313371518] ✗ GET /api/bots/ - 404 (0ms)
2025-12-28 13:13:47 | DEBUG    | app.main             | log_requests         | [1313474631] GET /api/bots/
2025-12-28 13:13:47 | INFO     | app.main             | log_requests         | [1313474631] ✗ GET /api/bots/ - 404 (0ms)
2025-12-28 13:13:57 | DEBUG    | app.main             | log_requests         | [1313571588] GET /api/bots/
2025-12-28 13:13:57 | INFO     | app.main             | log_requests         | [1313571588] ✗ GET /api/bots/ - 404 (4ms)
2025-12-28 13:14:07 | DEBUG    | app.main             | log_requests         | [1314074504] GET /api/bots/
2025-12-28 13:14:07 | INFO     | app.main             | log_requests         | [1314074504] ✗ GET /api/bots/ - 404 (0ms)
2025-12-28 13:14:17 | DEBUG    | app.main             | log_requests         | [1314171456] GET /api/bots/
2025-12-28 13:14:17 | INFO     | app.main             | log_requests         | [1314171456] ✗ GET /api/bots/ - 404 (0ms)
2025-12-28 13:14:27 | DEBUG    | app.main             | log_requests         | [1314274578] GET /api/bots/
2025-12-28 13:14:27 | INFO     | app.main             | log_requests         | [1314274578] ✗ GET /api/bots/ - 404 (0ms)
2025-12-28 13:14:37 | DEBUG    | app.main             | log_requests         | [1314371453] GET /api/bots/
2025-12-28 13:14:37 | INFO     | app.main             | log_requests         | [1314371453] ✗ GET /api/bots/ - 404 (0ms)
2025-12-28 13:14:47 | DEBUG    | app.main             | log_requests         | [1314474520] GET /api/bots/
2025-12-28 13:14:47 | INFO     | app.main             | log_requests         | [1314474520] ✗ GET /api/bots/ - 404 (0ms)
2025-12-28 13:14:57 | DEBUG    | app.main             | log_requests         | [1314571602] GET /api/bots/
2025-12-28 13:14:57 | INFO     | app.main             | log_requests         | [1314571602] ✗ GET /api/bots/ - 404 (0ms)
2025-12-28 13:15:07 | DEBUG    | app.main             | log_requests         | [1315074500] GET /api/bots/
2025-12-28 13:15:07 | INFO     | app.main             | log_requests         | [1315074500] ✗ GET /api/bots/ - 404 (0ms)
2025-12-28 13:15:17 | DEBUG    | app.main             | log_requests         | [1315171483] GET /api/bots/
2025-12-28 13:15:17 | INFO     | app.main             | log_requests         | [1315171483] ✗ GET /api/bots/ - 404 (0ms)
2025-12-28 13:15:27 | DEBUG    | app.main             | log_requests         | [1315274560] GET /api/bots/
2025-12-28 13:15:27 | INFO     | app.main             | log_requests         | [1315274560] ✗ GET /api/bots/ - 404 (0ms)
2025-12-28 13:15:37 | DEBUG    | app.main             | log_requests         | [1315371479] GET /api/bots/
2025-12-28 13:15:37 | INFO     | app.main             | log_requests         | [1315371479] ✗ GET /api/bots/ - 404 (0ms)
2025-12-28 13:15:47 | DEBUG    | app.main             | log_requests         | [1315474612] GET /api/bots/
2025-12-28 13:15:47 | INFO     | app.main             | log_requests         | [1315474612] ✗ GET /api/bots/ - 404 (0ms)
2025-12-28 13:15:57 | DEBUG    | app.main             | log_requests         | [1315571468] GET /api/bots/
2025-12-28 13:15:57 | INFO     | app.main             | log_requests         | [1315571468] ✗ GET /api/bots/ - 404 (0ms)
2025-12-28 13:16:07 | DEBUG    | app.main             | log_requests         | [1316074491] GET /api/bots/
2025-12-28 13:16:07 | INFO     | app.main             | log_requests         | [1316074491] ✗ GET /api/bots/ - 404 (0ms)
2025-12-28 13:16:17 | DEBUG    | app.main             | log_requests         | [1316171466] GET /api/bots/
2025-12-28 13:16:17 | INFO     | app.main             | log_requests         | [1316171466] ✗ GET /api/bots/ - 404 (0ms)
2025-12-28 13:16:27 | DEBUG    | app.main             | log_requests         | [1316274481] GET /api/bots/
2025-12-28 13:16:27 | INFO     | app.main             | log_requests         | [1316274481] ✗ GET /api/bots/ - 404 (0ms)
2025-12-28 13:16:37 | DEBUG    | app.main             | log_requests         | [1316371599] GET /api/bots/
2025-12-28 13:16:37 | INFO     | app.main             | log_requests         | [1316371599] ✗ GET /api/bots/ - 404 (0ms)
2025-12-28 13:16:47 | DEBUG    | app.main             | log_requests         | [1316474629] GET /api/bots/
2025-12-28 13:16:47 | INFO     | app.main             | log_requests         | [1316474629] ✗ GET /api/bots/ - 404 (0ms)
2025-12-28 13:16:57 | DEBUG    | app.main             | log_requests         | [1316571512] GET /api/bots/
2025-12-28 13:16:57 | INFO     | app.main             | log_requests         | [1316571512] ✗ GET /api/bots/ - 404 (0ms)
2025-12-28 13:17:07 | DEBUG    | app.main             | log_requests         | [1317074566] GET /api/bots/
2025-12-28 13:17:07 | INFO     | app.main             | log_requests         | [1317074566] ✗ GET /api/bots/ - 404 (0ms)
2025-12-28 13:17:17 | DEBUG    | app.main             | log_requests         | [1317171527] GET /api/bots/
2025-12-28 13:17:17 | INFO     | app.main             | log_requests         | [1317171527] ✗ GET /api/bots/ - 404 (0ms)
2025-12-28 13:17:27 | DEBUG    | app.main             | log_requests         | [1317274519] GET /api/bots/
2025-12-28 13:17:27 | INFO     | app.main             | log_requests         | [1317274519] ✗ GET /api/bots/ - 404 (0ms)
2025-12-28 13:17:37 | DEBUG    | app.main             | log_requests         | [1317371564] GET /api/bots/
2025-12-28 13:17:37 | INFO     | app.main             | log_requests         | [1317371564] ✗ GET /api/bots/ - 404 (0ms)
2025-12-28 13:17:47 | DEBUG    | app.main             | log_requests         | [1317474621] GET /api/bots/
2025-12-28 13:17:47 | INFO     | app.main             | log_requests         | [1317474621] ✗ GET /api/bots/ - 404 (0ms)
2025-12-28 13:17:57 | DEBUG    | app.main             | log_requests         | [1317571552] GET /api/bots/
2025-12-28 13:17:57 | INFO     | app.main             | log_requests         | [1317571552] ✗ GET /api/bots/ - 404 (0ms)
2025-12-28 13:18:07 | DEBUG    | app.main             | log_requests         | [1318074498] GET /api/bots/
2025-12-28 13:18:07 | INFO     | app.main             | log_requests         | [1318074498] ✗ GET /api/bots/ - 404 (0ms)
2025-12-28 13:18:17 | DEBUG    | app.main             | log_requests         | [1318171586] GET /api/bots/
2025-12-28 13:18:17 | INFO     | app.main             | log_requests         | [1318171586] ✗ GET /api/bots/ - 404 (0ms)
2025-12-28 13:18:27 | DEBUG    | app.main             | log_requests         | [1318274493] GET /api/bots/
2025-12-28 13:18:27 | INFO     | app.main             | log_requests         | [1318274493] ✗ GET /api/bots/ - 404 (0ms)
2025-12-28 13:18:37 | DEBUG    | app.main             | log_requests         | [1318371459] GET /api/bots/
2025-12-28 13:18:37 | INFO     | app.main             | log_requests         | [1318371459] ✗ GET /api/bots/ - 404 (0ms)
2025-12-28 13:18:47 | DEBUG    | app.main             | log_requests         | [1318474583] GET /api/bots/
2025-12-28 13:18:47 | INFO     | app.main             | log_requests         | [1318474583] ✗ GET /api/bots/ - 404 (0ms)
2025-12-28 13:18:57 | DEBUG    | app.main             | log_requests         | [1318571569] GET /api/bots/
2025-12-28 13:18:57 | INFO     | app.main             | log_requests         | [1318571569] ✗ GET /api/bots/ - 404 (0ms)
2025-12-28 13:19:07 | DEBUG    | app.main             | log_requests         | [1319074601] GET /api/bots/
2025-12-28 13:19:07 | INFO     | app.main             | log_requests         | [1319074601] ✗ GET /api/bots/ - 404 (0ms)
2025-12-28 13:19:17 | DEBUG    | app.main             | log_requests         | [1319171558] GET /api/bots/
2025-12-28 13:19:17 | INFO     | app.main             | log_requests         | [1319171558] ✗ GET /api/bots/ - 404 (0ms)
2025-12-28 13:19:27 | DEBUG    | app.main             | log_requests         | [1319274606] GET /api/bots/
2025-12-28 13:19:27 | INFO     | app.main             | log_requests         | [1319274606] ✗ GET /api/bots/ - 404 (0ms)
2025-12-28 13:19:37 | DEBUG    | app.main             | log_requests         | [1319371568] GET /api/bots/
2025-12-28 13:19:37 | INFO     | app.main             | log_requests         | [1319371568] ✗ GET /api/bots/ - 404 (0ms)
2025-12-28 13:19:47 | DEBUG    | app.main             | log_requests         | [1319474474] GET /api/bots/
2025-12-28 13:19:47 | INFO     | app.main             | log_requests         | [1319474474] ✗ GET /api/bots/ - 404 (0ms)
2025-12-28 13:19:57 | DEBUG    | app.main             | log_requests         | [1319571517] GET /api/bots/
2025-12-28 13:19:57 | INFO     | app.main             | log_requests         | [1319571517] ✗ GET /api/bots/ - 404 (0ms)
2025-12-28 13:20:07 | DEBUG    | app.main             | log_requests         | [1320074596] GET /api/bots/
2025-12-28 13:20:07 | INFO     | app.main             | log_requests         | [1320074596] ✗ GET /api/bots/ - 404 (0ms)
2025-12-28 13:20:17 | DEBUG    | app.main             | log_requests         | [1320171557] GET /api/bots/
2025-12-28 13:20:17 | INFO     | app.main             | log_requests         | [1320171557] ✗ GET /api/bots/ - 404 (0ms)
2025-12-28 13:20:27 | DEBUG    | app.main             | log_requests         | [1320274502] GET /api/bots/
2025-12-28 13:20:27 | INFO     | app.main             | log_requests         | [1320274502] ✗ GET /api/bots/ - 404 (0ms)
2025-12-28 13:20:37 | DEBUG    | app.main             | log_requests         | [1320371526] GET /api/bots/
2025-12-28 13:20:37 | INFO     | app.main             | log_requests         | [1320371526] ✗ GET /api/bots/ - 404 (0ms)
2025-12-28 13:20:47 | DEBUG    | app.main             | log_requests         | [1320474525] GET /api/bots/
2025-12-28 13:20:47 | INFO     | app.main             | log_requests         | [1320474525] ✗ GET /api/bots/ - 404 (0ms)
2025-12-28 13:20:57 | DEBUG    | app.main             | log_requests         | [1320571522] GET /api/bots/
2025-12-28 13:20:57 | INFO     | app.main             | log_requests         | [1320571522] ✗ GET /api/bots/ - 404 (0ms)
2025-12-28 13:21:07 | DEBUG    | app.main             | log_requests         | [1321074537] GET /api/bots/
2025-12-28 13:21:07 | INFO     | app.main             | log_requests         | [1321074537] ✗ GET /api/bots/ - 404 (0ms)
2025-12-28 13:21:17 | DEBUG    | app.main             | log_requests         | [1321171506] GET /api/bots/
2025-12-28 13:21:17 | INFO     | app.main             | log_requests         | [1321171506] ✗ GET /api/bots/ - 404 (0ms)
2025-12-28 13:21:27 | DEBUG    | app.main             | log_requests         | [1321274465] GET /api/bots/
2025-12-28 13:21:27 | INFO     | app.main             | log_requests         | [1321274465] ✗ GET /api/bots/ - 404 (0ms)
2025-12-28 13:21:37 | DEBUG    | app.main             | log_requests         | [1321371479] GET /api/bots/
2025-12-28 13:21:37 | INFO     | app.main             | log_requests         | [1321371479] ✗ GET /api/bots/ - 404 (0ms)
2025-12-28 13:21:47 | DEBUG    | app.main             | log_requests         | [1321474623] GET /api/bots/
2025-12-28 13:21:47 | INFO     | app.main             | log_requests         | [1321474623] ✗ GET /api/bots/ - 404 (0ms)
2025-12-28 13:21:57 | DEBUG    | app.main             | log_requests         | [1321571472] GET /api/bots/
2025-12-28 13:21:57 | INFO     | app.main             | log_requests         | [1321571472] ✗ GET /api/bots/ - 404 (0ms)
2025-12-28 13:22:07 | DEBUG    | app.main             | log_requests         | [1322074554] GET /api/bots/
2025-12-28 13:22:07 | INFO     | app.main             | log_requests         | [1322074554] ✗ GET /api/bots/ - 404 (0ms)
2025-12-28 13:22:17 | DEBUG    | app.main             | log_requests         | [1322171457] GET /api/bots/
2025-12-28 13:22:17 | INFO     | app.main             | log_requests         | [1322171457] ✗ GET /api/bots/ - 404 (0ms)
2025-12-28 13:22:27 | DEBUG    | app.main             | log_requests         | [1322274582] GET /api/bots/
2025-12-28 13:22:27 | INFO     | app.main             | log_requests         | [1322274582] ✗ GET /api/bots/ - 404 (0ms)
2025-12-28 13:22:37 | DEBUG    | app.main             | log_requests         | [1322371545] GET /api/bots/
2025-12-28 13:22:37 | INFO     | app.main             | log_requests         | [1322371545] ✗ GET /api/bots/ - 404 (0ms)
2025-12-28 13:22:47 | DEBUG    | app.main             | log_requests         | [1322474565] GET /api/bots/
2025-12-28 13:22:47 | INFO     | app.main             | log_requests         | [1322474565] ✗ GET /api/bots/ - 404 (0ms)
2025-12-28 13:22:57 | DEBUG    | app.main             | log_requests         | [1322571526] GET /api/bots/
2025-12-28 13:22:57 | INFO     | app.main             | log_requests         | [1322571526] ✗ GET /api/bots/ - 404 (0ms)
2025-12-28 13:23:07 | DEBUG    | app.main             | log_requests         | [1323074600] GET /api/bots/
2025-12-28 13:23:07 | INFO     | app.main             | log_requests         | [1323074600] ✗ GET /api/bots/ - 404 (0ms)
2025-12-28 13:23:17 | DEBUG    | app.main             | log_requests         | [1323171551] GET /api/bots/
2025-12-28 13:23:17 | INFO     | app.main             | log_requests         | [1323171551] ✗ GET /api/bots/ - 404 (0ms)
2025-12-28 13:23:27 | DEBUG    | app.main             | log_requests         | [1323274629] GET /api/bots/
2025-12-28 13:23:27 | INFO     | app.main             | log_requests         | [1323274629] ✗ GET /api/bots/ - 404 (0ms)
2025-12-28 13:23:37 | DEBUG    | app.main             | log_requests         | [1323371477] GET /api/bots/
2025-12-28 13:23:37 | INFO     | app.main             | log_requests         | [1323371477] ✗ GET /api/bots/ - 404 (1ms)
2025-12-28 13:23:47 | DEBUG    | app.main             | log_requests         | [1323474596] GET /api/bots/
2025-12-28 13:23:47 | INFO     | app.main             | log_requests         | [1323474596] ✗ GET /api/bots/ - 404 (0ms)
2025-12-28 13:23:57 | DEBUG    | app.main             | log_requests         | [1323571477] GET /api/bots/
2025-12-28 13:23:57 | INFO     | app.main             | log_requests         | [1323571477] ✗ GET /api/bots/ - 404 (0ms)
2025-12-28 13:24:07 | DEBUG    | app.main             | log_requests         | [1324074557] GET /api/bots/
2025-12-28 13:24:07 | INFO     | app.main             | log_requests         | [1324074557] ✗ GET /api/bots/ - 404 (0ms)
2025-12-28 13:24:17 | DEBUG    | app.main             | log_requests         | [1324171606] GET /api/bots/
2025-12-28 13:24:17 | INFO     | app.main             | log_requests         | [1324171606] ✗ GET /api/bots/ - 404 (0ms)
2025-12-28 13:24:27 | DEBUG    | app.main             | log_requests         | [1324274493] GET /api/bots/
2025-12-28 13:24:27 | INFO     | app.main             | log_requests         | [1324274493] ✗ GET /api/bots/ - 404 (0ms)
2025-12-28 13:24:37 | DEBUG    | app.main             | log_requests         | [1324371590] GET /api/bots/
2025-12-28 13:24:37 | INFO     | app.main             | log_requests         | [1324371590] ✗ GET /api/bots/ - 404 (0ms)
2025-12-28 13:24:47 | DEBUG    | app.main             | log_requests         | [1324474525] GET /api/bots/
2025-12-28 13:24:47 | INFO     | app.main             | log_requests         | [1324474525] ✗ GET /api/bots/ - 404 (0ms)
2025-12-28 13:24:57 | DEBUG    | app.main             | log_requests         | [1324571578] GET /api/bots/
2025-12-28 13:24:57 | INFO     | app.main             | log_requests         | [1324571578] ✗ GET /api/bots/ - 404 (0ms)
2025-12-28 13:25:07 | DEBUG    | app.main             | log_requests         | [1325074515] GET /api/bots/
2025-12-28 13:25:07 | INFO     | app.main             | log_requests         | [1325074515] ✗ GET /api/bots/ - 404 (0ms)
2025-12-28 13:25:11 | DEBUG    | app.main             | log_requests         | [1325112543] GET /SDK/webLanguage
2025-12-28 13:25:11 | INFO     | app.main             | log_requests         | [1325112543] ✗ GET /SDK/webLanguage - 404 (0ms)
2025-12-28 13:25:17 | DEBUG    | app.main             | log_requests         | [1325171526] GET /api/bots/
2025-12-28 13:25:17 | INFO     | app.main             | log_requests         | [1325171526] ✗ GET /api/bots/ - 404 (0ms)
2025-12-28 13:25:27 | DEBUG    | app.main             | log_requests         | [1325274592] GET /api/bots/
2025-12-28 13:25:27 | INFO     | app.main             | log_requests         | [1325274592] ✗ GET /api/bots/ - 404 (0ms)
2025-12-28 13:25:37 | DEBUG    | app.main             | log_requests         | [1325371518] GET /api/bots/
2025-12-28 13:25:37 | INFO     | app.main             | log_requests         | [1325371518] ✗ GET /api/bots/ - 404 (4ms)
2025-12-28 13:25:47 | DEBUG    | app.main             | log_requests         | [1325474595] GET /api/bots/
2025-12-28 13:25:47 | INFO     | app.main             | log_requests         | [1325474595] ✗ GET /api/bots/ - 404 (0ms)
2025-12-28 13:25:57 | DEBUG    | app.main             | log_requests         | [1325571541] GET /api/bots/
2025-12-28 13:25:57 | INFO     | app.main             | log_requests         | [1325571541] ✗ GET /api/bots/ - 404 (0ms)
2025-12-28 13:26:07 | DEBUG    | app.main             | log_requests         | [1326074514] GET /api/bots/
2025-12-28 13:26:07 | INFO     | app.main             | log_requests         | [1326074514] ✗ GET /api/bots/ - 404 (0ms)
2025-12-28 13:26:17 | DEBUG    | app.main             | log_requests         | [1326171538] GET /api/bots/
2025-12-28 13:26:17 | INFO     | app.main             | log_requests         | [1326171538] ✗ GET /api/bots/ - 404 (0ms)
2025-12-28 13:26:27 | DEBUG    | app.main             | log_requests         | [1326274561] GET /api/bots/
2025-12-28 13:26:27 | INFO     | app.main             | log_requests         | [1326274561] ✗ GET /api/bots/ - 404 (0ms)
2025-12-28 13:26:37 | DEBUG    | app.main             | log_requests         | [1326371522] GET /api/bots/
2025-12-28 13:26:37 | INFO     | app.main             | log_requests         | [1326371522] ✗ GET /api/bots/ - 404 (0ms)
2025-12-28 13:26:47 | DEBUG    | app.main             | log_requests         | [1326474563] GET /api/bots/
2025-12-28 13:26:47 | INFO     | app.main             | log_requests         | [1326474563] ✗ GET /api/bots/ - 404 (0ms)
2025-12-28 13:26:57 | DEBUG    | app.main             | log_requests         | [1326571604] GET /api/bots/
2025-12-28 13:26:57 | INFO     | app.main             | log_requests         | [1326571604] ✗ GET /api/bots/ - 404 (0ms)
2025-12-28 13:27:07 | DEBUG    | app.main             | log_requests         | [1327074494] GET /api/bots/
2025-12-28 13:27:07 | INFO     | app.main             | log_requests         | [1327074494] ✗ GET /api/bots/ - 404 (0ms)
2025-12-28 13:27:17 | DEBUG    | app.main             | log_requests         | [1327171577] GET /api/bots/
2025-12-28 13:27:17 | INFO     | app.main             | log_requests         | [1327171577] ✗ GET /api/bots/ - 404 (0ms)
2025-12-28 13:27:27 | DEBUG    | app.main             | log_requests         | [1327274523] GET /api/bots/
2025-12-28 13:27:27 | INFO     | app.main             | log_requests         | [1327274523] ✗ GET /api/bots/ - 404 (0ms)
2025-12-28 13:27:37 | DEBUG    | app.main             | log_requests         | [1327371489] GET /api/bots/
2025-12-28 13:27:37 | INFO     | app.main             | log_requests         | [1327371489] ✗ GET /api/bots/ - 404 (0ms)
2025-12-28 13:27:47 | DEBUG    | app.main             | log_requests         | [1327474618] GET /api/bots/
2025-12-28 13:27:47 | INFO     | app.main             | log_requests         | [1327474618] ✗ GET /api/bots/ - 404 (0ms)
2025-12-28 13:27:57 | DEBUG    | app.main             | log_requests         | [1327571570] GET /api/bots/
2025-12-28 13:27:57 | INFO     | app.main             | log_requests         | [1327571570] ✗ GET /api/bots/ - 404 (0ms)
2025-12-28 13:28:07 | DEBUG    | app.main             | log_requests         | [1328074625] GET /api/bots/
2025-12-28 13:28:07 | INFO     | app.main             | log_requests         | [1328074625] ✗ GET /api/bots/ - 404 (0ms)
2025-12-28 13:28:17 | DEBUG    | app.main             | log_requests         | [1328171548] GET /api/bots/
2025-12-28 13:28:17 | INFO     | app.main             | log_requests         | [1328171548] ✗ GET /api/bots/ - 404 (0ms)
2025-12-28 13:28:27 | DEBUG    | app.main             | log_requests         | [1328274534] GET /api/bots/
2025-12-28 13:28:27 | INFO     | app.main             | log_requests         | [1328274534] ✗ GET /api/bots/ - 404 (0ms)
2025-12-28 13:28:37 | DEBUG    | app.main             | log_requests         | [1328371515] GET /api/bots/
2025-12-28 13:28:37 | INFO     | app.main             | log_requests         | [1328371515] ✗ GET /api/bots/ - 404 (0ms)
2025-12-28 13:28:47 | DEBUG    | app.main             | log_requests         | [1328474502] GET /api/bots/
2025-12-28 13:28:47 | INFO     | app.main             | log_requests         | [1328474502] ✗ GET /api/bots/ - 404 (0ms)
2025-12-28 13:28:57 | DEBUG    | app.main             | log_requests         | [1328571486] GET /api/bots/
2025-12-28 13:28:57 | INFO     | app.main             | log_requests         | [1328571486] ✗ GET /api/bots/ - 404 (0ms)
2025-12-28 13:29:07 | DEBUG    | app.main             | log_requests         | [1329074641] GET /api/bots/
2025-12-28 13:29:07 | INFO     | app.main             | log_requests         | [1329074641] ✗ GET /api/bots/ - 404 (0ms)
2025-12-28 13:29:17 | DEBUG    | app.main             | log_requests         | [1329171513] GET /api/bots/
2025-12-28 13:29:17 | INFO     | app.main             | log_requests         | [1329171513] ✗ GET /api/bots/ - 404 (0ms)
2025-12-28 13:29:27 | DEBUG    | app.main             | log_requests         | [1329274493] GET /api/bots/
2025-12-28 13:29:27 | INFO     | app.main             | log_requests         | [1329274493] ✗ GET /api/bots/ - 404 (0ms)
2025-12-28 13:29:37 | DEBUG    | app.main             | log_requests         | [1329371509] GET /api/bots/
2025-12-28 13:29:37 | INFO     | app.main             | log_requests         | [1329371509] ✗ GET /api/bots/ - 404 (0ms)
2025-12-28 13:29:47 | DEBUG    | app.main             | log_requests         | [1329474619] GET /api/bots/
2025-12-28 13:29:47 | INFO     | app.main             | log_requests         | [1329474619] ✗ GET /api/bots/ - 404 (0ms)
2025-12-28 13:29:57 | DEBUG    | app.main             | log_requests         | [1329571595] GET /api/bots/
2025-12-28 13:29:57 | INFO     | app.main             | log_requests         | [1329571595] ✗ GET /api/bots/ - 404 (0ms)
2025-12-28 13:30:07 | DEBUG    | app.main             | log_requests         | [1330074550] GET /api/bots/
2025-12-28 13:30:07 | INFO     | app.main             | log_requests         | [1330074550] ✗ GET /api/bots/ - 404 (0ms)
2025-12-28 13:30:17 | DEBUG    | app.main             | log_requests         | [1330171508] GET /api/bots/
2025-12-28 13:30:17 | INFO     | app.main             | log_requests         | [1330171508] ✗ GET /api/bots/ - 404 (0ms)
2025-12-28 13:30:27 | DEBUG    | app.main             | log_requests         | [1330274609] GET /api/bots/
2025-12-28 13:30:27 | INFO     | app.main             | log_requests         | [1330274609] ✗ GET /api/bots/ - 404 (0ms)
2025-12-28 13:30:37 | DEBUG    | app.main             | log_requests         | [1330371550] GET /api/bots/
2025-12-28 13:30:37 | INFO     | app.main             | log_requests         | [1330371550] ✗ GET /api/bots/ - 404 (0ms)
2025-12-28 13:30:47 | DEBUG    | app.main             | log_requests         | [1330474527] GET /api/bots/
2025-12-28 13:30:47 | INFO     | app.main             | log_requests         | [1330474527] ✗ GET /api/bots/ - 404 (0ms)
2025-12-28 13:30:57 | DEBUG    | app.main             | log_requests         | [1330571487] GET /api/bots/
2025-12-28 13:30:57 | INFO     | app.main             | log_requests         | [1330571487] ✗ GET /api/bots/ - 404 (0ms)
2025-12-28 13:31:07 | DEBUG    | app.main             | log_requests         | [1331074636] GET /api/bots/
2025-12-28 13:31:07 | INFO     | app.main             | log_requests         | [1331074636] ✗ GET /api/bots/ - 404 (0ms)
2025-12-28 13:31:17 | DEBUG    | app.main             | log_requests         | [1331171468] GET /api/bots/
2025-12-28 13:31:17 | INFO     | app.main             | log_requests         | [1331171468] ✗ GET /api/bots/ - 404 (0ms)
2025-12-28 13:31:27 | DEBUG    | app.main             | log_requests         | [1331274554] GET /api/bots/
2025-12-28 13:31:27 | INFO     | app.main             | log_requests         | [1331274554] ✗ GET /api/bots/ - 404 (0ms)
2025-12-28 13:31:37 | DEBUG    | app.main             | log_requests         | [1331371498] GET /api/bots/
2025-12-28 13:31:37 | INFO     | app.main             | log_requests         | [1331371498] ✗ GET /api/bots/ - 404 (0ms)
2025-12-28 13:31:47 | DEBUG    | app.main             | log_requests         | [1331474601] GET /api/bots/
2025-12-28 13:31:47 | INFO     | app.main             | log_requests         | [1331474601] ✗ GET /api/bots/ - 404 (0ms)
2025-12-28 13:31:57 | DEBUG    | app.main             | log_requests         | [1331571502] GET /api/bots/
2025-12-28 13:31:57 | INFO     | app.main             | log_requests         | [1331571502] ✗ GET /api/bots/ - 404 (0ms)
2025-12-28 13:32:07 | DEBUG    | app.main             | log_requests         | [1332074489] GET /api/bots/
2025-12-28 13:32:07 | INFO     | app.main             | log_requests         | [1332074489] ✗ GET /api/bots/ - 404 (0ms)
2025-12-28 13:32:17 | DEBUG    | app.main             | log_requests         | [1332171558] GET /api/bots/
2025-12-28 13:32:17 | INFO     | app.main             | log_requests         | [1332171558] ✗ GET /api/bots/ - 404 (0ms)
2025-12-28 13:32:27 | DEBUG    | app.main             | log_requests         | [1332274490] GET /api/bots/
2025-12-28 13:32:27 | INFO     | app.main             | log_requests         | [1332274490] ✗ GET /api/bots/ - 404 (0ms)
2025-12-28 13:32:34 | DEBUG    | app.main             | log_requests         | [1332340616] GET /robots.txt
2025-12-28 13:32:34 | INFO     | app.main             | log_requests         | [1332340616] ✗ GET /robots.txt - 404 (0ms)
2025-12-28 13:32:37 | DEBUG    | app.main             | log_requests         | [1332371475] GET /api/bots/
2025-12-28 13:32:37 | INFO     | app.main             | log_requests         | [1332371475] ✗ GET /api/bots/ - 404 (0ms)
2025-12-28 13:32:47 | DEBUG    | app.main             | log_requests         | [1332474513] GET /api/bots/
2025-12-28 13:32:47 | INFO     | app.main             | log_requests         | [1332474513] ✗ GET /api/bots/ - 404 (0ms)
2025-12-28 13:32:57 | DEBUG    | app.main             | log_requests         | [1332571514] GET /api/bots/
2025-12-28 13:32:57 | INFO     | app.main             | log_requests         | [1332571514] ✗ GET /api/bots/ - 404 (0ms)
2025-12-28 13:33:07 | DEBUG    | app.main             | log_requests         | [1333074520] GET /api/bots/
2025-12-28 13:33:07 | INFO     | app.main             | log_requests         | [1333074520] ✗ GET /api/bots/ - 404 (0ms)
2025-12-28 13:33:17 | DEBUG    | app.main             | log_requests         | [1333171567] GET /api/bots/
2025-12-28 13:33:17 | INFO     | app.main             | log_requests         | [1333171567] ✗ GET /api/bots/ - 404 (0ms)
2025-12-28 13:33:27 | DEBUG    | app.main             | log_requests         | [1333274566] GET /api/bots/
2025-12-28 13:33:27 | INFO     | app.main             | log_requests         | [1333274566] ✗ GET /api/bots/ - 404 (0ms)
2025-12-28 13:33:37 | DEBUG    | app.main             | log_requests         | [1333371465] GET /api/bots/
2025-12-28 13:33:37 | INFO     | app.main             | log_requests         | [1333371465] ✗ GET /api/bots/ - 404 (0ms)
2025-12-28 13:33:47 | DEBUG    | app.main             | log_requests         | [1333474738] GET /api/bots/
2025-12-28 13:33:47 | INFO     | app.main             | log_requests         | [1333474738] ✗ GET /api/bots/ - 404 (0ms)
2025-12-28 13:33:57 | DEBUG    | app.main             | log_requests         | [1333571462] GET /api/bots/
2025-12-28 13:33:57 | INFO     | app.main             | log_requests         | [1333571462] ✗ GET /api/bots/ - 404 (0ms)
2025-12-28 13:34:07 | DEBUG    | app.main             | log_requests         | [1334074582] GET /api/bots/
2025-12-28 13:34:07 | INFO     | app.main             | log_requests         | [1334074582] ✗ GET /api/bots/ - 404 (0ms)
2025-12-28 13:34:17 | DEBUG    | app.main             | log_requests         | [1334171467] GET /api/bots/
2025-12-28 13:34:17 | INFO     | app.main             | log_requests         | [1334171467] ✗ GET /api/bots/ - 404 (0ms)
2025-12-28 13:34:27 | DEBUG    | app.main             | log_requests         | [1334274544] GET /api/bots/
2025-12-28 13:34:27 | INFO     | app.main             | log_requests         | [1334274544] ✗ GET /api/bots/ - 404 (0ms)
2025-12-28 13:34:37 | DEBUG    | app.main             | log_requests         | [1334371493] GET /api/bots/
2025-12-28 13:34:37 | INFO     | app.main             | log_requests         | [1334371493] ✗ GET /api/bots/ - 404 (0ms)
2025-12-28 13:34:47 | DEBUG    | app.main             | log_requests         | [1334474568] GET /api/bots/
2025-12-28 13:34:47 | INFO     | app.main             | log_requests         | [1334474568] ✗ GET /api/bots/ - 404 (0ms)
2025-12-28 13:34:57 | DEBUG    | app.main             | log_requests         | [1334571512] GET /api/bots/
2025-12-28 13:34:57 | INFO     | app.main             | log_requests         | [1334571512] ✗ GET /api/bots/ - 404 (3ms)
2025-12-28 13:35:07 | DEBUG    | app.main             | log_requests         | [1335074648] GET /api/bots/
2025-12-28 13:35:07 | INFO     | app.main             | log_requests         | [1335074648] ✗ GET /api/bots/ - 404 (0ms)
2025-12-28 13:35:17 | DEBUG    | app.main             | log_requests         | [1335171594] GET /api/bots/
2025-12-28 13:35:17 | INFO     | app.main             | log_requests         | [1335171594] ✗ GET /api/bots/ - 404 (0ms)
2025-12-28 13:35:27 | DEBUG    | app.main             | log_requests         | [1335274577] GET /api/bots/
2025-12-28 13:35:27 | INFO     | app.main             | log_requests         | [1335274577] ✗ GET /api/bots/ - 404 (0ms)
2025-12-28 13:35:37 | DEBUG    | app.main             | log_requests         | [1335371497] GET /api/bots/
2025-12-28 13:35:37 | INFO     | app.main             | log_requests         | [1335371497] ✗ GET /api/bots/ - 404 (0ms)
2025-12-28 13:35:47 | DEBUG    | app.main             | log_requests         | [1335474554] GET /api/bots/
2025-12-28 13:35:47 | INFO     | app.main             | log_requests         | [1335474554] ✗ GET /api/bots/ - 404 (0ms)
2025-12-28 13:35:57 | DEBUG    | app.main             | log_requests         | [1335571569] GET /api/bots/
2025-12-28 13:35:57 | INFO     | app.main             | log_requests         | [1335571569] ✗ GET /api/bots/ - 404 (0ms)
2025-12-28 13:36:07 | DEBUG    | app.main             | log_requests         | [1336074541] GET /api/bots/
2025-12-28 13:36:07 | INFO     | app.main             | log_requests         | [1336074541] ✗ GET /api/bots/ - 404 (0ms)
2025-12-28 13:36:17 | DEBUG    | app.main             | log_requests         | [1336171518] GET /api/bots/
2025-12-28 13:36:17 | INFO     | app.main             | log_requests         | [1336171518] ✗ GET /api/bots/ - 404 (0ms)
2025-12-28 13:36:27 | DEBUG    | app.main             | log_requests         | [1336274601] GET /api/bots/
2025-12-28 13:36:27 | INFO     | app.main             | log_requests         | [1336274601] ✗ GET /api/bots/ - 404 (0ms)
2025-12-28 13:36:37 | DEBUG    | app.main             | log_requests         | [1336371567] GET /api/bots/
2025-12-28 13:36:37 | INFO     | app.main             | log_requests         | [1336371567] ✗ GET /api/bots/ - 404 (0ms)
2025-12-28 13:36:47 | DEBUG    | app.main             | log_requests         | [1336474555] GET /api/bots/
2025-12-28 13:36:47 | INFO     | app.main             | log_requests         | [1336474555] ✗ GET /api/bots/ - 404 (0ms)
2025-12-28 13:36:57 | DEBUG    | app.main             | log_requests         | [1336571538] GET /api/bots/
2025-12-28 13:36:57 | INFO     | app.main             | log_requests         | [1336571538] ✗ GET /api/bots/ - 404 (0ms)
2025-12-28 13:37:07 | DEBUG    | app.main             | log_requests         | [1337074485] GET /api/bots/
2025-12-28 13:37:07 | INFO     | app.main             | log_requests         | [1337074485] ✗ GET /api/bots/ - 404 (0ms)
2025-12-28 13:37:17 | DEBUG    | app.main             | log_requests         | [1337171549] GET /api/bots/
2025-12-28 13:37:17 | INFO     | app.main             | log_requests         | [1337171549] ✗ GET /api/bots/ - 404 (0ms)
2025-12-28 13:37:27 | DEBUG    | app.main             | log_requests         | [1337274468] GET /api/bots/
2025-12-28 13:37:27 | INFO     | app.main             | log_requests         | [1337274468] ✗ GET /api/bots/ - 404 (0ms)
2025-12-28 13:37:37 | DEBUG    | app.main             | log_requests         | [1337371510] GET /api/bots/
2025-12-28 13:37:37 | INFO     | app.main             | log_requests         | [1337371510] ✗ GET /api/bots/ - 404 (0ms)
2025-12-28 13:37:47 | DEBUG    | app.main             | log_requests         | [1337474561] GET /api/bots/
2025-12-28 13:37:47 | INFO     | app.main             | log_requests         | [1337474561] ✗ GET /api/bots/ - 404 (0ms)
2025-12-28 13:37:57 | DEBUG    | app.main             | log_requests         | [1337571498] GET /api/bots/
2025-12-28 13:37:57 | INFO     | app.main             | log_requests         | [1337571498] ✗ GET /api/bots/ - 404 (0ms)
2025-12-28 13:38:07 | DEBUG    | app.main             | log_requests         | [1338074576] GET /api/bots/
2025-12-28 13:38:07 | INFO     | app.main             | log_requests         | [1338074576] ✗ GET /api/bots/ - 404 (0ms)
2025-12-28 13:38:17 | DEBUG    | app.main             | log_requests         | [1338171490] GET /api/bots/
2025-12-28 13:38:17 | INFO     | app.main             | log_requests         | [1338171490] ✗ GET /api/bots/ - 404 (0ms)
2025-12-28 13:38:27 | DEBUG    | app.main             | log_requests         | [1338274834] GET /api/bots/
2025-12-28 13:38:27 | INFO     | app.main             | log_requests         | [1338274834] ✗ GET /api/bots/ - 404 (0ms)
2025-12-28 13:38:37 | DEBUG    | app.main             | log_requests         | [1338371543] GET /api/bots/
2025-12-28 13:38:37 | INFO     | app.main             | log_requests         | [1338371543] ✗ GET /api/bots/ - 404 (0ms)
2025-12-28 13:38:47 | DEBUG    | app.main             | log_requests         | [1338474614] GET /api/bots/
2025-12-28 13:38:47 | INFO     | app.main             | log_requests         | [1338474614] ✗ GET /api/bots/ - 404 (0ms)
2025-12-28 13:38:57 | DEBUG    | app.main             | log_requests         | [1338571482] GET /api/bots/
2025-12-28 13:38:57 | INFO     | app.main             | log_requests         | [1338571482] ✗ GET /api/bots/ - 404 (1ms)
2025-12-28 13:39:07 | DEBUG    | app.main             | log_requests         | [1339074612] GET /api/bots/
2025-12-28 13:39:07 | INFO     | app.main             | log_requests         | [1339074612] ✗ GET /api/bots/ - 404 (0ms)
2025-12-28 13:39:17 | DEBUG    | app.main             | log_requests         | [1339171495] GET /api/bots/
2025-12-28 13:39:17 | INFO     | app.main             | log_requests         | [1339171495] ✗ GET /api/bots/ - 404 (0ms)
2025-12-28 13:39:27 | DEBUG    | app.main             | log_requests         | [1339274518] GET /api/bots/
2025-12-28 13:39:27 | INFO     | app.main             | log_requests         | [1339274518] ✗ GET /api/bots/ - 404 (0ms)
2025-12-28 13:39:37 | DEBUG    | app.main             | log_requests         | [1339371514] GET /api/bots/
2025-12-28 13:39:37 | INFO     | app.main             | log_requests         | [1339371514] ✗ GET /api/bots/ - 404 (0ms)
2025-12-28 13:39:40 | DEBUG    | app.main             | log_requests         | [1339403716] GET /cgi-bin/luci/;stok=/locale
2025-12-28 13:39:40 | INFO     | app.main             | log_requests         | [1339403716] ✗ GET /cgi-bin/luci/;stok=/locale - 404 (0ms)
2025-12-28 13:39:47 | DEBUG    | app.main             | log_requests         | [1339474619] GET /api/bots/
2025-12-28 13:39:47 | INFO     | app.main             | log_requests         | [1339474619] ✗ GET /api/bots/ - 404 (0ms)
2025-12-28 13:39:57 | DEBUG    | app.main             | log_requests         | [1339571588] GET /api/bots/
2025-12-28 13:39:57 | INFO     | app.main             | log_requests         | [1339571588] ✗ GET /api/bots/ - 404 (0ms)
2025-12-28 13:40:07 | DEBUG    | app.main             | log_requests         | [1340074491] GET /api/bots/
2025-12-28 13:40:07 | INFO     | app.main             | log_requests         | [1340074491] ✗ GET /api/bots/ - 404 (0ms)
2025-12-28 13:40:17 | DEBUG    | app.main             | log_requests         | [1340171458] GET /api/bots/
2025-12-28 13:40:17 | INFO     | app.main             | log_requests         | [1340171458] ✗ GET /api/bots/ - 404 (0ms)
2025-12-28 13:40:27 | DEBUG    | app.main             | log_requests         | [1340274609] GET /api/bots/
2025-12-28 13:40:27 | INFO     | app.main             | log_requests         | [1340274609] ✗ GET /api/bots/ - 404 (0ms)
2025-12-28 13:40:37 | DEBUG    | app.main             | log_requests         | [1340371505] GET /api/bots/
2025-12-28 13:40:37 | INFO     | app.main             | log_requests         | [1340371505] ✗ GET /api/bots/ - 404 (0ms)
2025-12-28 13:40:47 | DEBUG    | app.main             | log_requests         | [1340474459] GET /api/bots/
2025-12-28 13:40:47 | INFO     | app.main             | log_requests         | [1340474459] ✗ GET /api/bots/ - 404 (0ms)
2025-12-28 13:40:57 | DEBUG    | app.main             | log_requests         | [1340571469] GET /api/bots/
2025-12-28 13:40:57 | INFO     | app.main             | log_requests         | [1340571469] ✗ GET /api/bots/ - 404 (0ms)
2025-12-28 13:41:07 | DEBUG    | app.main             | log_requests         | [1341074526] GET /api/bots/
2025-12-28 13:41:07 | INFO     | app.main             | log_requests         | [1341074526] ✗ GET /api/bots/ - 404 (0ms)
2025-12-28 13:41:17 | DEBUG    | app.main             | log_requests         | [1341171544] GET /api/bots/
2025-12-28 13:41:17 | INFO     | app.main             | log_requests         | [1341171544] ✗ GET /api/bots/ - 404 (0ms)
2025-12-28 13:41:27 | DEBUG    | app.main             | log_requests         | [1341274574] GET /api/bots/
2025-12-28 13:41:27 | INFO     | app.main             | log_requests         | [1341274574] ✗ GET /api/bots/ - 404 (0ms)
2025-12-28 13:41:37 | DEBUG    | app.main             | log_requests         | [1341371594] GET /api/bots/
2025-12-28 13:41:37 | INFO     | app.main             | log_requests         | [1341371594] ✗ GET /api/bots/ - 404 (0ms)
2025-12-28 13:41:44 | DEBUG    | app.main             | log_requests         | [1341443767] GET /json/
2025-12-28 13:41:44 | INFO     | app.main             | log_requests         | [1341443767] ✗ GET /json/ - 404 (0ms)
2025-12-28 13:41:47 | DEBUG    | app.main             | log_requests         | [1341474530] GET /api/bots/
2025-12-28 13:41:47 | INFO     | app.main             | log_requests         | [1341474530] ✗ GET /api/bots/ - 404 (0ms)
2025-12-28 13:41:57 | DEBUG    | app.main             | log_requests         | [1341571451] GET /api/bots/
2025-12-28 13:41:57 | INFO     | app.main             | log_requests         | [1341571451] ✗ GET /api/bots/ - 404 (0ms)
2025-12-28 13:42:07 | DEBUG    | app.main             | log_requests         | [1342074472] GET /api/bots/
2025-12-28 13:42:07 | INFO     | app.main             | log_requests         | [1342074472] ✗ GET /api/bots/ - 404 (0ms)
2025-12-28 13:42:17 | DEBUG    | app.main             | log_requests         | [1342171523] GET /api/bots/
2025-12-28 13:42:17 | INFO     | app.main             | log_requests         | [1342171523] ✗ GET /api/bots/ - 404 (0ms)
2025-12-28 13:42:27 | DEBUG    | app.main             | log_requests         | [1342274591] GET /api/bots/
2025-12-28 13:42:27 | INFO     | app.main             | log_requests         | [1342274591] ✗ GET /api/bots/ - 404 (0ms)
2025-12-28 13:42:37 | DEBUG    | app.main             | log_requests         | [1342371548] GET /api/bots/
2025-12-28 13:42:37 | INFO     | app.main             | log_requests         | [1342371548] ✗ GET /api/bots/ - 404 (0ms)
2025-12-28 13:42:47 | DEBUG    | app.main             | log_requests         | [1342474611] GET /api/bots/
2025-12-28 13:42:47 | INFO     | app.main             | log_requests         | [1342474611] ✗ GET /api/bots/ - 404 (0ms)
2025-12-28 13:42:57 | DEBUG    | app.main             | log_requests         | [1342571604] GET /api/bots/
2025-12-28 13:42:57 | INFO     | app.main             | log_requests         | [1342571604] ✗ GET /api/bots/ - 404 (0ms)
2025-12-28 13:43:07 | DEBUG    | app.main             | log_requests         | [1343074510] GET /api/bots/
2025-12-28 13:43:07 | INFO     | app.main             | log_requests         | [1343074510] ✗ GET /api/bots/ - 404 (0ms)
2025-12-28 13:43:17 | DEBUG    | app.main             | log_requests         | [1343171466] GET /api/bots/
2025-12-28 13:43:17 | INFO     | app.main             | log_requests         | [1343171466] ✗ GET /api/bots/ - 404 (0ms)
2025-12-28 13:43:27 | DEBUG    | app.main             | log_requests         | [1343274533] GET /api/bots/
2025-12-28 13:43:27 | INFO     | app.main             | log_requests         | [1343274533] ✗ GET /api/bots/ - 404 (0ms)
2025-12-28 13:43:37 | DEBUG    | app.main             | log_requests         | [1343371460] GET /api/bots/
2025-12-28 13:43:37 | INFO     | app.main             | log_requests         | [1343371460] ✗ GET /api/bots/ - 404 (0ms)
2025-12-28 13:43:47 | DEBUG    | app.main             | log_requests         | [1343474535] GET /api/bots/
2025-12-28 13:43:47 | INFO     | app.main             | log_requests         | [1343474535] ✗ GET /api/bots/ - 404 (0ms)
2025-12-28 13:43:57 | DEBUG    | app.main             | log_requests         | [1343571544] GET /api/bots/
2025-12-28 13:43:57 | INFO     | app.main             | log_requests         | [1343571544] ✗ GET /api/bots/ - 404 (0ms)
2025-12-28 13:44:07 | DEBUG    | app.main             | log_requests         | [1344074585] GET /api/bots/
2025-12-28 13:44:07 | INFO     | app.main             | log_requests         | [1344074585] ✗ GET /api/bots/ - 404 (0ms)
2025-12-28 13:44:15 | DEBUG    | app.main             | log_requests         | [1344150363] GET /
2025-12-28 13:44:15 | INFO     | app.main             | log_requests         | [1344150363] ✔ GET / - 200 (0ms)
2025-12-28 13:44:17 | DEBUG    | app.main             | log_requests         | [1344171505] GET /api/bots/
2025-12-28 13:44:17 | INFO     | app.main             | log_requests         | [1344171505] ✗ GET /api/bots/ - 404 (0ms)
2025-12-28 13:44:27 | DEBUG    | app.main             | log_requests         | [1344274526] GET /api/bots/
2025-12-28 13:44:27 | INFO     | app.main             | log_requests         | [1344274526] ✗ GET /api/bots/ - 404 (0ms)
2025-12-28 13:44:37 | DEBUG    | app.main             | log_requests         | [1344371562] GET /api/bots/
2025-12-28 13:44:37 | INFO     | app.main             | log_requests         | [1344371562] ✗ GET /api/bots/ - 404 (0ms)
2025-12-28 13:44:47 | DEBUG    | app.main             | log_requests         | [1344474472] GET /api/bots/
2025-12-28 13:44:47 | INFO     | app.main             | log_requests         | [1344474472] ✗ GET /api/bots/ - 404 (0ms)
2025-12-28 13:44:57 | DEBUG    | app.main             | log_requests         | [1344571567] GET /api/bots/
2025-12-28 13:44:57 | INFO     | app.main             | log_requests         | [1344571567] ✗ GET /api/bots/ - 404 (0ms)
2025-12-28 13:45:07 | DEBUG    | app.main             | log_requests         | [1345074573] GET /api/bots/
2025-12-28 13:45:07 | INFO     | app.main             | log_requests         | [1345074573] ✗ GET /api/bots/ - 404 (0ms)
2025-12-28 13:45:17 | DEBUG    | app.main             | log_requests         | [1345171488] GET /api/bots/
2025-12-28 13:45:17 | INFO     | app.main             | log_requests         | [1345171488] ✗ GET /api/bots/ - 404 (0ms)
2025-12-28 13:45:27 | DEBUG    | app.main             | log_requests         | [1345274502] GET /api/bots/
2025-12-28 13:45:27 | INFO     | app.main             | log_requests         | [1345274502] ✗ GET /api/bots/ - 404 (0ms)
2025-12-28 13:45:37 | DEBUG    | app.main             | log_requests         | [1345371553] GET /api/bots/
2025-12-28 13:45:37 | INFO     | app.main             | log_requests         | [1345371553] ✗ GET /api/bots/ - 404 (0ms)
2025-12-28 13:45:47 | DEBUG    | app.main             | log_requests         | [1345474553] GET /api/bots/
2025-12-28 13:45:47 | INFO     | app.main             | log_requests         | [1345474553] ✗ GET /api/bots/ - 404 (0ms)
2025-12-28 13:45:57 | DEBUG    | app.main             | log_requests         | [1345571486] GET /api/bots/
2025-12-28 13:45:57 | INFO     | app.main             | log_requests         | [1345571486] ✗ GET /api/bots/ - 404 (0ms)
2025-12-28 13:46:07 | DEBUG    | app.main             | log_requests         | [1346074706] GET /api/bots/
2025-12-28 13:46:07 | INFO     | app.main             | log_requests         | [1346074706] ✗ GET /api/bots/ - 404 (0ms)
2025-12-28 13:46:17 | DEBUG    | app.main             | log_requests         | [1346171479] GET /api/bots/
2025-12-28 13:46:17 | INFO     | app.main             | log_requests         | [1346171479] ✗ GET /api/bots/ - 404 (1ms)
2025-12-28 13:46:27 | DEBUG    | app.main             | log_requests         | [1346274530] GET /api/bots/
2025-12-28 13:46:27 | INFO     | app.main             | log_requests         | [1346274530] ✗ GET /api/bots/ - 404 (0ms)
2025-12-28 13:46:37 | DEBUG    | app.main             | log_requests         | [1346371459] GET /api/bots/
2025-12-28 13:46:37 | INFO     | app.main             | log_requests         | [1346371459] ✗ GET /api/bots/ - 404 (0ms)
2025-12-28 13:46:47 | DEBUG    | app.main             | log_requests         | [1346474504] GET /api/bots/
2025-12-28 13:46:47 | INFO     | app.main             | log_requests         | [1346474504] ✗ GET /api/bots/ - 404 (0ms)
2025-12-28 13:46:57 | DEBUG    | app.main             | log_requests         | [1346571509] GET /api/bots/
2025-12-28 13:46:57 | INFO     | app.main             | log_requests         | [1346571509] ✗ GET /api/bots/ - 404 (0ms)
2025-12-28 13:47:07 | DEBUG    | app.main             | log_requests         | [1347074574] GET /api/bots/
2025-12-28 13:47:07 | INFO     | app.main             | log_requests         | [1347074574] ✗ GET /api/bots/ - 404 (0ms)
2025-12-28 13:47:17 | DEBUG    | app.main             | log_requests         | [1347171463] GET /api/bots/
2025-12-28 13:47:17 | INFO     | app.main             | log_requests         | [1347171463] ✗ GET /api/bots/ - 404 (0ms)
2025-12-28 13:47:27 | DEBUG    | app.main             | log_requests         | [1347274477] GET /api/bots/
2025-12-28 13:47:27 | INFO     | app.main             | log_requests         | [1347274477] ✗ GET /api/bots/ - 404 (0ms)
2025-12-28 13:47:37 | DEBUG    | app.main             | log_requests         | [1347371474] GET /api/bots/
2025-12-28 13:47:37 | INFO     | app.main             | log_requests         | [1347371474] ✗ GET /api/bots/ - 404 (0ms)
2025-12-28 13:47:47 | DEBUG    | app.main             | log_requests         | [1347474601] GET /api/bots/
2025-12-28 13:47:47 | INFO     | app.main             | log_requests         | [1347474601] ✗ GET /api/bots/ - 404 (0ms)
2025-12-28 13:47:57 | DEBUG    | app.main             | log_requests         | [1347571475] GET /api/bots/
2025-12-28 13:47:57 | INFO     | app.main             | log_requests         | [1347571475] ✗ GET /api/bots/ - 404 (0ms)
2025-12-28 13:48:07 | DEBUG    | app.main             | log_requests         | [1348074571] GET /api/bots/
2025-12-28 13:48:07 | INFO     | app.main             | log_requests         | [1348074571] ✗ GET /api/bots/ - 404 (0ms)
2025-12-28 13:48:17 | DEBUG    | app.main             | log_requests         | [1348171481] GET /api/bots/
2025-12-28 13:48:17 | INFO     | app.main             | log_requests         | [1348171481] ✗ GET /api/bots/ - 404 (0ms)
2025-12-28 13:48:27 | DEBUG    | app.main             | log_requests         | [1348274489] GET /api/bots/
2025-12-28 13:48:27 | INFO     | app.main             | log_requests         | [1348274489] ✗ GET /api/bots/ - 404 (0ms)
2025-12-28 13:48:37 | DEBUG    | app.main             | log_requests         | [1348371582] GET /api/bots/
2025-12-28 13:48:37 | INFO     | app.main             | log_requests         | [1348371582] ✗ GET /api/bots/ - 404 (0ms)
2025-12-28 13:48:47 | DEBUG    | app.main             | log_requests         | [1348474510] GET /api/bots/
2025-12-28 13:48:47 | INFO     | app.main             | log_requests         | [1348474510] ✗ GET /api/bots/ - 404 (0ms)
2025-12-28 13:48:57 | DEBUG    | app.main             | log_requests         | [1348571464] GET /api/bots/
2025-12-28 13:48:57 | INFO     | app.main             | log_requests         | [1348571464] ✗ GET /api/bots/ - 404 (0ms)
2025-12-28 13:49:07 | DEBUG    | app.main             | log_requests         | [1349074509] GET /api/bots/
2025-12-28 13:49:07 | INFO     | app.main             | log_requests         | [1349074509] ✗ GET /api/bots/ - 404 (0ms)
2025-12-28 13:49:17 | DEBUG    | app.main             | log_requests         | [1349171482] GET /api/bots/
2025-12-28 13:49:17 | INFO     | app.main             | log_requests         | [1349171482] ✗ GET /api/bots/ - 404 (0ms)
2025-12-28 13:49:27 | DEBUG    | app.main             | log_requests         | [1349274586] GET /api/bots/
2025-12-28 13:49:27 | INFO     | app.main             | log_requests         | [1349274586] ✗ GET /api/bots/ - 404 (0ms)
2025-12-28 13:49:37 | DEBUG    | app.main             | log_requests         | [1349371473] GET /api/bots/
2025-12-28 13:49:37 | INFO     | app.main             | log_requests         | [1349371473] ✗ GET /api/bots/ - 404 (0ms)
2025-12-28 13:49:47 | DEBUG    | app.main             | log_requests         | [1349474498] GET /api/bots/
2025-12-28 13:49:47 | INFO     | app.main             | log_requests         | [1349474498] ✗ GET /api/bots/ - 404 (0ms)
2025-12-28 13:49:57 | DEBUG    | app.main             | log_requests         | [1349571498] GET /api/bots/
2025-12-28 13:49:57 | INFO     | app.main             | log_requests         | [1349571498] ✗ GET /api/bots/ - 404 (0ms)
2025-12-28 13:50:07 | DEBUG    | app.main             | log_requests         | [1350074564] GET /api/bots/
2025-12-28 13:50:07 | INFO     | app.main             | log_requests         | [1350074564] ✗ GET /api/bots/ - 404 (0ms)
2025-12-28 13:50:17 | DEBUG    | app.main             | log_requests         | [1350171501] GET /api/bots/
2025-12-28 13:50:17 | INFO     | app.main             | log_requests         | [1350171501] ✗ GET /api/bots/ - 404 (0ms)
2025-12-28 13:50:27 | DEBUG    | app.main             | log_requests         | [1350274545] GET /api/bots/
2025-12-28 13:50:27 | INFO     | app.main             | log_requests         | [1350274545] ✗ GET /api/bots/ - 404 (0ms)
2025-12-28 13:50:37 | DEBUG    | app.main             | log_requests         | [1350371483] GET /api/bots/
2025-12-28 13:50:37 | INFO     | app.main             | log_requests         | [1350371483] ✗ GET /api/bots/ - 404 (0ms)
2025-12-28 13:50:47 | DEBUG    | app.main             | log_requests         | [1350474611] GET /api/bots/
2025-12-28 13:50:47 | INFO     | app.main             | log_requests         | [1350474611] ✗ GET /api/bots/ - 404 (0ms)
2025-12-28 13:50:57 | DEBUG    | app.main             | log_requests         | [1350571483] GET /api/bots/
2025-12-28 13:50:57 | INFO     | app.main             | log_requests         | [1350571483] ✗ GET /api/bots/ - 404 (0ms)
2025-12-28 13:51:07 | DEBUG    | app.main             | log_requests         | [1351074593] GET /api/bots/
2025-12-28 13:51:07 | INFO     | app.main             | log_requests         | [1351074593] ✗ GET /api/bots/ - 404 (0ms)
2025-12-28 13:51:17 | DEBUG    | app.main             | log_requests         | [1351171479] GET /api/bots/
2025-12-28 13:51:17 | INFO     | app.main             | log_requests         | [1351171479] ✗ GET /api/bots/ - 404 (0ms)
2025-12-28 13:51:27 | DEBUG    | app.main             | log_requests         | [1351274478] GET /api/bots/
2025-12-28 13:51:27 | INFO     | app.main             | log_requests         | [1351274478] ✗ GET /api/bots/ - 404 (0ms)
2025-12-28 13:51:37 | DEBUG    | app.main             | log_requests         | [1351371572] GET /api/bots/
2025-12-28 13:51:37 | INFO     | app.main             | log_requests         | [1351371572] ✗ GET /api/bots/ - 404 (0ms)
2025-12-28 13:51:47 | DEBUG    | app.main             | log_requests         | [1351474556] GET /api/bots/
2025-12-28 13:51:47 | INFO     | app.main             | log_requests         | [1351474556] ✗ GET /api/bots/ - 404 (0ms)
2025-12-28 13:51:57 | DEBUG    | app.main             | log_requests         | [1351571468] GET /api/bots/
2025-12-28 13:51:57 | INFO     | app.main             | log_requests         | [1351571468] ✗ GET /api/bots/ - 404 (0ms)
2025-12-28 13:52:07 | DEBUG    | app.main             | log_requests         | [1352074588] GET /api/bots/
2025-12-28 13:52:07 | INFO     | app.main             | log_requests         | [1352074588] ✗ GET /api/bots/ - 404 (0ms)
2025-12-28 13:52:17 | DEBUG    | app.main             | log_requests         | [1352171551] GET /api/bots/
2025-12-28 13:52:17 | INFO     | app.main             | log_requests         | [1352171551] ✗ GET /api/bots/ - 404 (0ms)
2025-12-28 13:52:27 | DEBUG    | app.main             | log_requests         | [1352274500] GET /api/bots/
2025-12-28 13:52:27 | INFO     | app.main             | log_requests         | [1352274500] ✗ GET /api/bots/ - 404 (0ms)
2025-12-28 13:52:37 | DEBUG    | app.main             | log_requests         | [1352371459] GET /api/bots/
2025-12-28 13:52:37 | INFO     | app.main             | log_requests         | [1352371459] ✗ GET /api/bots/ - 404 (0ms)
2025-12-28 13:52:47 | DEBUG    | app.main             | log_requests         | [1352474503] GET /api/bots/
2025-12-28 13:52:47 | INFO     | app.main             | log_requests         | [1352474503] ✗ GET /api/bots/ - 404 (0ms)
2025-12-28 13:52:57 | DEBUG    | app.main             | log_requests         | [1352571489] GET /api/bots/
2025-12-28 13:52:57 | INFO     | app.main             | log_requests         | [1352571489] ✗ GET /api/bots/ - 404 (0ms)
2025-12-28 13:53:07 | DEBUG    | app.main             | log_requests         | [1353074493] GET /api/bots/
2025-12-28 13:53:07 | INFO     | app.main             | log_requests         | [1353074493] ✗ GET /api/bots/ - 404 (0ms)
2025-12-28 13:53:17 | DEBUG    | app.main             | log_requests         | [1353171529] GET /api/bots/
2025-12-28 13:53:17 | INFO     | app.main             | log_requests         | [1353171529] ✗ GET /api/bots/ - 404 (0ms)
2025-12-28 13:53:27 | DEBUG    | app.main             | log_requests         | [1353274535] GET /api/bots/
2025-12-28 13:53:27 | INFO     | app.main             | log_requests         | [1353274535] ✗ GET /api/bots/ - 404 (0ms)
2025-12-28 13:53:37 | DEBUG    | app.main             | log_requests         | [1353371463] GET /api/bots/
2025-12-28 13:53:37 | INFO     | app.main             | log_requests         | [1353371463] ✗ GET /api/bots/ - 404 (0ms)
2025-12-28 13:53:47 | DEBUG    | app.main             | log_requests         | [1353474465] GET /api/bots/
2025-12-28 13:53:47 | INFO     | app.main             | log_requests         | [1353474465] ✗ GET /api/bots/ - 404 (0ms)
2025-12-28 13:53:57 | DEBUG    | app.main             | log_requests         | [1353571519] GET /api/bots/
2025-12-28 13:53:57 | INFO     | app.main             | log_requests         | [1353571519] ✗ GET /api/bots/ - 404 (0ms)
2025-12-28 13:54:07 | DEBUG    | app.main             | log_requests         | [1354074588] GET /api/bots/
2025-12-28 13:54:07 | INFO     | app.main             | log_requests         | [1354074588] ✗ GET /api/bots/ - 404 (0ms)
2025-12-28 13:54:17 | DEBUG    | app.main             | log_requests         | [1354171470] GET /api/bots/
2025-12-28 13:54:17 | INFO     | app.main             | log_requests         | [1354171470] ✗ GET /api/bots/ - 404 (1ms)
2025-12-28 13:54:27 | DEBUG    | app.main             | log_requests         | [1354274596] GET /api/bots/
2025-12-28 13:54:27 | INFO     | app.main             | log_requests         | [1354274596] ✗ GET /api/bots/ - 404 (0ms)
2025-12-28 13:54:37 | DEBUG    | app.main             | log_requests         | [1354371545] GET /api/bots/
2025-12-28 13:54:37 | INFO     | app.main             | log_requests         | [1354371545] ✗ GET /api/bots/ - 404 (0ms)
2025-12-28 13:54:47 | DEBUG    | app.main             | log_requests         | [1354474580] GET /api/bots/
2025-12-28 13:54:47 | INFO     | app.main             | log_requests         | [1354474580] ✗ GET /api/bots/ - 404 (0ms)
2025-12-28 13:54:57 | DEBUG    | app.main             | log_requests         | [1354571484] GET /api/bots/
2025-12-28 13:54:57 | INFO     | app.main             | log_requests         | [1354571484] ✗ GET /api/bots/ - 404 (0ms)
2025-12-28 13:55:07 | DEBUG    | app.main             | log_requests         | [1355074625] GET /api/bots/
2025-12-28 13:55:07 | INFO     | app.main             | log_requests         | [1355074625] ✗ GET /api/bots/ - 404 (0ms)
2025-12-28 13:55:17 | DEBUG    | app.main             | log_requests         | [1355171554] GET /api/bots/
2025-12-28 13:55:17 | INFO     | app.main             | log_requests         | [1355171554] ✗ GET /api/bots/ - 404 (1ms)
2025-12-28 13:55:27 | DEBUG    | app.main             | log_requests         | [1355274550] GET /api/bots/
2025-12-28 13:55:27 | INFO     | app.main             | log_requests         | [1355274550] ✗ GET /api/bots/ - 404 (0ms)
2025-12-28 13:55:37 | DEBUG    | app.main             | log_requests         | [1355371508] GET /api/bots/
2025-12-28 13:55:37 | INFO     | app.main             | log_requests         | [1355371508] ✗ GET /api/bots/ - 404 (0ms)
2025-12-28 13:55:47 | DEBUG    | app.main             | log_requests         | [1355474679] GET /api/bots/
2025-12-28 13:55:47 | INFO     | app.main             | log_requests         | [1355474679] ✗ GET /api/bots/ - 404 (0ms)
2025-12-28 13:55:57 | DEBUG    | app.main             | log_requests         | [1355571595] GET /api/bots/
2025-12-28 13:55:57 | INFO     | app.main             | log_requests         | [1355571595] ✗ GET /api/bots/ - 404 (0ms)
2025-12-28 13:56:07 | DEBUG    | app.main             | log_requests         | [1356074481] GET /api/bots/
2025-12-28 13:56:07 | INFO     | app.main             | log_requests         | [1356074481] ✗ GET /api/bots/ - 404 (0ms)
2025-12-28 13:56:17 | DEBUG    | app.main             | log_requests         | [1356171529] GET /api/bots/
2025-12-28 13:56:17 | INFO     | app.main             | log_requests         | [1356171529] ✗ GET /api/bots/ - 404 (0ms)
2025-12-28 13:56:27 | DEBUG    | app.main             | log_requests         | [1356274508] GET /api/bots/
2025-12-28 13:56:27 | INFO     | app.main             | log_requests         | [1356274508] ✗ GET /api/bots/ - 404 (0ms)
2025-12-28 13:56:37 | DEBUG    | app.main             | log_requests         | [1356371534] GET /api/bots/
2025-12-28 13:56:37 | INFO     | app.main             | log_requests         | [1356371534] ✗ GET /api/bots/ - 404 (0ms)
2025-12-28 13:56:47 | DEBUG    | app.main             | log_requests         | [1356474556] GET /api/bots/
2025-12-28 13:56:47 | INFO     | app.main             | log_requests         | [1356474556] ✗ GET /api/bots/ - 404 (0ms)
2025-12-28 13:56:57 | DEBUG    | app.main             | log_requests         | [1356571456] GET /api/bots/
2025-12-28 13:56:57 | INFO     | app.main             | log_requests         | [1356571456] ✗ GET /api/bots/ - 404 (0ms)
2025-12-28 13:57:07 | DEBUG    | app.main             | log_requests         | [1357074567] GET /api/bots/
2025-12-28 13:57:07 | INFO     | app.main             | log_requests         | [1357074567] ✗ GET /api/bots/ - 404 (0ms)
2025-12-28 13:57:17 | DEBUG    | app.main             | log_requests         | [1357171462] GET /api/bots/
2025-12-28 13:57:17 | INFO     | app.main             | log_requests         | [1357171462] ✗ GET /api/bots/ - 404 (0ms)
2025-12-28 13:57:27 | DEBUG    | app.main             | log_requests         | [1357274601] GET /api/bots/
2025-12-28 13:57:27 | INFO     | app.main             | log_requests         | [1357274601] ✗ GET /api/bots/ - 404 (0ms)
2025-12-28 13:57:37 | DEBUG    | app.main             | log_requests         | [1357371559] GET /api/bots/
2025-12-28 13:57:37 | INFO     | app.main             | log_requests         | [1357371559] ✗ GET /api/bots/ - 404 (0ms)
2025-12-28 13:57:47 | DEBUG    | app.main             | log_requests         | [1357474508] GET /api/bots/
2025-12-28 13:57:47 | INFO     | app.main             | log_requests         | [1357474508] ✗ GET /api/bots/ - 404 (0ms)
2025-12-28 13:57:57 | DEBUG    | app.main             | log_requests         | [1357571607] GET /api/bots/
2025-12-28 13:57:57 | INFO     | app.main             | log_requests         | [1357571607] ✗ GET /api/bots/ - 404 (0ms)
2025-12-28 13:58:07 | DEBUG    | app.main             | log_requests         | [1358074535] GET /api/bots/
2025-12-28 13:58:07 | INFO     | app.main             | log_requests         | [1358074535] ✗ GET /api/bots/ - 404 (0ms)
2025-12-28 13:58:09 | DEBUG    | app.main             | log_requests         | [1358097679] GET /
2025-12-28 13:58:09 | INFO     | app.main             | log_requests         | [1358097679] ✔ GET / - 200 (0ms)
2025-12-28 13:58:17 | DEBUG    | app.main             | log_requests         | [1358171566] GET /api/bots/
2025-12-28 13:58:17 | INFO     | app.main             | log_requests         | [1358171566] ✗ GET /api/bots/ - 404 (0ms)
2025-12-28 13:58:27 | DEBUG    | app.main             | log_requests         | [1358274521] GET /api/bots/
2025-12-28 13:58:27 | INFO     | app.main             | log_requests         | [1358274521] ✗ GET /api/bots/ - 404 (0ms)
2025-12-28 13:58:37 | DEBUG    | app.main             | log_requests         | [1358371457] GET /api/bots/
2025-12-28 13:58:37 | INFO     | app.main             | log_requests         | [1358371457] ✗ GET /api/bots/ - 404 (4ms)
2025-12-28 13:58:47 | DEBUG    | app.main             | log_requests         | [1358474492] GET /api/bots/
2025-12-28 13:58:47 | INFO     | app.main             | log_requests         | [1358474492] ✗ GET /api/bots/ - 404 (0ms)
2025-12-28 13:58:57 | DEBUG    | app.main             | log_requests         | [1358571493] GET /api/bots/
2025-12-28 13:58:57 | INFO     | app.main             | log_requests         | [1358571493] ✗ GET /api/bots/ - 404 (0ms)
2025-12-28 13:59:07 | DEBUG    | app.main             | log_requests         | [1359074479] GET /api/bots/
2025-12-28 13:59:07 | INFO     | app.main             | log_requests         | [1359074479] ✗ GET /api/bots/ - 404 (0ms)
2025-12-28 13:59:17 | DEBUG    | app.main             | log_requests         | [1359171507] GET /api/bots/
2025-12-28 13:59:17 | INFO     | app.main             | log_requests         | [1359171507] ✗ GET /api/bots/ - 404 (0ms)
2025-12-28 13:59:26 | INFO     | app.main             | lifespan             | ============================================================
2025-12-28 13:59:26 | INFO     | app.main             | lifespan             | KOMAS TRADING SERVER - SHUTDOWN
2025-12-28 13:59:26 | INFO     | app.main             | lifespan             | ============================================================
2025-12-28 13:59:27 | WARNING  | app.main             | <module>             | ✗ Failed to load main routes: No module named 'app.api.routes'
2025-12-28 13:59:27 | INFO     | app.main             | <module>             | ✔ Loaded: optimizer routes
2025-12-28 13:59:27 | INFO     | app.main             | <module>             | ✔ Loaded: data routes
2025-12-28 13:59:27 | INFO     | app.main             | <module>             | ✔ Loaded: indicator routes
2025-12-28 13:59:27 | INFO     | app.main             | <module>             | ✔ Loaded: TRG preset routes
2025-12-28 13:59:27 | INFO     | app.main             | <module>             | ✔ Loaded: Dominant preset routes (/api/presets/*)
2025-12-28 13:59:28 | WARNING  | app.main             | <module>             | ✗ Failed to load main routes: No module named 'app.api.routes'
2025-12-28 13:59:28 | INFO     | app.main             | <module>             | ✔ Loaded: optimizer routes
2025-12-28 13:59:29 | INFO     | app.main             | <module>             | ✔ Loaded: data routes
2025-12-28 13:59:29 | INFO     | app.main             | <module>             | ✔ Loaded: indicator routes
2025-12-28 13:59:29 | INFO     | app.main             | <module>             | ✔ Loaded: TRG preset routes
2025-12-28 13:59:29 | INFO     | app.main             | <module>             | ✔ Loaded: Dominant preset routes (/api/presets/*)
2025-12-28 13:59:29 | INFO     | app.main             | <module>             | ✔ Loaded: Signal score routes (/api/signal-score/*)
2025-12-28 13:59:29 | INFO     | app.main             | <module>             | ✔ Loaded: Filter routes (/api/filters/*)
2025-12-28 13:59:29 | INFO     | app.main             | <module>             | ✔ Loaded: Preset Optimizer routes (/api/optimizer/*)
2025-12-28 13:59:29 | INFO     | app.main             | lifespan             | ============================================================
2025-12-28 13:59:29 | INFO     | app.main             | lifespan             | KOMAS TRADING SERVER v4.0 - STARTING
2025-12-28 13:59:29 | INFO     | app.main             | lifespan             | Log file: C:\Users\Administrator\Desktop\komass\backend\logs\komas_2025-12-28.log
2025-12-28 13:59:29 | INFO     | app.main             | lifespan             | Error log: C:\Users\Administrator\Desktop\komass\backend\logs\errors_2025-12-28.log
2025-12-28 13:59:29 | INFO     | app.main             | lifespan             | ============================================================
2025-12-28 13:59:30 | WARNING  | app.main             | <module>             | ✗ Failed to load main routes: No module named 'app.api.routes'
2025-12-28 13:59:30 | INFO     | app.main             | <module>             | ✔ Loaded: optimizer routes
2025-12-28 13:59:30 | INFO     | app.main             | <module>             | ✔ Loaded: data routes
2025-12-28 13:59:30 | INFO     | app.main             | <module>             | ✔ Loaded: indicator routes
2025-12-28 13:59:30 | INFO     | app.main             | <module>             | ✔ Loaded: TRG preset routes
2025-12-28 13:59:30 | INFO     | app.main             | <module>             | ✔ Loaded: Dominant preset routes (/api/presets/*)
2025-12-28 13:59:30 | INFO     | app.main             | <module>             | ✔ Loaded: Signal score routes (/api/signal-score/*)
2025-12-28 13:59:30 | INFO     | app.main             | <module>             | ✔ Loaded: Filter routes (/api/filters/*)
2025-12-28 13:59:30 | INFO     | app.main             | <module>             | ✔ Loaded: Preset Optimizer routes (/api/optimizer/*)
2025-12-28 13:59:30 | INFO     | app.main             | lifespan             | ============================================================
2025-12-28 13:59:30 | INFO     | app.main             | lifespan             | KOMAS TRADING SERVER v4.0 - STARTING
2025-12-28 13:59:30 | INFO     | app.main             | lifespan             | Log file: C:\Users\Administrator\Desktop\komass\backend\logs\komas_2025-12-28.log
2025-12-28 13:59:30 | INFO     | app.main             | lifespan             | Error log: C:\Users\Administrator\Desktop\komass\backend\logs\errors_2025-12-28.log
2025-12-28 13:59:30 | INFO     | app.main             | lifespan             | ============================================================
2025-12-28 13:59:31 | WARNING  | app.main             | <module>             | ✗ Failed to load main routes: No module named 'app.api.routes'
2025-12-28 13:59:31 | INFO     | app.main             | <module>             | ✔ Loaded: optimizer routes
2025-12-28 13:59:31 | INFO     | app.main             | <module>             | ✔ Loaded: data routes
2025-12-28 13:59:32 | INFO     | app.main             | <module>             | ✔ Loaded: indicator routes
2025-12-28 13:59:32 | INFO     | app.main             | <module>             | ✔ Loaded: TRG preset routes
2025-12-28 13:59:32 | INFO     | app.main             | <module>             | ✔ Loaded: Dominant preset routes (/api/presets/*)
2025-12-28 13:59:32 | INFO     | app.main             | <module>             | ✔ Loaded: Signal score routes (/api/signal-score/*)
2025-12-28 13:59:32 | INFO     | app.main             | <module>             | ✔ Loaded: Filter routes (/api/filters/*)
2025-12-28 13:59:32 | INFO     | app.main             | <module>             | ✔ Loaded: Preset Optimizer routes (/api/optimizer/*)
2025-12-28 13:59:32 | INFO     | app.main             | lifespan             | ============================================================
2025-12-28 13:59:32 | INFO     | app.main             | lifespan             | KOMAS TRADING SERVER v4.0 - STARTING
2025-12-28 13:59:32 | INFO     | app.main             | lifespan             | Log file: C:\Users\Administrator\Desktop\komass\backend\logs\komas_2025-12-28.log
2025-12-28 13:59:32 | INFO     | app.main             | lifespan             | Error log: C:\Users\Administrator\Desktop\komass\backend\logs\errors_2025-12-28.log
2025-12-28 13:59:32 | INFO     | app.main             | lifespan             | ============================================================
2025-12-28 13:59:32 | DEBUG    | app.main             | log_requests         | [1359322197] GET /api/bots/
2025-12-28 13:59:32 | INFO     | app.main             | log_requests         | [1359322197] ✗ GET /api/bots/ - 404 (1ms)
2025-12-28 13:59:36 | INFO     | app.main             | lifespan             | ============================================================
2025-12-28 13:59:36 | INFO     | app.main             | lifespan             | KOMAS TRADING SERVER - SHUTDOWN
2025-12-28 13:59:36 | INFO     | app.main             | lifespan             | ============================================================
2025-12-28 13:59:36 | WARNING  | app.main             | <module>             | ✗ Failed to load main routes: No module named 'app.api.routes'
2025-12-28 13:59:36 | INFO     | app.main             | <module>             | ✔ Loaded: optimizer routes
2025-12-28 13:59:37 | INFO     | app.main             | <module>             | ✔ Loaded: data routes
2025-12-28 13:59:37 | INFO     | app.main             | <module>             | ✔ Loaded: indicator routes
2025-12-28 13:59:37 | INFO     | app.main             | <module>             | ✔ Loaded: TRG preset routes
2025-12-28 13:59:37 | INFO     | app.main             | <module>             | ✔ Loaded: Dominant preset routes (/api/presets/*)
2025-12-28 13:59:37 | INFO     | app.main             | <module>             | ✔ Loaded: Signal score routes (/api/signal-score/*)
2025-12-28 13:59:37 | INFO     | app.main             | <module>             | ✔ Loaded: Filter routes (/api/filters/*)
2025-12-28 13:59:37 | INFO     | app.main             | <module>             | ✔ Loaded: Preset Optimizer routes (/api/optimizer/*)
2025-12-28 13:59:37 | INFO     | app.main             | lifespan             | ============================================================
2025-12-28 13:59:37 | INFO     | app.main             | lifespan             | KOMAS TRADING SERVER v4.0 - STARTING
2025-12-28 13:59:37 | INFO     | app.main             | lifespan             | Log file: C:\Users\Administrator\Desktop\komass\backend\logs\komas_2025-12-28.log
2025-12-28 13:59:37 | INFO     | app.main             | lifespan             | Error log: C:\Users\Administrator\Desktop\komass\backend\logs\errors_2025-12-28.log
2025-12-28 13:59:37 | INFO     | app.main             | lifespan             | ============================================================
2025-12-28 13:59:37 | DEBUG    | app.main             | log_requests         | [1359377116] GET /api/bots/
2025-12-28 13:59:37 | INFO     | app.main             | log_requests         | [1359377116] ✗ GET /api/bots/ - 404 (1ms)
2025-12-28 13:59:47 | DEBUG    | app.main             | log_requests         | [1359471474] GET /api/bots/
2025-12-28 13:59:47 | INFO     | app.main             | log_requests         | [1359471474] ✗ GET /api/bots/ - 404 (2ms)
2025-12-28 13:59:57 | DEBUG    | app.main             | log_requests         | [1359574487] GET /api/bots/
2025-12-28 13:59:57 | INFO     | app.main             | log_requests         | [1359574487] ✗ GET /api/bots/ - 404 (1ms)
2025-12-28 14:00:07 | DEBUG    | app.main             | log_requests         | [1400071484] GET /api/bots/
2025-12-28 14:00:07 | INFO     | app.main             | log_requests         | [1400071484] ✗ GET /api/bots/ - 404 (1ms)
2025-12-28 14:00:17 | DEBUG    | app.main             | log_requests         | [1400174488] GET /api/bots/
2025-12-28 14:00:17 | INFO     | app.main             | log_requests         | [1400174488] ✗ GET /api/bots/ - 404 (2ms)
2025-12-28 14:00:27 | DEBUG    | app.main             | log_requests         | [1400271475] GET /api/bots/
2025-12-28 14:00:27 | INFO     | app.main             | log_requests         | [1400271475] ✗ GET /api/bots/ - 404 (2ms)
2025-12-28 14:00:37 | DEBUG    | app.main             | log_requests         | [1400374486] GET /api/bots/
2025-12-28 14:00:37 | INFO     | app.main             | log_requests         | [1400374486] ✗ GET /api/bots/ - 404 (1ms)
2025-12-28 14:00:47 | DEBUG    | app.main             | log_requests         | [1400471466] GET /api/bots/
2025-12-28 14:00:47 | INFO     | app.main             | log_requests         | [1400471466] ✗ GET /api/bots/ - 404 (1ms)
2025-12-28 14:00:57 | DEBUG    | app.main             | log_requests         | [1400574507] GET /api/bots/
2025-12-28 14:00:57 | INFO     | app.main             | log_requests         | [1400574507] ✗ GET /api/bots/ - 404 (1ms)
2025-12-28 14:01:07 | DEBUG    | app.main             | log_requests         | [1401071473] GET /api/bots/
2025-12-28 14:01:07 | INFO     | app.main             | log_requests         | [1401071473] ✗ GET /api/bots/ - 404 (1ms)
2025-12-28 14:01:17 | DEBUG    | app.main             | log_requests         | [1401174566] GET /api/bots/
2025-12-28 14:01:17 | INFO     | app.main             | log_requests         | [1401174566] ✗ GET /api/bots/ - 404 (0ms)
2025-12-28 14:01:27 | DEBUG    | app.main             | log_requests         | [1401271589] GET /api/bots/
2025-12-28 14:01:27 | INFO     | app.main             | log_requests         | [1401271589] ✗ GET /api/bots/ - 404 (0ms)
2025-12-28 14:01:37 | DEBUG    | app.main             | log_requests         | [1401374478] GET /api/bots/
2025-12-28 14:01:37 | INFO     | app.main             | log_requests         | [1401374478] ✗ GET /api/bots/ - 404 (0ms)
2025-12-28 14:01:47 | DEBUG    | app.main             | log_requests         | [1401471521] GET /api/bots/
2025-12-28 14:01:47 | INFO     | app.main             | log_requests         | [1401471521] ✗ GET /api/bots/ - 404 (0ms)
2025-12-28 14:01:57 | DEBUG    | app.main             | log_requests         | [1401574475] GET /api/bots/
2025-12-28 14:01:57 | INFO     | app.main             | log_requests         | [1401574475] ✗ GET /api/bots/ - 404 (1ms)
2025-12-28 14:01:58 | INFO     | app.main             | lifespan             | ============================================================
2025-12-28 14:01:58 | INFO     | app.main             | lifespan             | KOMAS TRADING SERVER - SHUTDOWN
2025-12-28 14:01:58 | INFO     | app.main             | lifespan             | ============================================================
2025-12-28 14:01:59 | WARNING  | app.main             | <module>             | ✗ Failed to load main routes: No module named 'app.api.routes'
2025-12-28 14:01:59 | INFO     | app.main             | <module>             | ✔ Loaded: optimizer routes
2025-12-28 14:01:59 | INFO     | app.main             | <module>             | ✔ Loaded: data routes
2025-12-28 14:01:59 | INFO     | app.main             | <module>             | ✔ Loaded: indicator routes
2025-12-28 14:01:59 | INFO     | app.main             | <module>             | ✔ Loaded: TRG preset routes
2025-12-28 14:01:59 | INFO     | app.main             | <module>             | ✔ Loaded: Dominant preset routes (/api/presets/*)
2025-12-28 14:01:59 | INFO     | app.main             | <module>             | ✔ Loaded: Signal score routes (/api/signal-score/*)
2025-12-28 14:01:59 | INFO     | app.main             | <module>             | ✔ Loaded: Filter routes (/api/filters/*)
2025-12-28 14:01:59 | INFO     | app.main             | <module>             | ✔ Loaded: Preset Optimizer routes (/api/optimizer/*)
2025-12-28 14:01:59 | INFO     | app.main             | lifespan             | ============================================================
2025-12-28 14:01:59 | INFO     | app.main             | lifespan             | KOMAS TRADING SERVER v4.0 - STARTING
2025-12-28 14:01:59 | INFO     | app.main             | lifespan             | Log file: C:\Users\Administrator\Desktop\komass\backend\logs\komas_2025-12-28.log
2025-12-28 14:01:59 | INFO     | app.main             | lifespan             | Error log: C:\Users\Administrator\Desktop\komass\backend\logs\errors_2025-12-28.log
2025-12-28 14:01:59 | INFO     | app.main             | lifespan             | ============================================================
2025-12-28 14:02:00 | WARNING  | app.main             | <module>             | ✗ Failed to load main routes: No module named 'app.api.routes'
2025-12-28 14:02:00 | INFO     | app.main             | <module>             | ✔ Loaded: optimizer routes
2025-12-28 14:02:00 | INFO     | app.main             | <module>             | ✔ Loaded: data routes
2025-12-28 14:02:00 | INFO     | app.main             | <module>             | ✔ Loaded: indicator routes
2025-12-28 14:02:00 | INFO     | app.main             | <module>             | ✔ Loaded: TRG preset routes
2025-12-28 14:02:00 | INFO     | app.main             | <module>             | ✔ Loaded: Dominant preset routes (/api/presets/*)
2025-12-28 14:02:00 | INFO     | app.main             | <module>             | ✔ Loaded: Signal score routes (/api/signal-score/*)
2025-12-28 14:02:00 | INFO     | app.main             | <module>             | ✔ Loaded: Filter routes (/api/filters/*)
2025-12-28 14:02:00 | INFO     | app.main             | <module>             | ✔ Loaded: Preset Optimizer routes (/api/optimizer/*)
2025-12-28 14:02:00 | INFO     | app.main             | lifespan             | ============================================================
2025-12-28 14:02:00 | INFO     | app.main             | lifespan             | KOMAS TRADING SERVER v4.0 - STARTING
2025-12-28 14:02:00 | INFO     | app.main             | lifespan             | Log file: C:\Users\Administrator\Desktop\komass\backend\logs\komas_2025-12-28.log
2025-12-28 14:02:00 | INFO     | app.main             | lifespan             | Error log: C:\Users\Administrator\Desktop\komass\backend\logs\errors_2025-12-28.log
2025-12-28 14:02:00 | INFO     | app.main             | lifespan             | ============================================================
2025-12-28 14:02:01 | WARNING  | app.main             | <module>             | ✗ Failed to load main routes: No module named 'app.api.routes'
2025-12-28 14:02:01 | INFO     | app.main             | <module>             | ✔ Loaded: optimizer routes
2025-12-28 14:02:02 | INFO     | app.main             | <module>             | ✔ Loaded: data routes
2025-12-28 14:02:02 | INFO     | app.main             | <module>             | ✔ Loaded: indicator routes
2025-12-28 14:02:02 | INFO     | app.main             | <module>             | ✔ Loaded: TRG preset routes
2025-12-28 14:02:02 | INFO     | app.main             | <module>             | ✔ Loaded: Dominant preset routes (/api/presets/*)
2025-12-28 14:02:02 | INFO     | app.main             | <module>             | ✔ Loaded: Signal score routes (/api/signal-score/*)
2025-12-28 14:02:02 | INFO     | app.main             | <module>             | ✔ Loaded: Filter routes (/api/filters/*)
2025-12-28 14:02:02 | INFO     | app.main             | <module>             | ✔ Loaded: Preset Optimizer routes (/api/optimizer/*)
2025-12-28 14:02:02 | INFO     | app.main             | lifespan             | ============================================================
2025-12-28 14:02:02 | INFO     | app.main             | lifespan             | KOMAS TRADING SERVER v4.0 - STARTING
2025-12-28 14:02:02 | INFO     | app.main             | lifespan             | Log file: C:\Users\Administrator\Desktop\komass\backend\logs\komas_2025-12-28.log
2025-12-28 14:02:02 | INFO     | app.main             | lifespan             | Error log: C:\Users\Administrator\Desktop\komass\backend\logs\errors_2025-12-28.log
2025-12-28 14:02:02 | INFO     | app.main             | lifespan             | ============================================================
2025-12-28 14:02:03 | WARNING  | app.main             | <module>             | ✗ Failed to load main routes: No module named 'app.api.routes'
2025-12-28 14:02:03 | INFO     | app.main             | <module>             | ✔ Loaded: optimizer routes
2025-12-28 14:02:03 | INFO     | app.main             | <module>             | ✔ Loaded: data routes
2025-12-28 14:02:03 | INFO     | app.main             | <module>             | ✔ Loaded: indicator routes
2025-12-28 14:02:03 | INFO     | app.main             | <module>             | ✔ Loaded: TRG preset routes
2025-12-28 14:02:03 | INFO     | app.main             | <module>             | ✔ Loaded: Dominant preset routes (/api/presets/*)
2025-12-28 14:02:03 | INFO     | app.main             | <module>             | ✔ Loaded: Signal score routes (/api/signal-score/*)
2025-12-28 14:02:03 | INFO     | app.main             | <module>             | ✔ Loaded: Filter routes (/api/filters/*)
2025-12-28 14:02:03 | INFO     | app.main             | <module>             | ✔ Loaded: Preset Optimizer routes (/api/optimizer/*)
2025-12-28 14:02:03 | INFO     | app.main             | lifespan             | ============================================================
2025-12-28 14:02:03 | INFO     | app.main             | lifespan             | KOMAS TRADING SERVER v4.0 - STARTING
2025-12-28 14:02:03 | INFO     | app.main             | lifespan             | Log file: C:\Users\Administrator\Desktop\komass\backend\logs\komas_2025-12-28.log
2025-12-28 14:02:03 | INFO     | app.main             | lifespan             | Error log: C:\Users\Administrator\Desktop\komass\backend\logs\errors_2025-12-28.log
2025-12-28 14:02:03 | INFO     | app.main             | lifespan             | ============================================================
2025-12-28 14:02:07 | DEBUG    | app.main             | log_requests         | [1402074532] GET /api/bots/
2025-12-28 14:02:07 | INFO     | app.main             | log_requests         | [1402074532] ✗ GET /api/bots/ - 404 (0ms)
2025-12-28 14:02:17 | DEBUG    | app.main             | log_requests         | [1402171471] GET /api/bots/
2025-12-28 14:02:17 | INFO     | app.main             | log_requests         | [1402171471] ✗ GET /api/bots/ - 404 (1ms)
2025-12-28 14:02:27 | DEBUG    | app.main             | log_requests         | [1402274487] GET /api/bots/
2025-12-28 14:02:27 | INFO     | app.main             | log_requests         | [1402274487] ✗ GET /api/bots/ - 404 (1ms)
2025-12-28 14:02:37 | DEBUG    | app.main             | log_requests         | [1402371469] GET /api/bots/
2025-12-28 14:02:37 | INFO     | app.main             | log_requests         | [1402371469] ✗ GET /api/bots/ - 404 (0ms)
2025-12-28 14:02:47 | DEBUG    | app.main             | log_requests         | [1402474492] GET /api/bots/
2025-12-28 14:02:47 | INFO     | app.main             | log_requests         | [1402474492] ✗ GET /api/bots/ - 404 (2ms)
2025-12-28 14:02:57 | DEBUG    | app.main             | log_requests         | [1402571519] GET /api/bots/
2025-12-28 14:02:57 | INFO     | app.main             | log_requests         | [1402571519] ✗ GET /api/bots/ - 404 (0ms)
2025-12-28 14:03:07 | DEBUG    | app.main             | log_requests         | [1403074499] GET /api/bots/
2025-12-28 14:03:07 | INFO     | app.main             | log_requests         | [1403074499] ✗ GET /api/bots/ - 404 (0ms)
2025-12-28 14:03:17 | DEBUG    | app.main             | log_requests         | [1403171525] GET /api/bots/
2025-12-28 14:03:17 | INFO     | app.main             | log_requests         | [1403171525] ✗ GET /api/bots/ - 404 (0ms)
2025-12-28 14:03:27 | DEBUG    | app.main             | log_requests         | [1403274473] GET /api/bots/
2025-12-28 14:03:27 | INFO     | app.main             | log_requests         | [1403274473] ✗ GET /api/bots/ - 404 (0ms)
2025-12-28 14:03:37 | DEBUG    | app.main             | log_requests         | [1403371573] GET /api/bots/
2025-12-28 14:03:37 | INFO     | app.main             | log_requests         | [1403371573] ✗ GET /api/bots/ - 404 (0ms)
2025-12-28 14:03:47 | DEBUG    | app.main             | log_requests         | [1403474482] GET /api/bots/
2025-12-28 14:03:47 | INFO     | app.main             | log_requests         | [1403474482] ✗ GET /api/bots/ - 404 (0ms)
2025-12-28 14:03:57 | DEBUG    | app.main             | log_requests         | [1403571522] GET /api/bots/
2025-12-28 14:03:57 | INFO     | app.main             | log_requests         | [1403571522] ✗ GET /api/bots/ - 404 (0ms)
2025-12-28 14:04:07 | DEBUG    | app.main             | log_requests         | [1404074497] GET /api/bots/
2025-12-28 14:04:07 | INFO     | app.main             | log_requests         | [1404074497] ✗ GET /api/bots/ - 404 (0ms)
2025-12-28 14:04:17 | DEBUG    | app.main             | log_requests         | [1404171581] GET /api/bots/
2025-12-28 14:04:17 | INFO     | app.main             | log_requests         | [1404171581] ✗ GET /api/bots/ - 404 (0ms)
2025-12-28 14:04:27 | DEBUG    | app.main             | log_requests         | [1404274525] GET /api/bots/
2025-12-28 14:04:27 | INFO     | app.main             | log_requests         | [1404274525] ✗ GET /api/bots/ - 404 (0ms)
2025-12-28 14:04:37 | DEBUG    | app.main             | log_requests         | [1404371518] GET /api/bots/
2025-12-28 14:04:37 | INFO     | app.main             | log_requests         | [1404371518] ✗ GET /api/bots/ - 404 (0ms)
